f0,f1,f2,f3,f4,f5,f6,f7,f8,f9,f10,f11,f12,f13,f14,f15,f16,f17,f18,f19,f20,f21,f22,f23,f24,f25,f26,f27,f28,f29,f30,f31,f32,f33,f34,f35,f36,f37,f38,f39,f40,f41,f42,f43,f44,f45,f46,f47,f48,f49,f50,f51,f52,f53,f54,f55,f56,f57,f58,f59,f60,f61,f62,label
0.0,0.0,0.0,-0.33979368,-0.0618388,-0.16687332,-0.614265,-0.5499119,-0.19461751,-0.7013438,-1.0250729,-0.2089684,-0.72038263,-1.341848,-0.183423,-0.45423657,-0.9556486,-0.017386407,-0.42031208,-1.2546328,-0.1617681,-0.35785636,-0.86960715,-0.20309733,-0.37423214,-0.79440373,-0.21331719,-0.2243317,-0.97449684,0.005577032,-0.19028845,-1.2493811,-0.15498818,-0.167062,-0.7699027,-0.1629074,-0.2241577,-0.7594218,-0.12734292,-0.011735615,-0.97096694,-0.01122866,0.026938133,-1.2272316,-0.19047655,0.016397474,-0.77563995,-0.122322276,-0.039541613,-0.7291251,-0.03403459,0.19830944,-0.9657544,-0.04261196,0.22400756,-1.1617829,-0.13811323,0.20510355,-0.84469086,-0.080067016,0.17163351,-0.7612074,-0.013484718,A
0.0,0.0,0.0,-0.2198566,-0.18242395,-0.067819156,-0.33408242,-0.49762332,-0.10450559,-0.20492236,-0.75203335,-0.14091171,-0.0099142855,-0.7069931,-0.1761582,-0.29726616,-0.93174875,0.008011849,-0.30530328,-1.2379428,-0.024304202,-0.2929886,-1.4243492,-0.08860983,-0.28002506,-1.606681,-0.15367357,-0.16693926,-0.98590535,-0.011039283,-0.18869117,-1.338182,-0.025447333,-0.18545228,-1.5442969,-0.069365904,-0.19657235,-1.7657408,-0.11597135,-0.04490174,-0.9425321,-0.045344025,-0.058274068,-1.2765548,-0.06039992,-0.073805526,-1.4807321,-0.08765847,-0.09044217,-1.664674,-0.12015536,0.09900862,-0.8312735,-0.09383108,0.079004526,-1.110337,-0.11294866,0.061331164,-1.2776152,-0.12109593,0.042676866,-1.4259382,-0.13631652,B
0.0,0.0,0.0,-0.2853932,-0.14047746,-0.010397644,-0.5043321,-0.33412337,-0.05238396,-0.71409726,-0.44127306,-0.12645833,-0.9225774,-0.50298667,-0.19890748,-0.36538213,-0.91134304,0.14803238,-0.49331588,-1.1819906,0.07271973,-0.62231696,-1.2383299,-0.031501174,-0.75451934,-1.2317871,-0.10417903,-0.26585463,-0.9607231,0.07957717,-0.39331776,-1.3044368,0.0030536815,-0.542435,-1.3504579,-0.09890765,-0.6870723,-1.2750503,-0.16583748,-0.16161336,-0.96525395,-0.0113484375,-0.25634888,-1.3288434,-0.069465935,-0.4229007,-1.3982108,-0.12738511,-0.57857656,-1.3394381,-0.16200532,-0.060378868,-0.9203579,-0.11170064,-0.16951883,-1.2068617,-0.1499708,-0.3135616,-1.3063854,-0.17599116,-0.45651177,-1.3073807,-0.19310254,C
0.0,0.0,0.0,-0.214955,-0.18588105,-0.14105955,-0.3593974,-0.45548356,-0.22528577,-0.22385606,-0.65471244,-0.30488962,-0.0049134195,-0.6812412,-0.3797116,-0.19952664,-1.0030435,-0.13276184,-0.23002435,-1.4410114,-0.22932158,-0.22659844,-1.6829697,-0.29861078,-0.22077958,-1.9024714,-0.35752305,0.017347112,-0.9909591,-0.13303834,0.10828651,-1.268234,-0.2907985,0.08870047,-0.95620817,-0.33175308,0.03268475,-0.7083998,-0.3250336,0.19335356,-0.9073745,-0.15046898,0.29019934,-1.1610398,-0.3011709,0.23769568,-0.9028362,-0.29046,0.15976954,-0.67455125,-0.24214835,0.3314259,-0.770399,-0.18131316,0.42663264,-1.0091407,-0.2909539,0.37899557,-0.88868946,-0.28421584,0.29893425,-0.72899204,-0.25226086,D
0.0,0.0,0.0,-0.29258937,-0.10701953,-0.10208154,-0.5083832,-0.35541815,-0.17686947,-0.40743074,-0.5608365,-0.26079124,-0.16669773,-0.5695656,-0.32580936,-0.41510656,-0.9146918,-0.06516185,-0.43139255,-1.2659912,-0.21855906,-0.4084894,-0.96235985,-0.3082171,-0.39107424,-0.7400849,-0.35102788,-0.21780528,-0.97193515,-0.08889833,-0.22191475,-1.353091,-0.24298626,-0.21167475,-0.98261774,-0.27971613,-0.22070275,-0.75724095,-0.26881936,-0.03109924,-0.96796954,-0.13849774,-0.014836082,-1.3616594,-0.26756102,-0.030514305,-1.0260986,-0.24007288,-0.06028186,-0.7753307,-0.18602684,0.1452483,-0.8941843,-0.20149222,0.16490927,-1.1986971,-0.28249443,0.120717056,-0.99121046,-0.2577939,0.075914145,-0.7971009,-0.2185093,E
0.0,0.0,0.0,-0.18288745,-0.08913305,-0.11587118,-0.3511612,-0.28671408,-0.19682957,-0.48186135,-0.44230306,-0.27427268,-0.5475956,-0.64248663,-0.34288305,-0.3364586,-0.83658457,-0.06478121,-0.42962313,-0.9479682,-0.23753774,-0.46187785,-0.8763633,-0.38477036,-0.4517131,-0.7745208,-0.4608398,-0.19786745,-0.97665113,-0.08367245,-0.25725994,-1.3930209,-0.18185802,-0.28565294,-1.6620926,-0.25954962,-0.30078346,-1.8953018,-0.30860263,-0.033836097,-0.97673714,-0.13272405,0.018259155,-1.3683584,-0.23679413,0.05628065,-1.6080871,-0.2955389,0.069533646,-1.8290572,-0.3243261,0.12658903,-0.8530215,-0.19304356,0.22758488,-1.1384739,-0.2603659,0.28532755,-1.3267794,-0.26524052,0.32175526,-1.5072771,-0.26093772,F
0.0,0.0,0.0,-0.20799506,-0.3209756,0.021942018,-0.42280772,-0.58924395,-0.025040539,-0.60153013,-0.68053144,-0.084564015,-0.7126785,-0.67380214,-0.14526007,-0.39401025,-1.0180805,-0.075741336,-0.74698126,-1.0156945,-0.17928596,-0.9615615,-1.0201749,-0.25697535,-1.1407611,-1.0301658,-0.31808156,-0.3280207,-0.9329833,-0.1481374,-0.73753965,-0.6417842,-0.23413688,-0.6338945,-0.50408316,-0.23979257,-0.51239115,-0.52672094,-0.25284535,-0.28512967,-0.74528354,-0.2221799,-0.6663258,-0.40248445,-0.27648616,-0.55902636,-0.30266005,-0.227368,-0.4507792,-0.36906067,-0.20869333,-0.25688362,-0.5091745,-0.30016863,-0.5732758,-0.24049282,-0.3363828,-0.49240783,-0.16519375,-0.29934755,-0.39657715,-0.20621537,-0.27704078,G
0.0,0.0,0.0,-0.18424156,-0.36411127,0.012483584,-0.41434583,-0.64119124,-0.04248742,-0.66954255,-0.70282435,-0.11335592,-0.8546974,-0.6889519,-0.19344303,-0.39643654,-1.05508,-0.105145775,-0.7699071,-1.1036438,-0.22904342,-0.9961051,-1.1161112,-0.32169378,-1.1929909,-1.1228162,-0.3824824,-0.3465735,-0.92079425,-0.1789545,-0.798516,-0.89216226,-0.29707238,-1.0791038,-0.8744498,-0.36294347,-1.30581,-0.86721534,-0.41101822,-0.3204381,-0.68874675,-0.2479904,-0.7475137,-0.45820254,-0.3427213,-0.6958508,-0.32712302,-0.32659298,-0.5956915,-0.3016849,-0.30581737,-0.32927236,-0.41386208,-0.31775633,-0.65720075,-0.24621393,-0.37626287,-0.6190323,-0.17349464,-0.34185094,-0.5241566,-0.18619663,-0.307817,H
0.0,0.0,0.0,-0.31237224,-0.15522969,-0.072345585,-0.528453,-0.45565945,-0.1372361,-0.46371153,-0.7970164,-0.18954095,-0.228918,-0.90712345,-0.21037787,-0.41393095,-0.8110617,-0.18328728,-0.44385976,-1.0386971,-0.3263451,-0.38073307,-0.80354327,-0.37911355,-0.33581695,-0.6224391,-0.40557256,-0.24761617,-0.9538762,-0.1697248,-0.30280015,-1.2232014,-0.27947375,-0.24238746,-0.80422187,-0.25093865,-0.2892866,-0.7942106,-0.23864622,-0.097789876,-1.0407904,-0.16489874,-0.14063732,-1.3655698,-0.24280316,-0.117289826,-0.9894098,-0.1251696,-0.09290327,-0.73114663,-0.05076712,0.08270744,-1.0699174,-0.1724978,0.07879062,-1.5055888,-0.27165252,0.06873,-1.7570829,-0.28382382,0.029876847,-2.0215065,-0.29314426,I
0.0,0.0,0.0,-0.27821794,0.09635434,-0.34557125,-0.6033162,0.13395907,-0.5803908,-0.69821143,0.226245,-0.750893,-0.4415147,0.27089337,-0.8766606,-0.46584475,-0.8115602,-0.5335695,-0.43125397,-0.055510048,-0.7394024,-0.39394388,0.14586416,-0.8128432,-0.3576996,-0.0123309,-0.8659305,-0.10455856,-0.8803674,-0.4626239,-0.046364337,0.10936076,-0.6575557,-0.101597995,0.20344633,-0.6654717,-0.14364976,-0.055498328,-0.67156243,0.22529407,-0.79870903,-0.4117947,0.2474856,0.14244033,-0.5910109,0.10521975,0.22477254,-0.503504,0.015475723,0.008233514,-0.4308453,0.49212617,-0.64629644,-0.40079865,0.47594923,0.0062854155,-0.5587765,0.3594068,0.09252618,-0.54747546,0.28886053,-0.05134983,-0.51352483,YES
0.0,0.0,0.0,-0.2669453,-0.048838403,-0.13121448,-0.5174168,-0.24553609,-0.18974067,-0.68906856,-0.4502467,-0.23499972,-0.83810717,-0.62757653,-0.2734322,-0.46180925,-0.8487175,-0.07757708,-0.5824124,-1.2099364,-0.14957014,-0.6339381,-1.4339448,-0.21422316,-0.66177857,-1.6330634,-0.26349363,-0.29680037,-0.9517742,-0.07768848,-0.3808192,-1.3703241,-0.13141067,-0.41909322,-1.6338189,-0.18753225,-0.44758663,-1.8541946,-0.23174247,-0.12901694,-0.9624288,-0.0996565,-0.18010719,-1.3506354,-0.16902252,-0.21057597,-1.5971667,-0.22274177,-0.24118204,-1.8146111,-0.26394105,0.046434745,-0.9001657,-0.13503456,0.08721549,-1.1778847,-0.20499189,0.11529417,-1.3703948,-0.24015589,0.13615449,-1.5566435,-0.26495343,HELLO
0.0,0.0,0.0,-0.25591382,-0.24123015,-0.16964716,-0.43613935,-0.6424433,-0.28061232,-0.5675971,-0.9913923,-0.3906662,-0.66708064,-1.2904211,-0.49414822,-0.081901036,-1.0715741,-0.17972592,0.030934723,-1.4950466,-0.32726115,0.118627496,-1.7683141,-0.40091693,0.20639452,-1.9996984,-0.4450626,0.10030364,-0.97934383,-0.17557009,0.21811777,-1.0936968,-0.44354665,0.09028728,-0.7473693,-0.5089375,-0.02209145,-0.55821633,-0.48967665,0.2692995,-0.8552324,-0.19122802,0.3905972,-0.9547436,-0.4463098,0.24937987,-0.6728735,-0.42820022,0.1086342,-0.5327392,-0.34385395,0.4194231,-0.7140051,-0.21806797,0.5633688,-0.98444873,-0.38074487,0.6492152,-1.1597661,-0.38781884,0.71714246,-1.3757727,-0.3517481,ILOVEYOU
0.0,0.0,0.0,-0.35392803,-0.09312721,-0.16427262,-0.61611366,-0.48618537,-0.20483693,-0.7027671,-0.9626987,-0.2401788,-0.6958472,-1.2976367,-0.2368537,-0.467697,-0.92427546,0.045230236,-0.45445198,-1.2372313,-0.115637325,-0.40263224,-0.870862,-0.17390005,-0.4003182,-0.73050857,-0.18465029,-0.24963272,-0.96618074,0.06464039,-0.23483725,-1.2609715,-0.116446234,-0.22004975,-0.7826815,-0.13613738,-0.2552788,-0.69025886,-0.09513921,-0.051147614,-0.9679768,0.03791597,-0.013184161,-1.2385865,-0.17458463,-0.031437058,-0.777883,-0.11808049,-0.07069222,-0.6476209,-0.015254561,0.15402651,-0.9383313,-0.0022615516,0.17797537,-1.1775019,-0.121671095,0.15065789,-0.861621,-0.069314495,0.10925131,-0.7245394,0.0073360247,A
0.0,0.0,0.0,-0.20559883,-0.190423,-0.0877759,-0.3211699,-0.49514318,-0.13807945,-0.19699754,-0.7341848,-0.18666606,-0.008363167,-0.79980385,-0.23515767,-0.32222787,-0.92160505,-0.040353946,-0.3387348,-1.2760918,-0.10413365,-0.32695875,-1.4966631,-0.17745344,-0.30693612,-1.6992735,-0.24023551,-0.17792426,-0.982304,-0.058496818,-0.2058815,-1.3741837,-0.102524556,-0.2086616,-1.6239821,-0.16822909,-0.21129464,-1.8561387,-0.22499493,-0.03173027,-0.9540384,-0.091623634,-0.057864554,-1.3279052,-0.13275354,-0.07159897,-1.5640669,-0.18272471,-0.08873314,-1.776677,-0.2262413,0.12687384,-0.8514674,-0.13773625,0.10685122,-1.140639,-0.17523132,0.082631685,-1.3223963,-0.19462684,0.055587012,-1.4833126,-0.21448784,B
0.0,0.0,0.0,-0.29524934,-0.18360871,-0.038073115,-0.5257092,-0.41290545,-0.09202891,-0.74574304,-0.5522822,-0.17666319,-0.9590694,-0.64203906,-0.25767973,-0.36977082,-0.909837,0.13989626,-0.5225579,-1.1834224,0.038791962,-0.66489553,-1.1984481,-0.0880518,-0.7977313,-1.1461418,-0.17293455,-0.2774666,-0.95688283,0.08595069,-0.4457726,-1.2847202,-0.034622278,-0.61452794,-1.2804855,-0.1733183,-0.7523704,-1.1615961,-0.25670284,-0.17365079,-0.9607284,0.007973104,-0.3212465,-1.3020118,-0.08262197,-0.5063146,-1.3040634,-0.15863316,-0.6510164,-1.1903678,-0.194652,-0.06100046,-0.9167943,-0.0797298,-0.20600276,-1.2140288,-0.12892832,-0.36798304,-1.2640129,-0.1574971,-0.5059316,-1.2114763,-0.17202304,C
0.0,0.0,0.0,-0.2624001,-0.22017495,-0.0997849,-0.42318863,-0.49192813,-0.15646423,-0.33463493,-0.7091991,-0.2137772,-0.15156047,-0.74231267,-0.2676849,-0.27064493,-1.0095545,-0.08789429,-0.29345253,-1.4367547,-0.18232504,-0.29364425,-1.671725,-0.2600303,-0.28867552,-1.8988932,-0.32671517,-0.072899565,-0.9916798,-0.106098264,-0.04626015,-1.2971064,-0.2519203,-0.06610837,-0.9515625,-0.29142183,-0.08370745,-0.7093432,-0.28834417,0.10242338,-0.91013646,-0.13886732,0.13643573,-1.1750737,-0.2698407,0.07536675,-0.872217,-0.24345082,0.03628639,-0.6459429,-0.19129582,0.26203468,-0.76373327,-0.1837968,0.3093965,-1.0304325,-0.26508442,0.24041577,-0.8636664,-0.234535,0.18777505,-0.6910353,-0.19293939,D
0.0,0.0,0.0,-0.28619257,-0.12128497,-0.08344937,-0.50845706,-0.4165926,-0.13862543,-0.42798588,-0.6622655,-0.2089764,-0.1842835,-0.6233141,-0.26476708,-0.36631674,-0.9201186,-0.0071954005,-0.38502997,-1.2424237,-0.13380092,-0.34723288,-0.9731663,-0.218511,-0.31779933,-0.7391691,-0.26032966,-0.18709795,-0.9818613,-0.030702947,-0.20488504,-1.3183953,-0.1663473,-0.175641,-0.9885164,-0.21124414,-0.16375095,-0.7376774,-0.20382594,-0.01007723,-0.98246807,-0.07919373,-0.0077698063,-1.3445851,-0.19588341,0.00095068204,-1.0478753,-0.18459144,-0.0051082075,-0.785854,-0.13758834,0.16204531,-0.9110019,-0.13995594,0.16841178,-1.2007828,-0.21292754,0.15337856,-1.0336664,-0.19696435,0.13842832,-0.84687257,-0.16135447,E
0.0,0.0,0.0,-0.216648,-0.06285689,-0.10883413,-0.4207933,-0.23218106,-0.20090064,-0.45980364,-0.41639674,-0.29533312,-0.3081696,-0.5681026,-0.37797478,-0.34933805,-0.8495929,-0.049315955,-0.42393705,-1.0343589,-0.21864897,-0.389788,-0.85893774,-0.36680117,-0.32750258,-0.6705453,-0.44433415,-0.19352125,-0.9782235,-0.07502237,-0.24481258,-1.383878,-0.1540592,-0.26018652,-1.6336927,-0.230435,-0.26030073,-1.8640028,-0.2883297,-0.028674472,-0.9689708,-0.13284123,0.0044506993,-1.3506287,-0.20901142,0.024545822,-1.5807133,-0.26183003,0.030045042,-1.7940639,-0.29635063,0.13484484,-0.85847056,-0.20449086,0.1742714,-1.14848,-0.24408378,0.19663653,-1.3241822,-0.23921025,0.20300567,-1.4956408,-0.23610215,F
0.0,0.0,0.0,-0.32411623,-0.21019948,-0.024811875,-0.5038949,-0.43870285,-0.09287687,-0.62062144,-0.60593766,-0.17218874,-0.7405928,-0.71426725,-0.24636914,-0.36840785,-0.98797685,-0.053041592,-0.6944211,-0.9251018,-0.17366603,-0.893504,-0.91750526,-0.26347724,-1.0495607,-0.91685456,-0.32705578,-0.25694633,-0.9599347,-0.11182125,-0.6420215,-0.68705976,-0.23114505,-0.55578107,-0.4758236,-0.25284594,-0.4416855,-0.46281,-0.25854117,-0.16812107,-0.82623935,-0.18246798,-0.5445647,-0.5212782,-0.2785005,-0.45867524,-0.34879488,-0.22586332,-0.3551531,-0.37041268,-0.18542758,-0.11107968,-0.6239743,-0.26288998,-0.4145883,-0.38619855,-0.33112743,-0.36439592,-0.27256158,-0.29908866,-0.27862895,-0.29755953,-0.2664872,G
0.0,0.0,0.0,-0.12193945,-0.40758,0.015223248,-0.3167711,-0.73261577,-0.04522428,-0.54455876,-0.8450541,-0.12242158,-0.7229972,-0.8761262,-0.21062495,-0.30706212,-1.1221758,-0.106134735,-0.68386906,-1.1509495,-0.21997729,-0.898349,-1.1498908,-0.3044003,-1.0865289,-1.1378354,-0.3628407,-0.2630251,-0.94649315,-0.18699865,-0.7111104,-0.92242163,-0.30273336,-0.96792513,-0.8874912,-0.36356166,-1.1846111,-0.8596299,-0.41304538,-0.24536608,-0.6942494,-0.26379827,-0.6764476,-0.5383544,-0.35993114,-0.5801526,-0.41675407,-0.3411226,-0.45252985,-0.38485083,-0.32475004,-0.2575151,-0.42444503,-0.3401046,-0.60814184,-0.3665651,-0.41044074,-0.54104173,-0.288574,-0.37598008,-0.41854814,-0.27797088,-0.34433582,H
0.0,0.0,0.0,-0.29779854,-0.10369955,-0.106949724,-0.5209178,-0.38769543,-0.17489713,-0.40259102,-0.68777114,-0.244122,-0.15604416,-0.7422101,-0.2876736,-0.44286948,-0.8835509,-0.07566757,-0.41114005,-1.0875902,-0.20508358,-0.34678346,-0.7826095,-0.27493453,-0.32130745,-0.5889417,-0.306055,-0.24497667,-0.9662897,-0.07918795,-0.21775757,-1.1563311,-0.24124216,-0.1708713,-0.77833426,-0.28785038,-0.16522342,-0.564403,-0.28163633,-0.05377138,-0.99483037,-0.10352509,-0.0153734535,-1.235544,-0.24638386,-0.011862905,-0.87130535,-0.22502972,-0.033032127,-0.59236,-0.16391711,0.123677954,-0.96845496,-0.1391319,0.1384688,-1.3205272,-0.21813035,0.14573805,-1.5271472,-0.22209565,0.1395995,-1.7392675,-0.20259179,I
0.0,0.0,0.0,-0.24063268,0.00019911682,-0.26966733,-0.5217314,0.003295062,-0.46819317,-0.6271855,0.13381936,-0.61878663,-0.5013294,0.2442,-0.73187697,-0.44866765,-0.84015346,-0.44265538,-0.47703716,-0.1303844,-0.6065003,-0.41990098,0.03891271,-0.65667784,-0.39009804,-0.116946876,-0.69692487,-0.13839939,-0.9043608,-0.40370432,-0.17871912,-0.024854632,-0.56599367,-0.18199064,0.026242027,-0.56181055,-0.1931979,-0.20525482,-0.5581108,0.1559231,-0.81923336,-0.3800362,0.087484725,-0.024360765,-0.51766455,0.054237925,0.005191311,-0.42410946,0.045727286,-0.20787546,-0.351765,0.40524483,-0.6753092,-0.38885826,0.32108623,-0.092762746,-0.50039196,0.27749926,-0.04344422,-0.47118127,0.2744076,-0.20160864,-0.43073678,YES
0.0,0.0,0.0,-0.21415061,-0.28245643,-0.15507126,-0.37464356,-0.69524014,-0.25297552,-0.5344051,-0.9883843,-0.34939945,-0.70134044,-1.2128407,-0.43482,-0.039402388,-1.0883065,-0.15320227,0.08522612,-1.4343497,-0.28755477,0.170354,-1.6751065,-0.33228698,0.26390135,-1.8957334,-0.3545137,0.13138509,-0.98236936,-0.13299786,0.22449067,-0.982633,-0.3137059,0.05669225,-0.6782077,-0.30691543,-0.008460298,-0.72857505,-0.25972998,0.2874152,-0.83427995,-0.13798638,0.39645785,-0.8193566,-0.35146305,0.21339107,-0.5758453,-0.3046228,0.10292283,-0.5952516,-0.21646309,0.42927173,-0.67561305,-0.15283531,0.5720881,-0.875416,-0.30803117,0.6436951,-1.0079832,-0.30767122,0.73891395,-1.1941608,-0.26754907,ILOVEYOU
0.0,0.0,0.0,-0.22736172,-0.14486407,-0.1497725,-0.43269873,-0.37250084,-0.23152745,-0.6033019,-0.5860984,-0.2981269,-0.7532777,-0.7449631,-0.3596038,-0.26463845,-0.93023956,-0.10756869,-0.32706624,-1.3009441,-0.1897561,-0.35264108,-1.5251229,-0.26328397,-0.35727277,-1.7225064,-0.31909522,-0.092934586,-0.9904709,-0.101639174,-0.100958765,-1.4126134,-0.1633143,-0.09820501,-1.6665381,-0.22240673,-0.090754606,-1.8806294,-0.26985165,0.06811332,-0.9595802,-0.11762341,0.104047924,-1.353247,-0.19061884,0.12865297,-1.5931553,-0.24169832,0.1448414,-1.8021439,-0.28087962,0.22009316,-0.85589415,-0.14859094,0.30515,-1.1168296,-0.21807809,0.36390695,-1.2907913,-0.24850774,0.41301876,-1.4555433,-0.27021167,HELLO
0.0,0.0,0.0,-0.35025197,-0.036855444,-0.13760783,-0.62459034,-0.4112619,-0.16925518,-0.7258334,-0.85751975,-0.19548683,-0.78710455,-1.1702194,-0.18765616,-0.5060977,-0.8711294,0.00029615418,-0.49993044,-1.1657045,-0.14573006,-0.42032152,-0.8158998,-0.19953914,-0.409403,-0.62920415,-0.21000862,-0.2976365,-0.95461464,0.011110319,-0.29773563,-1.2173141,-0.15116435,-0.2388056,-0.78060335,-0.179374,-0.2678639,-0.6415552,-0.15675062,-0.092343345,-0.98291665,-0.010995694,-0.08272477,-1.2517462,-0.19613916,-0.0528509,-0.813486,-0.13986307,-0.08836283,-0.63738126,-0.05109326,0.11521048,-0.9707186,-0.0431656,0.11785854,-1.2175161,-0.15541033,0.119291075,-0.9220177,-0.10264722,0.07365963,-0.7705591,-0.030393843,A
0.0,0.0,0.0,-0.34730673,-0.10208904,-0.13844158,-0.5946555,-0.48332947,-0.16984478,-0.66167086,-0.9276897,-0.19688556,-0.69303775,-1.2403786,-0.18868393,-0.44225392,-0.9193188,0.03332963,-0.4044762,-1.1971139,-0.11595249,-0.36448553,-0.832533,-0.17957968,-0.3781874,-0.6665626,-0.19823112,-0.2289272,-0.97244847,0.044004533,-0.20110017,-1.2342364,-0.123984985,-0.18913758,-0.7867467,-0.15958197,-0.23561242,-0.66828895,-0.14149053,-0.028303105,-0.9739464,0.018464174,0.007341082,-1.2409078,-0.17015123,-0.005061338,-0.8001618,-0.115968145,-0.054572146,-0.6444857,-0.027659426,0.17235725,-0.9366564,-0.017834846,0.19161507,-1.1755332,-0.12620835,0.16848056,-0.8731647,-0.07127642,0.11498852,-0.7392004,0.0016064817,A
0.0,0.0,0.0,-0.3426954,-0.16014397,-0.13638707,-0.53286356,-0.56773925,-0.16485061,-0.5456943,-1.0249842,-0.19315822,-0.5662481,-1.3439263,-0.18789506,-0.35259628,-0.9660603,0.06687933,-0.2927184,-1.2270525,-0.08997976,-0.28133932,-0.8702308,-0.1669139,-0.3146823,-0.7137711,-0.19177575,-0.13829122,-0.9873803,0.077172585,-0.09142243,-1.230658,-0.08638364,-0.119266756,-0.7877243,-0.12497788,-0.17851794,-0.6911482,-0.10757236,0.05712674,-0.9651041,0.046614163,0.11532971,-1.2159427,-0.14157426,0.06412677,-0.78171074,-0.09388451,0.004128065,-0.64245355,-0.007062068,0.248244,-0.90275997,0.0041704397,0.2955087,-1.1273856,-0.10204142,0.2400418,-0.8389692,-0.049659785,0.17503977,-0.7141305,0.02333704,A
0.0,0.0,0.0,-0.3257783,-0.14971532,-0.14289992,-0.5049439,-0.57354206,-0.1715467,-0.50657505,-1.0162427,-0.19658373,-0.522268,-1.3272101,-0.18878512,-0.33737338,-0.9736654,0.047680363,-0.26235172,-1.2166761,-0.10198593,-0.25032413,-0.8788645,-0.17094551,-0.2933049,-0.7332788,-0.19140278,-0.12603132,-0.9901578,0.060857717,-0.062722676,-1.2248819,-0.10292915,-0.09402446,-0.7956723,-0.13881989,-0.16223027,-0.6986731,-0.11639449,0.066322066,-0.9579203,0.034603905,0.14092885,-1.1795129,-0.15572731,0.08294256,-0.76115406,-0.11416782,0.008947556,-0.6377917,-0.029391965,0.25141975,-0.8844347,-0.003098967,0.3130521,-1.0911843,-0.11305153,0.25471368,-0.81381476,-0.065894105,0.18179142,-0.70070595,0.0045549874,A
0.0,0.0,0.0,-0.30685985,-0.23460728,-0.12735304,-0.45874938,-0.63576275,-0.1495172,-0.44346252,-1.0634314,-0.1712423,-0.43465808,-1.362805,-0.15852858,-0.26422194,-0.9907268,0.09049055,-0.19811097,-1.2320193,-0.054403253,-0.21211894,-0.8972873,-0.1305674,-0.25036076,-0.74115545,-0.15561068,-0.06501216,-0.99272984,0.101296164,0.006593712,-1.2193644,-0.060997315,-0.056225374,-0.81728405,-0.11242039,-0.12878609,-0.7226632,-0.101569526,0.1116632,-0.94487417,0.07335344,0.19911617,-1.1547918,-0.10416673,0.11180148,-0.7774054,-0.0719779,0.034302954,-0.6681671,0.0035142293,0.2807843,-0.8536287,0.034101725,0.34605053,-1.04141,-0.06290658,0.2686718,-0.7851269,-0.017501863,0.19416925,-0.68877137,0.049704134,A
0.0,0.0,0.0,-0.2892959,-0.23366635,-0.14487177,-0.4191728,-0.6573581,-0.17905061,-0.3866385,-1.0711806,-0.20901494,-0.3663489,-1.3655462,-0.20519005,-0.22234336,-1.0139059,0.050175752,-0.1287125,-1.2185214,-0.102301694,-0.15598166,-0.8810288,-0.17827374,-0.20695981,-0.7421305,-0.20403863,-0.017895792,-0.9976783,0.065710604,0.07189059,-1.1901071,-0.10665313,-0.0054718135,-0.78116226,-0.15345953,-0.08668639,-0.7001133,-0.1387122,0.1583175,-0.92824554,0.04250008,0.26794675,-1.1152837,-0.14943598,0.16518632,-0.74268,-0.1173419,0.07312317,-0.6389748,-0.039954327,0.3223112,-0.8190726,0.007891487,0.40922225,-0.9896965,-0.10494061,0.32237914,-0.74154025,-0.06449859,0.23073561,-0.6467313,0.0019199977,A
0.0,0.0,0.0,-0.2972984,-0.2264818,-0.16273318,-0.41905522,-0.6703814,-0.20504387,-0.37476996,-1.0962435,-0.23680428,-0.33643913,-1.3952957,-0.23215728,-0.20945175,-1.0317098,0.014575723,-0.09295792,-1.2371806,-0.13561156,-0.13545237,-0.8986708,-0.20103317,-0.20074694,-0.7619737,-0.22005989,-0.00070867373,-0.9992621,0.03840167,0.10549465,-1.1887505,-0.13139543,0.011828929,-0.7859358,-0.17061459,-0.08100937,-0.7132105,-0.15303513,0.17634802,-0.92561674,0.023817396,0.29637823,-1.095947,-0.16792096,0.17989197,-0.72440547,-0.13331267,0.07549578,-0.62989515,-0.05641296,0.3393211,-0.8155312,-0.003294851,0.4392508,-0.97642696,-0.11940501,0.34906194,-0.72841597,-0.082213975,0.25136736,-0.6375193,-0.019526327,A
0.0,0.0,0.0,-0.3278599,-0.13927105,-0.1460677,-0.52759767,-0.5165787,-0.18498942,-0.5575964,-0.94445425,-0.22018965,-0.5963122,-1.2567205,-0.22234249,-0.3851259,-0.9320006,0.028709121,-0.3310358,-1.2080917,-0.12359117,-0.29080972,-0.8794098,-0.1944922,-0.31398448,-0.70666176,-0.21542369,-0.18207704,-0.9824022,0.04163952,-0.1301624,-1.2385488,-0.12512392,-0.122130096,-0.8295925,-0.1696629,-0.18078782,-0.70614254,-0.1567485,0.007863526,-0.979895,0.01749187,0.0747016,-1.2345631,-0.17085366,0.056179434,-0.83576125,-0.13327968,-0.009951103,-0.6823347,-0.054488953,0.18884115,-0.93105215,-0.018356968,0.24329422,-1.1725456,-0.13038112,0.21728668,-0.90744203,-0.086114205,0.15406339,-0.7732306,-0.018863996,A
0.0,0.0,0.0,-0.34156927,-0.036769763,-0.17989647,-0.607689,-0.3954328,-0.23193699,-0.7007112,-0.84339297,-0.26729625,-0.767383,-1.1651555,-0.26147556,-0.49683997,-0.86088,-0.059134617,-0.46482334,-1.1362567,-0.19609165,-0.38540483,-0.7940719,-0.2191319,-0.4056517,-0.6504006,-0.21401429,-0.2837284,-0.9582993,-0.03406834,-0.26347005,-1.2090324,-0.19677801,-0.20798536,-0.7767953,-0.20466822,-0.26773533,-0.6944818,-0.1719095,-0.076838136,-1.0016272,-0.04402828,-0.047270656,-1.2633444,-0.23873432,-0.017370487,-0.8392624,-0.17288777,-0.076927684,-0.70285654,-0.08117221,0.12700413,-1.0001478,-0.06756287,0.14968367,-1.2540985,-0.1953526,0.16186823,-0.9715669,-0.14683348,0.11129709,-0.84407574,-0.07851974,A
0.0,0.0,0.0,-0.3485514,0.054893933,-0.18119745,-0.6755352,-0.27210957,-0.23112884,-0.8233693,-0.7296339,-0.26296017,-0.91140455,-1.0507175,-0.25397295,-0.5985921,-0.7855921,-0.081243575,-0.59621465,-1.0881664,-0.22312556,-0.48540714,-0.73811996,-0.24384528,-0.48349553,-0.5669428,-0.23582795,-0.37856036,-0.92389625,-0.055748314,-0.3863742,-1.1790975,-0.22571373,-0.29047197,-0.739528,-0.23629124,-0.33688676,-0.62845117,-0.2057942,-0.16219048,-1.0082242,-0.06329186,-0.16209665,-1.2835177,-0.2677552,-0.09196515,-0.8413595,-0.20193551,-0.13636005,-0.6740898,-0.109732516,0.058426525,-1.0520129,-0.08325009,0.046521746,-1.3133415,-0.22186056,0.08938361,-1.0137477,-0.17516391,0.054494023,-0.86320066,-0.10704295,A
0.0,0.0,0.0,-0.36824235,0.10189512,-0.17989393,-0.7229008,-0.1425202,-0.233705,-0.9174902,-0.56573486,-0.2715587,-1.0261155,-0.8810308,-0.2693126,-0.69703335,-0.689853,-0.055534463,-0.72429055,-0.9861931,-0.20384422,-0.5796817,-0.6718791,-0.2444816,-0.55487674,-0.49445888,-0.24843617,-0.49658763,-0.8674676,-0.030012827,-0.5219599,-1.1273576,-0.20087825,-0.3809243,-0.7229579,-0.22721599,-0.41196018,-0.5882541,-0.2052679,-0.28895864,-0.9833585,-0.03847101,-0.3096971,-1.267802,-0.23799933,-0.19821511,-0.8591737,-0.18201843,-0.22669117,-0.68277526,-0.094000675,-0.06856086,-1.0492545,-0.0591137,-0.11160653,-1.3306919,-0.1869738,-0.045351725,-1.0495493,-0.13583648,-0.06978234,-0.88505816,-0.06295093,A
0.0,0.0,0.0,-0.35445252,0.13668011,-0.21526189,-0.7279521,-0.099957615,-0.28333414,-0.9484854,-0.5122722,-0.33267477,-1.0940048,-0.8130693,-0.33659872,-0.7461349,-0.6541529,-0.07846969,-0.7947848,-0.9589422,-0.25392485,-0.61570114,-0.62756306,-0.29480213,-0.57652956,-0.45953834,-0.29143986,-0.53896654,-0.84105206,-0.04632981,-0.5806096,-1.1223403,-0.2424405,-0.41231558,-0.6919091,-0.25507784,-0.43980426,-0.5800474,-0.21510907,-0.3293588,-0.98037213,-0.057785586,-0.36443958,-1.2824564,-0.2810745,-0.23427245,-0.8558119,-0.21127357,-0.24883384,-0.6901273,-0.10750323,-0.10137719,-1.0790598,-0.08697268,-0.14937562,-1.3721455,-0.23114234,-0.07806656,-1.0758582,-0.18093176,-0.088309534,-0.8946862,-0.10502872,A
0.0,0.0,0.0,-0.35184145,0.080553986,-0.19741961,-0.6946343,-0.1519648,-0.26719108,-0.8970905,-0.55330294,-0.3207595,-1.0417401,-0.8422621,-0.3289696,-0.7170385,-0.6889891,-0.056888126,-0.7405281,-0.9585528,-0.21243134,-0.58047324,-0.62156284,-0.23956116,-0.5700225,-0.47631827,-0.23133042,-0.5176054,-0.8551607,-0.028013956,-0.53913283,-1.0903984,-0.20010719,-0.38688648,-0.65692616,-0.20050406,-0.4452784,-0.5846957,-0.15892598,-0.3127916,-0.97708595,-0.039712794,-0.33482417,-1.2329497,-0.23792194,-0.2169304,-0.81072533,-0.15849067,-0.25270346,-0.6775635,-0.05704044,-0.09850944,-1.0604749,-0.06792851,-0.13689007,-1.3157197,-0.18928935,-0.06825343,-1.0163691,-0.12964001,-0.0892665,-0.8647988,-0.05266143,A
0.0,0.0,0.0,-0.3610845,0.01752743,-0.18299372,-0.6723149,-0.29371104,-0.23561285,-0.81093746,-0.7422915,-0.2724433,-0.8719712,-1.0627556,-0.26268864,-0.5884627,-0.7886032,-0.04600685,-0.5864173,-1.09682,-0.19834918,-0.47634086,-0.7351537,-0.22924706,-0.4880524,-0.5939708,-0.2276383,-0.37673864,-0.9260878,-0.020722294,-0.37884024,-1.1952674,-0.1985417,-0.28985208,-0.74338704,-0.21002299,-0.35444918,-0.66850144,-0.17634289,-0.17047094,-1.0118036,-0.033449125,-0.16578484,-1.2971809,-0.23304093,-0.10173777,-0.8621447,-0.16167563,-0.15437399,-0.7342167,-0.06487925,0.043931615,-1.0594984,-0.06141234,0.03598342,-1.3312142,-0.1844041,0.0742235,-1.0445269,-0.13169336,0.035999894,-0.9230053,-0.060186792,A
0.0,0.0,0.0,-0.3334959,-0.07826511,-0.1715927,-0.5839433,-0.41643912,-0.22111906,-0.64664316,-0.85272956,-0.25565928,-0.6489797,-1.1652832,-0.24755701,-0.42574534,-0.90095186,-0.026819015,-0.36890933,-1.1575265,-0.17511663,-0.33119184,-0.8056966,-0.2200499,-0.3678182,-0.66337985,-0.22882217,-0.2212399,-0.97521514,-0.0029028975,-0.17234974,-1.2195207,-0.17824778,-0.1605614,-0.77875453,-0.20276782,-0.22798716,-0.6908193,-0.17811128,-0.024634065,-0.99733084,-0.015250899,0.034129586,-1.2438078,-0.21215071,0.020546349,-0.81819403,-0.15421197,-0.046240296,-0.69045943,-0.06501684,0.17496055,-0.9753437,-0.04094078,0.21106716,-1.2170292,-0.16224654,0.19112681,-0.9273592,-0.11379937,0.12798306,-0.8123,-0.04452726,A
0.0,0.0,0.0,-0.31859088,-0.17181814,-0.13765545,-0.48908117,-0.5526873,-0.1654916,-0.46995744,-0.97436076,-0.18948168,-0.44810343,-1.2738894,-0.17996341,-0.2975977,-0.9529649,0.07053371,-0.20652977,-1.1524744,-0.07997744,-0.21461071,-0.84878343,-0.16414398,-0.26675415,-0.72988635,-0.19954816,-0.100729704,-0.99157864,0.08139643,-0.029746972,-1.2065159,-0.08742817,-0.06579211,-0.8128435,-0.1360169,-0.12747383,-0.7061038,-0.123248406,0.07681502,-0.9716406,0.05247812,0.16120084,-1.1823782,-0.13223149,0.10721227,-0.80645895,-0.09429682,0.04855477,-0.6741747,-0.014623812,0.25650653,-0.89834493,0.010594235,0.32076174,-1.0971633,-0.0965213,0.25513294,-0.83770823,-0.052403238,0.17679468,-0.72355855,0.014484709,A
0.0,0.0,0.0,-0.32587296,-0.19583526,-0.16673023,-0.47878864,-0.64813906,-0.20825669,-0.42191157,-1.1178603,-0.24089453,-0.36121514,-1.4294422,-0.23332843,-0.24664648,-1.0178971,0.030724185,-0.1182524,-1.2429307,-0.15165356,-0.15980497,-0.89893025,-0.23671956,-0.23066925,-0.80688584,-0.2670879,-0.032228842,-0.9982832,0.048907544,0.08718351,-1.2319292,-0.1429585,0.002974558,-0.79841167,-0.1733214,-0.08022661,-0.759669,-0.14408652,0.15299512,-0.94678545,0.020345392,0.2846774,-1.1656607,-0.1883319,0.18875618,-0.77236736,-0.13291752,0.10872864,-0.7044416,-0.038609575,0.33742696,-0.8619056,-0.024197264,0.44540846,-1.044837,-0.14207253,0.3570404,-0.7775036,-0.0936729,0.26863536,-0.70240366,-0.023214303,A
0.0,0.0,0.0,-0.3034007,-0.21348645,-0.1564391,-0.4312371,-0.6798097,-0.19199876,-0.3628527,-1.139597,-0.21977726,-0.30741385,-1.4456809,-0.21152297,-0.19184951,-1.02004,0.022581788,-0.07235634,-1.2424729,-0.13635303,-0.12576659,-0.9112596,-0.2048928,-0.19350748,-0.8067699,-0.2273494,0.01398031,-0.9991262,0.039386544,0.13021033,-1.2147231,-0.13327773,0.024704637,-0.8038852,-0.16001351,-0.06443433,-0.7492716,-0.13363065,0.19144237,-0.9378389,0.014873825,0.32079777,-1.1390164,-0.17677245,0.2067915,-0.7604162,-0.12506652,0.12114365,-0.67414135,-0.038396508,0.3655123,-0.8380896,-0.02393353,0.4662589,-1.0181321,-0.13538161,0.36932844,-0.75775033,-0.08838306,0.28056914,-0.6681555,-0.020934206,A
0.0,0.0,0.0,-0.31588277,-0.17970364,-0.15730903,-0.4807115,-0.5791002,-0.19632018,-0.4584873,-1.0187204,-0.22530062,-0.43911245,-1.325124,-0.21860793,-0.2840611,-0.97750527,0.021513231,-0.1894789,-1.2184747,-0.11746473,-0.19234762,-0.88321614,-0.18235195,-0.24358584,-0.7614551,-0.20668417,-0.07867516,-0.9959348,0.04386437,0.018246228,-1.2132238,-0.10894463,-0.026433516,-0.81682223,-0.14615595,-0.109465875,-0.7445982,-0.13394852,0.10578064,-0.9635933,0.028385464,0.2118256,-1.1730449,-0.145137,0.14774227,-0.80189013,-0.107863955,0.06363574,-0.70325196,-0.03684834,0.28102818,-0.8891662,-0.000621914,0.3685756,-1.0870003,-0.10381539,0.3056554,-0.83673173,-0.06418453,0.22122315,-0.74311966,-0.0051648202,A
0.0,0.0,0.0,-0.3116752,-0.13028789,-0.1648928,-0.510202,-0.47402063,-0.21191882,-0.5320941,-0.87996954,-0.24536642,-0.5599257,-1.1829437,-0.24159701,-0.36178002,-0.9202306,-0.014600234,-0.29095477,-1.1177438,-0.13231552,-0.25542542,-0.810748,-0.16988654,-0.3038665,-0.70864695,-0.18184415,-0.15523638,-0.987841,0.008466977,-0.0855584,-1.1530155,-0.12588258,-0.08957771,-0.77003896,-0.14695801,-0.17516457,-0.7310596,-0.13309242,0.036042023,-0.98864925,-0.0022554367,0.10910325,-1.1701913,-0.16604833,0.086046696,-0.7993525,-0.117213435,0.0022223075,-0.7129641,-0.047396224,0.21019341,-0.9333065,-0.02688183,0.2791279,-1.1323395,-0.1362321,0.24876024,-0.8796379,-0.09322065,0.17149304,-0.78317595,-0.034061987,A
0.0,0.0,0.0,-0.3615516,-0.05630522,-0.154759,-0.62895995,-0.39123324,-0.19218309,-0.7261085,-0.8229052,-0.22043788,-0.8001905,-1.12893,-0.21165696,-0.5071632,-0.84977186,-0.010286775,-0.475559,-1.1220703,-0.14724588,-0.39788786,-0.77534354,-0.1935847,-0.41483507,-0.62550807,-0.20506369,-0.29473466,-0.95555,0.0074587963,-0.2695368,-1.2037641,-0.1551406,-0.2259679,-0.78114235,-0.18911064,-0.28876945,-0.67855495,-0.17684533,-0.08867101,-1.0140989,-0.0080866115,-0.053468272,-1.2883968,-0.1951565,-0.03887313,-0.86873233,-0.14882071,-0.10310659,-0.71588737,-0.07147458,0.11556326,-1.0309013,-0.03536271,0.14146961,-1.2937875,-0.14990045,0.14067793,-1.0145229,-0.1046005,0.08458147,-0.8787168,-0.040517226,A
0.0,0.0,0.0,-0.22570896,-0.16128035,-0.0744738,-0.3780223,-0.43452853,-0.11542667,-0.3109261,-0.7058719,-0.15599388,-0.12345644,-0.8240582,-0.19426195,-0.31181994,-0.92691344,-0.002385417,-0.31522676,-1.2401223,-0.051309086,-0.2986873,-1.4246606,-0.119299024,-0.2738053,-1.6065333,-0.18424372,-0.17014179,-0.98506993,-0.026249148,-0.17707361,-1.3559755,-0.06045817,-0.16813374,-1.5689733,-0.12430356,-0.16737388,-1.7876754,-0.18462425,-0.040879093,-0.95010394,-0.06624438,-0.043732796,-1.3067275,-0.107824154,-0.050968107,-1.5131767,-0.15755256,-0.06479412,-1.7063575,-0.2041905,0.11203511,-0.83881104,-0.11779171,0.09980787,-1.1220793,-0.16035676,0.081787,-1.2960035,-0.18650131,0.05404558,-1.4626663,-0.2140468,B
0.0,0.0,0.0,-0.22720817,-0.19518149,-0.077669285,-0.36569116,-0.46606576,-0.12230831,-0.28517163,-0.7390167,-0.16738667,-0.0865384,-0.82345676,-0.21104133,-0.275559,-0.94388705,0.0025760795,-0.25389624,-1.2553576,-0.048198137,-0.22803146,-1.4400486,-0.11911092,-0.19697027,-1.6252167,-0.18625675,-0.13539772,-0.9905321,-0.022662848,-0.12164446,-1.3610393,-0.059842944,-0.102534935,-1.5742916,-0.123451516,-0.09311973,-1.7928845,-0.18209876,-0.008976879,-0.94324416,-0.06553561,0.0035477385,-1.2971096,-0.111076094,0.007972751,-1.507192,-0.16009048,0.0069629513,-1.7037977,-0.20396243,0.13659339,-0.8180282,-0.12086322,0.13532001,-1.0997322,-0.1650342,0.12874708,-1.2721936,-0.18916748,0.11392542,-1.432889,-0.21417806,B
0.0,0.0,0.0,-0.2284804,-0.214167,-0.06317392,-0.35517126,-0.4829497,-0.097203605,-0.2496653,-0.7404315,-0.13265347,-0.058137733,-0.8158001,-0.16721962,-0.2469408,-0.94741017,0.017655356,-0.22117667,-1.2671812,-0.022892673,-0.19135422,-1.4528302,-0.09046653,-0.15954031,-1.636343,-0.15722279,-0.10341825,-0.99457973,-0.010756203,-0.08527171,-1.3718811,-0.039000943,-0.060246304,-1.5784204,-0.10231633,-0.050689705,-1.7981588,-0.16369072,0.015004122,-0.94331396,-0.055079855,0.035847567,-1.2958654,-0.09337463,0.044302065,-1.5071483,-0.14267251,0.04635608,-1.701912,-0.18997936,0.1579828,-0.80803734,-0.11054096,0.16764155,-1.0953544,-0.15215375,0.162684,-1.267206,-0.1762088,0.14591572,-1.424636,-0.20311502,B
0.0,0.0,0.0,-0.21588916,-0.20947827,-0.07401276,-0.33566466,-0.490434,-0.11708862,-0.22483137,-0.74797773,-0.16001302,-0.02853991,-0.8401744,-0.20293629,-0.20821635,-0.9623788,-0.011459268,-0.16799016,-1.2840953,-0.06461276,-0.12838155,-1.470344,-0.13623099,-0.08452942,-1.6532758,-0.20442331,-0.058098223,-0.99754953,-0.038980905,-0.021897068,-1.3791659,-0.07634207,0.012738712,-1.5873139,-0.1424325,0.03542371,-1.8064297,-0.2058771,0.061802484,-0.93465376,-0.08257606,0.09979649,-1.2959313,-0.12972265,0.11975155,-1.5039676,-0.18220383,0.13190071,-1.6991854,-0.23226872,0.19615729,-0.78864026,-0.13747445,0.22094736,-1.0699906,-0.18898292,0.22795592,-1.239907,-0.21948384,0.22085214,-1.4024327,-0.25118095,B
0.0,0.0,0.0,-0.209341,-0.21859413,-0.08535118,-0.32131776,-0.51642084,-0.13177551,-0.19313966,-0.7636255,-0.17704156,0.020003505,-0.83687145,-0.22224073,-0.15831643,-0.97529894,-0.016982762,-0.10121858,-1.292503,-0.07717279,-0.047182593,-1.4809401,-0.15301883,0.0125014065,-1.661838,-0.2229441,-0.0017252577,-0.9991394,-0.041442666,0.059305515,-1.3789597,-0.084359325,0.11214825,-1.5905627,-0.15298998,0.15545377,-1.8097271,-0.21675527,0.11581528,-0.92515755,-0.08383249,0.18232973,-1.2852246,-0.1372102,0.22395612,-1.4938105,-0.19102824,0.2579784,-1.6894454,-0.24012583,0.24392498,-0.7644431,-0.13844474,0.28870222,-1.039262,-0.19295794,0.3088848,-1.2061013,-0.22261673,0.31531465,-1.3685793,-0.25290006,B
0.0,0.0,0.0,-0.19988337,-0.254408,-0.07729953,-0.28488368,-0.5675162,-0.11595136,-0.14245968,-0.79604024,-0.15470754,0.063618004,-0.84562355,-0.19169718,-0.111965105,-0.99053323,0.009969637,-0.03832844,-1.3067393,-0.037257887,0.028196612,-1.4825099,-0.105961695,0.09943727,-1.6453627,-0.17044288,0.038819525,-0.99916387,-0.01283592,0.12635379,-1.3661689,-0.043810956,0.19531053,-1.5615987,-0.10660798,0.25331286,-1.7602929,-0.16631143,0.14547506,-0.915363,-0.05416162,0.23400849,-1.2649252,-0.09479701,0.28739852,-1.4640458,-0.1434243,0.3354546,-1.6436191,-0.1902049,0.25839463,-0.747525,-0.1079643,0.3185937,-1.0179522,-0.15110049,0.35331765,-1.1803976,-0.17581095,0.3783725,-1.3347251,-0.20346145,B
0.0,0.0,0.0,-0.17093836,-0.3179597,-0.07109654,-0.21538538,-0.6410662,-0.10853249,-0.052458182,-0.84387887,-0.14666323,0.14307463,-0.8545589,-0.1824804,-0.0034005821,-1.0132047,0.016437154,0.10338921,-1.3263837,-0.029013032,0.18784101,-1.4963235,-0.098768964,0.27081338,-1.6526486,-0.16396433,0.14771454,-0.9890069,-0.0067758253,0.27420345,-1.3490641,-0.03806209,0.3626558,-1.5325825,-0.10176139,0.4351548,-1.7309859,-0.16223805,0.24437657,-0.8858153,-0.047333717,0.36789545,-1.219859,-0.08408795,0.43756425,-1.4136347,-0.12878834,0.49771273,-1.586024,-0.17280822,0.34107232,-0.6941629,-0.100108705,0.43270022,-0.9601188,-0.13513343,0.47757298,-1.1280566,-0.15459527,0.50674057,-1.2855601,-0.1791403,B
0.0,0.0,0.0,-0.14857261,-0.2979458,-0.08166648,-0.17959835,-0.632217,-0.12599558,-0.0064294175,-0.8298528,-0.16926277,0.19846444,-0.8484781,-0.21001458,0.065314144,-1.0137764,-0.012875257,0.19682525,-1.3071209,-0.07693509,0.3047894,-1.4590691,-0.1555889,0.41417584,-1.5927119,-0.2252063,0.22403722,-0.97388786,-0.03673943,0.37962314,-1.319843,-0.08260927,0.4851833,-1.4999439,-0.15229045,0.5786765,-1.6867656,-0.21581438,0.3214554,-0.8584089,-0.07831641,0.47590336,-1.1780584,-0.129522,0.56234723,-1.3710862,-0.1806644,0.63518256,-1.5510548,-0.22886291,0.4102477,-0.64956254,-0.13207352,0.52534753,-0.8897224,-0.18056834,0.5809088,-1.04313,-0.20606813,0.6176579,-1.1983514,-0.2338518,B
0.0,0.0,0.0,-0.17170273,-0.25178227,-0.09672315,-0.22946864,-0.5875965,-0.14704679,-0.0726946,-0.81191665,-0.19518477,0.13951945,-0.83709097,-0.24107596,-0.006210214,-1.0091444,-0.016662791,0.09603923,-1.3045974,-0.07565882,0.18040985,-1.462547,-0.15246019,0.2729589,-1.609728,-0.2244505,0.14741957,-0.98843825,-0.035458382,0.2637065,-1.3409814,-0.07783734,0.3444489,-1.5261369,-0.15025663,0.41821942,-1.7244529,-0.21891089,0.24917893,-0.8860621,-0.07384807,0.36555812,-1.2213182,-0.12513979,0.42875123,-1.4163537,-0.18422323,0.48291618,-1.5990018,-0.24011272,0.34821302,-0.701044,-0.12587832,0.4277643,-0.9531539,-0.17963053,0.46873105,-1.1123784,-0.21651433,0.4965177,-1.2724764,-0.25455195,B
0.0,0.0,0.0,-0.20136529,-0.2192921,-0.07707078,-0.32013297,-0.52416426,-0.119913444,-0.19822739,-0.7694029,-0.16344684,0.009941449,-0.8411062,-0.20774278,-0.17480081,-0.97382784,-0.013599522,-0.11866734,-1.2919688,-0.072599724,-0.06220926,-1.4769318,-0.1467683,-0.0019318345,-1.6514244,-0.21458074,-0.023343662,-0.99890554,-0.04053229,0.038179092,-1.3820004,-0.08195719,0.09093802,-1.5948476,-0.15002486,0.13515851,-1.8072933,-0.21270366,0.09727426,-0.93086857,-0.08449796,0.15832707,-1.3006673,-0.13510594,0.20211576,-1.5169495,-0.19186309,0.23744187,-1.7160363,-0.24265261,0.22301331,-0.7796403,-0.13974768,0.26393577,-1.0601779,-0.19268218,0.2849169,-1.2309183,-0.22444662,0.29596543,-1.3929422,-0.2558973,B
0.0,0.0,0.0,-0.23124976,-0.18148167,-0.09381346,-0.3907208,-0.46996972,-0.14214398,-0.29719085,-0.74719065,-0.18826187,-0.08297615,-0.8456979,-0.2326642,-0.28456405,-0.9336468,-0.015714604,-0.25851288,-1.2565218,-0.074493654,-0.22305618,-1.4513366,-0.15051495,-0.1822343,-1.6398985,-0.21967018,-0.13626204,-0.99013007,-0.03278962,-0.115650475,-1.3734103,-0.072425,-0.08749473,-1.5952789,-0.13882008,-0.068326496,-1.8199699,-0.19984698,-0.009486386,-0.9497574,-0.06897809,0.011157229,-1.3167793,-0.11512781,0.028029082,-1.538054,-0.16698317,0.037797168,-1.7388318,-0.21304066,0.13067989,-0.83108974,-0.1188201,0.13616785,-1.1229277,-0.16418692,0.1354593,-1.302231,-0.19010925,0.12618044,-1.4649631,-0.21665701,B
0.0,0.0,0.0,-0.24166182,-0.16789079,-0.08135878,-0.40159,-0.4408939,-0.122449115,-0.31399676,-0.7239021,-0.16230084,-0.11375854,-0.83113647,-0.20189126,-0.32591763,-0.90955657,-0.010430304,-0.31478816,-1.2370336,-0.06351061,-0.28834513,-1.434717,-0.13839379,-0.25782162,-1.628136,-0.20783298,-0.18250224,-0.98270524,-0.031360686,-0.18186776,-1.3703301,-0.066285856,-0.165247,-1.5914557,-0.13393922,-0.16155113,-1.8204131,-0.19753796,-0.057373945,-0.9556715,-0.06902723,-0.05488112,-1.3205519,-0.1090814,-0.05199472,-1.5409006,-0.16200246,-0.054281298,-1.7369106,-0.21099539,0.08878647,-0.84919965,-0.119353466,0.07820386,-1.1493225,-0.15907046,0.06848536,-1.3250878,-0.18352582,0.051159523,-1.4794674,-0.21044013,B
0.0,0.0,0.0,-0.24826418,-0.14929442,-0.07962567,-0.4221031,-0.4256773,-0.119061686,-0.33660826,-0.6918388,-0.1581427,-0.14723992,-0.8080981,-0.19740078,-0.37342697,-0.89110595,-0.013596134,-0.37466648,-1.2111634,-0.07512665,-0.3472344,-1.4141484,-0.1530647,-0.31359813,-1.6109023,-0.22171283,-0.23012912,-0.97246313,-0.036825314,-0.240469,-1.354425,-0.07744087,-0.22652347,-1.584084,-0.14378482,-0.21936408,-1.8135929,-0.20392324,-0.096694514,-0.9538004,-0.077609845,-0.10346558,-1.3246449,-0.12320458,-0.09874169,-1.5527165,-0.17449756,-0.098612025,-1.7603202,-0.21960256,0.057535294,-0.85696137,-0.1310492,0.041674837,-1.1555882,-0.17511952,0.027777985,-1.3382547,-0.19921122,0.005658849,-1.5038873,-0.2240357,B
0.0,0.0,0.0,-0.25986546,-0.13148238,-0.08451666,-0.448986,-0.38035455,-0.131565,-0.39354154,-0.6617694,-0.17728895,-0.20898013,-0.79888576,-0.2220416,-0.4128254,-0.866455,-0.026480531,-0.43628716,-1.2009543,-0.09029434,-0.41627052,-1.4071012,-0.16768354,-0.3859273,-1.602534,-0.23536986,-0.27225226,-0.96093845,-0.049759455,-0.30102345,-1.3570404,-0.09302471,-0.29481393,-1.5937998,-0.15983795,-0.29461014,-1.8254275,-0.22025807,-0.13665721,-0.9519992,-0.09022823,-0.15807416,-1.3316118,-0.13734958,-0.1609332,-1.567239,-0.18964493,-0.16619718,-1.7790531,-0.2362748,0.02773869,-0.86574644,-0.14351797,0.0020044076,-1.1694363,-0.1865187,-0.01888794,-1.351562,-0.20948593,-0.046828654,-1.5144758,-0.23413207,B
0.0,0.0,0.0,-0.24792293,-0.10446118,-0.087123945,-0.4485764,-0.35411373,-0.13045856,-0.42255658,-0.6450741,-0.17315736,-0.2407451,-0.7954843,-0.21368283,-0.42723957,-0.8606227,-0.005602308,-0.4605197,-1.1827337,-0.06047878,-0.4552412,-1.3813337,-0.1329636,-0.44050285,-1.5735494,-0.19913657,-0.29216537,-0.95599663,-0.026642034,-0.33564302,-1.3376669,-0.06526025,-0.34285036,-1.5671184,-0.13021289,-0.35518196,-1.7935482,-0.18938258,-0.15844175,-0.9529138,-0.066648334,-0.19792646,-1.3197677,-0.111616805,-0.21919246,-1.5456214,-0.16419443,-0.24274136,-1.7531309,-0.2115019,0.0038723387,-0.87893903,-0.12018911,-0.034105655,-1.1711813,-0.16346812,-0.06307389,-1.354112,-0.19022569,-0.09806601,-1.5250237,-0.21815924,B
0.0,0.0,0.0,-0.2499,-0.08394353,-0.09241677,-0.46187297,-0.32192874,-0.14071098,-0.44506666,-0.62220657,-0.18778877,-0.25725523,-0.788379,-0.23323166,-0.4458016,-0.8455661,-0.015175226,-0.49096522,-1.169715,-0.07357861,-0.49382013,-1.37103,-0.14906795,-0.4858059,-1.5684563,-0.21858814,-0.31472424,-0.9484634,-0.036956124,-0.37001857,-1.3394336,-0.07917159,-0.38358223,-1.5728949,-0.1487476,-0.4045261,-1.8061758,-0.21279474,-0.18300578,-0.9487099,-0.077946395,-0.2306707,-1.322679,-0.1276672,-0.2564114,-1.5551586,-0.18667458,-0.28331438,-1.7670896,-0.23959342,-0.018692205,-0.88078976,-0.1326211,-0.06025468,-1.1751958,-0.18052554,-0.089227416,-1.361013,-0.21272273,-0.12360507,-1.5336342,-0.24595147,B
0.0,0.0,0.0,-0.25305966,-0.060752627,-0.113896385,-0.4784405,-0.28729948,-0.17260261,-0.48644027,-0.5943895,-0.22651668,-0.307007,-0.78202814,-0.27662233,-0.4789665,-0.8228342,-0.031755533,-0.5377157,-1.1489755,-0.09791199,-0.550238,-1.3582128,-0.17732392,-0.5496794,-1.5646361,-0.24839276,-0.34788725,-0.9364742,-0.044614222,-0.4203467,-1.3278246,-0.09383622,-0.44797915,-1.5684602,-0.1646403,-0.4790312,-1.80784,-0.22760269,-0.2109858,-0.9490452,-0.07885112,-0.2757487,-1.3245144,-0.13460626,-0.31343573,-1.562947,-0.19362286,-0.35096785,-1.7800533,-0.24447027,-0.04119256,-0.89292246,-0.12856175,-0.0962261,-1.1819204,-0.17884849,-0.13676125,-1.3659935,-0.21071775,-0.1822045,-1.535912,-0.2425879,B
0.0,0.0,0.0,-0.26451525,-0.03938397,-0.114652015,-0.49768472,-0.22814329,-0.18019398,-0.5310805,-0.52896225,-0.24064134,-0.3735583,-0.73398197,-0.29676116,-0.5295326,-0.78308755,-0.038983982,-0.60617477,-1.1143569,-0.1116534,-0.6250199,-1.3253938,-0.19593595,-0.6312822,-1.5346901,-0.269196,-0.400598,-0.91464645,-0.054249566,-0.49347517,-1.3055742,-0.10785744,-0.5306309,-1.5462874,-0.1799228,-0.5716851,-1.784813,-0.24364424,-0.26257548,-0.9394296,-0.09102349,-0.34556895,-1.316211,-0.14942312,-0.39540106,-1.5561545,-0.20605779,-0.4429661,-1.7751002,-0.25565332,-0.08669317,-0.8947368,-0.14333273,-0.1565684,-1.1876866,-0.19584255,-0.20342615,-1.3716981,-0.22536522,-0.25492436,-1.5411935,-0.25506577,B
0.0,0.0,0.0,-0.27360207,-0.009980807,-0.084304824,-0.5244778,-0.17597778,-0.13103162,-0.5853814,-0.4611445,-0.18008915,-0.463476,-0.6815475,-0.22602682,-0.58809686,-0.7315834,0.008272802,-0.6996793,-1.0247675,-0.053818956,-0.74086493,-1.2203847,-0.13469031,-0.7679721,-1.4202756,-0.20736173,-0.47873732,-0.87771565,-0.020635415,-0.61374795,-1.2361509,-0.06550392,-0.67529774,-1.4613248,-0.13666919,-0.7379743,-1.6867268,-0.20113471,-0.34884325,-0.9200292,-0.07025974,-0.4721216,-1.2678026,-0.12213318,-0.54829407,-1.4863205,-0.17744774,-0.6209622,-1.6854358,-0.22802307,-0.16797651,-0.8989403,-0.13361356,-0.26302797,-1.1688886,-0.18200038,-0.33745995,-1.339769,-0.21212578,-0.4206021,-1.4975228,-0.24379165,B
0.0,0.0,0.0,-0.26806787,0.0048633628,-0.079636775,-0.5200664,-0.14087439,-0.12746173,-0.60745984,-0.41984767,-0.17837928,-0.49616498,-0.64232916,-0.2258497,-0.6138414,-0.7098244,0.014166054,-0.7376032,-0.9932246,-0.040720794,-0.7882958,-1.176476,-0.11875915,-0.8293747,-1.3695601,-0.19117984,-0.50790715,-0.8612462,-0.016886102,-0.6541788,-1.2117784,-0.054453027,-0.7246095,-1.4248422,-0.123021446,-0.7998751,-1.6403784,-0.18765976,-0.3786343,-0.90994245,-0.06765055,-0.5151141,-1.2470428,-0.11058335,-0.60196406,-1.4542012,-0.16266741,-0.68345016,-1.6414422,-0.21355861,-0.20083043,-0.8955107,-0.13222422,-0.31112003,-1.1564404,-0.17299218,-0.3953001,-1.3242234,-0.20072542,-0.48480913,-1.4782314,-0.23215581,B
0.0,0.0,0.0,-0.27314305,0.02838178,-0.08136863,-0.53590953,-0.102640934,-0.13290681,-0.6265497,-0.38850477,-0.18715315,-0.5213282,-0.62776953,-0.23809175,-0.6432728,-0.67747116,0.0012182251,-0.7839719,-0.9687,-0.05935798,-0.8460381,-1.1587092,-0.13868856,-0.89778894,-1.356018,-0.21070735,-0.5400931,-0.84104383,-0.030735875,-0.7047818,-1.1995131,-0.07321044,-0.78684425,-1.420493,-0.14112015,-0.8698338,-1.6371075,-0.20446295,-0.4101245,-0.90047973,-0.08218348,-0.5605611,-1.2452743,-0.12828599,-0.65657175,-1.4593304,-0.17908688,-0.74622,-1.6505463,-0.22876646,-0.22950917,-0.89790815,-0.14748214,-0.34617814,-1.1664374,-0.19171153,-0.43754038,-1.337257,-0.2198135,-0.53447336,-1.4908158,-0.25082463,B
0.0,0.0,0.0,-0.27338216,0.04232528,-0.07753766,-0.5462198,-0.079843566,-0.12652269,-0.64329505,-0.35819015,-0.17916806,-0.5442091,-0.5904262,-0.23043744,-0.67470944,-0.65154505,-0.003161756,-0.8298244,-0.9334171,-0.06289282,-0.9050165,-1.1177124,-0.14116317,-0.97147906,-1.3109297,-0.21295163,-0.5766712,-0.81608254,-0.038205624,-0.75658005,-1.1621821,-0.08180395,-0.85323876,-1.3749248,-0.15173218,-0.9517215,-1.5856116,-0.21616814,-0.44603762,-0.8830105,-0.091472276,-0.6120491,-1.2150133,-0.13852417,-0.7185813,-1.4195482,-0.19355801,-0.82085025,-1.6027018,-0.24590449,-0.2663063,-0.88681823,-0.15798472,-0.3974678,-1.1491239,-0.20388973,-0.49629563,-1.3191665,-0.23471665,-0.5993599,-1.472188,-0.2674699,B
0.0,0.0,0.0,-0.26929098,0.059264015,-0.08698975,-0.55284625,-0.056421578,-0.13891883,-0.6575523,-0.33904675,-0.19261467,-0.5574567,-0.5887654,-0.2443402,-0.697975,-0.62784994,-0.011974347,-0.86481935,-0.90213555,-0.07349984,-0.9482155,-1.0835866,-0.15148136,-1.0204241,-1.2751005,-0.22302783,-0.6013892,-0.7978182,-0.042628884,-0.792996,-1.1338645,-0.087397456,-0.89555454,-1.3387073,-0.15698321,-0.99707276,-1.5425365,-0.22094606,-0.46986246,-0.87198937,-0.09233897,-0.6467821,-1.1961576,-0.1404809,-0.75946164,-1.3903266,-0.19663256,-0.8650747,-1.5648824,-0.24939723,-0.28915104,-0.8838581,-0.15616164,-0.4278707,-1.1416382,-0.20340806,-0.52996653,-1.30756,-0.23679228,-0.6337213,-1.4574233,-0.2710785,B
0.0,0.0,0.0,-0.26473102,0.070484124,-0.083164476,-0.5564509,-0.0414715,-0.12996022,-0.6712879,-0.31535926,-0.180168,-0.5742379,-0.55506533,-0.22839563,-0.7132431,-0.60962653,-0.00090737105,-0.88812226,-0.87521344,-0.060525373,-0.9754764,-1.0535132,-0.1369819,-1.0509927,-1.2384123,-0.20696805,-0.6223518,-0.78204924,-0.032821298,-0.81912833,-1.1078224,-0.075747564,-0.9247772,-1.3099315,-0.14172564,-1.0275065,-1.5059247,-0.20161161,-0.4931166,-0.86262304,-0.08464926,-0.67799014,-1.1761698,-0.13005579,-0.7911897,-1.3710325,-0.18230703,-0.89761764,-1.5433227,-0.23147643,-0.31652632,-0.8798064,-0.15107541,-0.46024367,-1.1268749,-0.19438006,-0.56593996,-1.2843328,-0.22435851,-0.6714748,-1.4235998,-0.25595292,B
0.0,0.0,0.0,-0.2927256,-0.13554318,-0.054382093,-0.5295451,-0.34531972,-0.14228769,-0.734729,-0.45559537,-0.2549593,-0.9551517,-0.49916223,-0.367992,-0.42166883,-0.9264726,0.026915979,-0.5812716,-1.2825254,-0.13643357,-0.7330248,-1.2958395,-0.2966354,-0.86111087,-1.2022324,-0.392325,-0.30611134,-0.9514008,-0.03364927,-0.47494414,-1.3594207,-0.20932455,-0.6522284,-1.3571534,-0.36870292,-0.79441863,-1.2214854,-0.45664623,-0.17934622,-0.9311427,-0.11595973,-0.32986376,-1.3307769,-0.24566196,-0.5251004,-1.3586711,-0.3402729,-0.6791237,-1.2527561,-0.38320607,-0.04254321,-0.8580065,-0.2068988,-0.19248146,-1.1587965,-0.29035553,-0.36507368,-1.2538992,-0.3413051,-0.5218235,-1.2527269,-0.3674555,C
0.0,0.0,0.0,-0.28892082,-0.13596718,-0.055582445,-0.5387403,-0.3450731,-0.14336504,-0.7516316,-0.42349407,-0.251945,-0.9710135,-0.44325155,-0.36060384,-0.4591986,-0.9083998,-0.0043482855,-0.63291353,-1.2644153,-0.17433134,-0.78244936,-1.2676977,-0.33462027,-0.9106556,-1.1622369,-0.42941657,-0.34543666,-0.9364159,-0.061634768,-0.527418,-1.3379686,-0.24686062,-0.7106274,-1.3217205,-0.4073537,-0.8568736,-1.177455,-0.4949923,-0.21683934,-0.90892684,-0.13829449,-0.37743235,-1.2939616,-0.2745901,-0.576736,-1.3178444,-0.37577325,-0.7314418,-1.211739,-0.42321673,-0.080136284,-0.82579356,-0.22173363,-0.2361004,-1.1094244,-0.3094335,-0.41000572,-1.1982596,-0.36513463,-0.56605643,-1.198447,-0.39515045,C
0.0,0.0,0.0,-0.3235846,-0.12505311,-0.036112443,-0.5810971,-0.3071321,-0.11957407,-0.79709005,-0.36335906,-0.23026353,-1.0153393,-0.34763184,-0.34190062,-0.5112326,-0.87218016,0.015959907,-0.69968945,-1.2108773,-0.16105473,-0.86162466,-1.1911128,-0.3265947,-0.99859464,-1.0676755,-0.42548424,-0.4007963,-0.9142887,-0.058639165,-0.6130553,-1.3069493,-0.2515161,-0.8069333,-1.257609,-0.4133029,-0.9481276,-1.0900238,-0.5014113,-0.27163053,-0.89663583,-0.1527866,-0.45814088,-1.2672926,-0.29699627,-0.6730206,-1.2486882,-0.3973113,-0.8313261,-1.1123934,-0.4433539,-0.1350668,-0.8164608,-0.25300232,-0.31284067,-1.0658629,-0.34400693,-0.49764833,-1.1142547,-0.39762005,-0.65515316,-1.0842296,-0.42660376,C
0.0,0.0,0.0,-0.30828515,-0.069038816,-0.046956964,-0.5907859,-0.23000284,-0.14029437,-0.819561,-0.26096174,-0.25732067,-1.0461448,-0.21281022,-0.37326372,-0.574771,-0.8356569,-0.02235095,-0.77765167,-1.1976408,-0.21052276,-0.9413836,-1.1242149,-0.37143236,-1.0538415,-0.95774984,-0.46431032,-0.45404834,-0.88583004,-0.09563119,-0.69179225,-1.2832624,-0.29478943,-0.8856385,-1.1686664,-0.44107038,-0.998835,-0.9586103,-0.51381034,-0.3133636,-0.8713167,-0.18965802,-0.5370555,-1.2306722,-0.3399246,-0.75343347,-1.1556197,-0.42948842,-0.8981865,-0.9942893,-0.4669034,-0.16111657,-0.7950528,-0.2899541,-0.3640791,-1.0170237,-0.38852543,-0.55339235,-1.0288353,-0.44039795,-0.706811,-0.9871697,-0.4663164,C
0.0,0.0,0.0,-0.31717458,-0.03436388,-0.04790601,-0.61139035,-0.16519375,-0.15598767,-0.84857255,-0.1893792,-0.28765082,-1.0885193,-0.11390955,-0.42004138,-0.6297668,-0.79896355,-0.059015084,-0.85482234,-1.1725322,-0.2659578,-1.018094,-1.0707836,-0.4396626,-1.1222827,-0.8711015,-0.53979903,-0.5024768,-0.85313356,-0.14028656,-0.77086884,-1.2369685,-0.35101822,-0.9572268,-1.0957851,-0.50009507,-1.0568703,-0.870818,-0.57646704,-0.34992272,-0.84348744,-0.24142824,-0.60401165,-1.2115312,-0.40182227,-0.81399804,-1.1112711,-0.48860782,-0.953266,-0.9309184,-0.5265561,-0.17951407,-0.7772938,-0.34830084,-0.38384613,-0.9950944,-0.4628613,-0.5750375,-0.9895659,-0.5175963,-0.7360115,-0.93337846,-0.5444675,C
0.0,0.0,0.0,-0.33157805,-0.0134382015,-0.035706595,-0.64367366,-0.1187248,-0.13369216,-0.8932762,-0.09998237,-0.25875953,-1.1361871,-0.0063923015,-0.38140893,-0.6929031,-0.74705863,-0.029161893,-0.92259693,-1.1339849,-0.22863102,-1.0838351,-1.011077,-0.3910628,-1.1803691,-0.79871964,-0.4810771,-0.57280594,-0.8119185,-0.112613104,-0.8495259,-1.2033072,-0.3119763,-1.0303468,-1.0317591,-0.44350958,-1.1104715,-0.7906253,-0.5051339,-0.42441577,-0.8172808,-0.21724619,-0.6860324,-1.1800698,-0.3681901,-0.88030237,-1.0421029,-0.4367428,-0.99055094,-0.8402984,-0.45882237,-0.25437286,-0.77050024,-0.32771787,-0.4797261,-0.9707544,-0.42934608,-0.6645607,-0.93988985,-0.46921006,-0.802818,-0.8638187,-0.48304546,C
0.0,0.0,0.0,-0.34796372,0.010216007,-0.025127366,-0.6700175,-0.067528255,-0.121132135,-0.92092794,-0.026209496,-0.24587657,-1.1580981,0.080783784,-0.36927915,-0.70761305,-0.73172474,-0.024862334,-0.96729827,-1.0521271,-0.22378306,-1.1419085,-0.9136363,-0.38572705,-1.243969,-0.6908561,-0.47623795,-0.59203887,-0.79785126,-0.11368109,-0.91156954,-1.1050152,-0.31163126,-1.1005229,-0.9103539,-0.44216117,-1.1834381,-0.6615776,-0.5048584,-0.44884112,-0.7949967,-0.22249036,-0.7506099,-1.0692257,-0.3773264,-0.96106297,-0.9070149,-0.4467078,-1.0819409,-0.6946233,-0.468568,-0.29165578,-0.7301108,-0.33568734,-0.54385436,-0.8867638,-0.44265193,-0.74177617,-0.83988863,-0.48442718,-0.89247584,-0.7545398,-0.49860728,C
0.0,0.0,0.0,-0.35424376,-0.016566746,-0.023501152,-0.6771548,-0.10755525,-0.11609381,-0.9248118,-0.074165255,-0.23650663,-1.156968,0.0052698357,-0.35657284,-0.684156,-0.7628347,-0.018299798,-0.9198707,-1.116925,-0.20899327,-1.1050627,-1.0149019,-0.36968252,-1.2202197,-0.81137246,-0.46062258,-0.56896245,-0.81561965,-0.10510179,-0.85185444,-1.1636354,-0.29122865,-1.0475788,-1.0242003,-0.42215222,-1.1447797,-0.7958333,-0.4898958,-0.4239185,-0.8112055,-0.21100089,-0.70048445,-1.1244717,-0.35184684,-0.9064054,-1.0177457,-0.41653293,-1.029985,-0.83312666,-0.44176418,-0.25734416,-0.75819963,-0.32167318,-0.5000632,-0.9337361,-0.41879985,-0.6851813,-0.90795493,-0.45215216,-0.8277917,-0.83045864,-0.4633596,C
0.0,0.0,0.0,-0.3189783,-0.087154925,-0.026986428,-0.58235526,-0.25637326,-0.09371341,-0.8033463,-0.3157818,-0.18880565,-1.025312,-0.30768803,-0.28130507,-0.5516665,-0.84316486,0.070331976,-0.7310529,-1.1705724,-0.07408418,-0.877933,-1.1589589,-0.21873839,-0.99578166,-1.0360805,-0.3052162,-0.45106298,-0.8924921,-0.0002689597,-0.6474572,-1.2696605,-0.1478383,-0.82330173,-1.2437806,-0.28179753,-0.94735646,-1.0829123,-0.35677683,-0.32721603,-0.8868864,-0.0933935,-0.50531864,-1.2521622,-0.20520148,-0.6911422,-1.2359025,-0.28510508,-0.8217992,-1.0973387,-0.32363683,-0.18799199,-0.8277852,-0.19391546,-0.34842268,-1.0879196,-0.2669708,-0.51702476,-1.1224523,-0.30907044,-0.6583866,-1.0678945,-0.33153293,C
0.0,0.0,0.0,-0.30499935,-0.1483528,-0.022575043,-0.5419562,-0.35343227,-0.06946507,-0.73906994,-0.4689991,-0.1426614,-0.9449193,-0.5112079,-0.21581483,-0.47023752,-0.893344,0.111916326,-0.6098165,-1.1801463,0.0103498725,-0.7345184,-1.2328072,-0.11062652,-0.86911374,-1.2074143,-0.1913343,-0.36375242,-0.93019783,0.04915457,-0.5034991,-1.2650008,-0.061803423,-0.64787084,-1.3092754,-0.18322726,-0.7901919,-1.2384146,-0.2583489,-0.24741597,-0.9147597,-0.035685744,-0.36803785,-1.2613046,-0.13014063,-0.5287233,-1.3117849,-0.20150858,-0.67766726,-1.2525059,-0.23834468,-0.11944153,-0.8515665,-0.12751575,-0.24209543,-1.1344483,-0.19286674,-0.38701212,-1.209052,-0.2262081,-0.5283303,-1.2008288,-0.2443489,C
0.0,0.0,0.0,-0.27332085,-0.18803918,-0.0012634172,-0.4961775,-0.45236173,-0.026207717,-0.6808882,-0.6052874,-0.0821337,-0.8776468,-0.66630304,-0.13893011,-0.35627857,-0.933467,0.14595324,-0.49324757,-1.2119327,0.07003194,-0.6232603,-1.3053538,-0.03083037,-0.75777924,-1.3369149,-0.10350849,-0.26071265,-0.9624219,0.07598033,-0.40996757,-1.2735643,-0.016112462,-0.56369877,-1.3526787,-0.124567464,-0.7175788,-1.3324356,-0.19329819,-0.15483339,-0.9528098,-0.014805323,-0.29795372,-1.2819921,-0.098304935,-0.46596012,-1.3626072,-0.16130543,-0.6237502,-1.3465797,-0.19241671,-0.040339492,-0.90587336,-0.111898616,-0.17770366,-1.198874,-0.17224434,-0.32682237,-1.31026,-0.20299263,-0.4726745,-1.343935,-0.21916528,C
0.0,0.0,0.0,-0.23815188,-0.1575239,-0.029280948,-0.4394149,-0.46438348,-0.060244333,-0.5932815,-0.665036,-0.11166002,-0.7750368,-0.7715403,-0.16204017,-0.29303747,-0.9681159,0.08558826,-0.39042673,-1.2755826,0.0005761654,-0.50096655,-1.3860732,-0.097900994,-0.6158615,-1.4184611,-0.16396257,-0.18785404,-0.98149675,0.037080333,-0.3039644,-1.3199742,-0.05642459,-0.4321826,-1.412139,-0.15791266,-0.5661652,-1.4024752,-0.21902065,-0.067684695,-0.94991946,-0.030691383,-0.17396368,-1.2995698,-0.11798937,-0.3255039,-1.3916755,-0.18170784,-0.4749672,-1.3885624,-0.2121482,0.06775493,-0.875526,-0.10474952,-0.031988166,-1.1868123,-0.17555974,-0.17067532,-1.3103038,-0.21316776,-0.31084034,-1.3541396,-0.23130146,C
0.0,0.0,0.0,-0.23938386,-0.19539165,-0.018213004,-0.42018914,-0.5059232,-0.031099468,-0.5622553,-0.71396095,-0.06530406,-0.7282543,-0.84922224,-0.09897683,-0.2505561,-0.969905,0.11982114,-0.34002665,-1.2507542,0.06610785,-0.43829316,-1.3788584,-0.013051613,-0.55206835,-1.466255,-0.07492424,-0.14613764,-0.9868035,0.0697333,-0.23604555,-1.3137863,0.0040245433,-0.35494292,-1.4300694,-0.083461024,-0.4916827,-1.4673599,-0.14281704,-0.03315603,-0.9544947,0.0004048003,-0.105142914,-1.3044907,-0.069713525,-0.23953076,-1.4164125,-0.1285095,-0.38704374,-1.4459903,-0.16109577,0.09026105,-0.88317215,-0.075415365,0.018827938,-1.1989641,-0.13953131,-0.10755528,-1.3329734,-0.1768997,-0.24704823,-1.394189,-0.19838975,C
0.0,0.0,0.0,-0.23666129,-0.19476487,-0.021297619,-0.40921664,-0.5056033,-0.03647935,-0.54184055,-0.7193844,-0.07229151,-0.7016349,-0.8694486,-0.10650647,-0.22002175,-0.9792174,0.12272289,-0.303669,-1.2642375,0.07450499,-0.39717907,-1.3924836,-0.0017747547,-0.5044291,-1.4801272,-0.062040105,-0.11268844,-0.9908729,0.07397396,-0.19921142,-1.3117701,0.015052493,-0.31289816,-1.4337893,-0.06906331,-0.446078,-1.4824332,-0.12784413,0.00082047534,-0.95239055,0.0050403043,-0.06859931,-1.2960442,-0.061851144,-0.19887425,-1.4161386,-0.120039225,-0.3437601,-1.459105,-0.15364224,0.12483455,-0.8796956,-0.07074643,0.05871406,-1.1969687,-0.1333318,-0.06131798,-1.3370504,-0.17016852,-0.195127,-1.4108698,-0.19215333,C
0.0,0.0,0.0,-0.22429213,-0.2318354,-0.013414752,-0.36939403,-0.5537603,-0.026301624,-0.48955068,-0.78065753,-0.06087071,-0.6352905,-0.950292,-0.094375126,-0.14596756,-0.99376214,0.12323277,-0.2033394,-1.2785617,0.07379503,-0.2897186,-1.4181714,-0.0028506548,-0.39668322,-1.5215322,-0.06359876,-0.0445516,-0.9964397,0.071575716,-0.0958712,-1.3278911,0.011258721,-0.20450313,-1.4635152,-0.072390676,-0.34044534,-1.5272887,-0.13019189,0.05862483,-0.94668925,0.0012653193,0.034056604,-1.304639,-0.062256876,-0.08679493,-1.445195,-0.11902248,-0.23245633,-1.5065488,-0.1521751,0.16689165,-0.85686684,-0.075403914,0.14060938,-1.1811051,-0.13516359,0.034970347,-1.3385223,-0.1710351,-0.09451115,-1.4235352,-0.19219603,C
0.0,0.0,0.0,-0.2276306,-0.24804547,-0.025913814,-0.37197873,-0.5711263,-0.04847781,-0.49442798,-0.81007844,-0.09005275,-0.63806856,-0.9893508,-0.12991114,-0.12157549,-1.0007243,0.10811577,-0.17456079,-1.2973256,0.055620734,-0.25754094,-1.4469199,-0.024887422,-0.3610687,-1.5621858,-0.089139864,-0.016225379,-0.99796546,0.061657317,-0.06175025,-1.3371274,-0.0028142992,-0.16917625,-1.4840993,-0.09012971,-0.30332163,-1.5575955,-0.1507145,0.087296985,-0.9410757,-0.0035848494,0.07015589,-1.2981834,-0.06537313,-0.039742734,-1.448899,-0.12046618,-0.17676543,-1.5193937,-0.1540078,0.19724013,-0.8390789,-0.0766457,0.19075128,-1.1571157,-0.13222016,0.09774958,-1.3233243,-0.16503307,-0.023980176,-1.4172826,-0.18494056,C
0.0,0.0,0.0,-0.2241308,-0.253258,-0.03255807,-0.36161005,-0.6018048,-0.058969583,-0.4650143,-0.8628768,-0.10140726,-0.5985703,-1.046297,-0.14382847,-0.09688258,-1.0145675,0.07502827,-0.1294303,-1.3255591,0.006195376,-0.20065424,-1.4872332,-0.08104267,-0.29804102,-1.6096318,-0.14751795,0.020043157,-0.99938846,0.028652286,0.003406739,-1.3539886,-0.056051724,-0.09092636,-1.5126116,-0.15143658,-0.22283788,-1.5969946,-0.21440387,0.13076364,-0.93059874,-0.035473645,0.14157362,-1.295834,-0.11586578,0.041697983,-1.4691981,-0.1813405,-0.092930324,-1.5566014,-0.21878877,0.24157055,-0.8141542,-0.106201775,0.24655321,-1.1383582,-0.17821841,0.16670227,-1.33175,-0.22217675,0.05375253,-1.4567938,-0.24787505,C
0.0,0.0,0.0,-0.19735923,-0.29659814,-0.04356144,-0.3036768,-0.6744598,-0.067548245,-0.3934464,-0.95111316,-0.1052922,-0.50683904,-1.1677752,-0.14030185,-0.02111409,-1.0214744,0.06702784,-0.022558963,-1.3576288,-0.0016017937,-0.084669486,-1.5333372,-0.084210895,-0.16993527,-1.6720268,-0.14524893,0.10075783,-0.994499,0.028627135,0.120811746,-1.3804682,-0.048146956,0.028087102,-1.5620447,-0.13160846,-0.097450875,-1.6759413,-0.18665975,0.2140436,-0.9154745,-0.028533002,0.26091823,-1.3165593,-0.10007395,0.16225398,-1.4991585,-0.15068209,0.03010902,-1.5949798,-0.17865293,0.32783446,-0.78869826,-0.09408932,0.3685353,-1.1288562,-0.15395305,0.29502383,-1.31229,-0.18277363,0.18164897,-1.418749,-0.19819665,C
0.0,0.0,0.0,-0.2052447,-0.29773375,-0.051242385,-0.303086,-0.68041784,-0.082316376,-0.36833176,-0.9719366,-0.12821071,-0.4708793,-1.2066437,-0.17206879,-0.0011906796,-1.0072358,0.05508097,0.0019860952,-1.3393432,-0.02296241,-0.05248796,-1.5226868,-0.112237126,-0.12811597,-1.6699383,-0.17670785,0.12223863,-0.9923597,0.016732074,0.13743247,-1.3757471,-0.067229025,0.053773634,-1.5720501,-0.15522401,-0.05747305,-1.7028809,-0.21312648,0.23625705,-0.92458415,-0.041910198,0.27874213,-1.3307118,-0.12230456,0.18804522,-1.537537,-0.18036716,0.0659752,-1.6588633,-0.21123117,0.34773436,-0.80944806,-0.109584674,0.39229503,-1.1693699,-0.17787845,0.32093826,-1.3839638,-0.21295135,0.20769815,-1.5227702,-0.23120773,C
0.0,0.0,0.0,-0.17709355,-0.31082878,-0.045370776,-0.2540156,-0.6860052,-0.07972941,-0.31022358,-0.97908986,-0.12793805,-0.40103567,-1.2210643,-0.17278017,0.0704437,-0.9997941,0.054246403,0.078486286,-1.3080932,-0.020382077,0.018550392,-1.4793308,-0.10821682,-0.062121656,-1.6243955,-0.1729892,0.18496495,-0.9826129,0.01612132,0.20139733,-1.346731,-0.055907473,0.11840615,-1.5422461,-0.1327457,0.009589586,-1.6795743,-0.18685746,0.28508776,-0.90322125,-0.04123582,0.33504272,-1.2781354,-0.10737445,0.25344217,-1.4801041,-0.15158607,0.13973358,-1.6125282,-0.17790966,0.37200952,-0.76897156,-0.10774957,0.43257904,-1.0930634,-0.16229361,0.3818583,-1.3034536,-0.18786445,0.28797188,-1.4606906,-0.20206799,C
0.0,0.0,0.0,-0.15134571,-0.34164855,-0.025995366,-0.19887932,-0.7395827,-0.04696534,-0.24155934,-1.0352111,-0.086211696,-0.31829375,-1.2779766,-0.122894995,0.1275724,-1.00052,0.08356241,0.1547543,-1.3036225,0.014808618,0.10346966,-1.4844221,-0.069838285,0.028239448,-1.6343716,-0.13156739,0.23521192,-0.97122353,0.037418075,0.27293476,-1.3286451,-0.027199263,0.20024264,-1.5292312,-0.10087518,0.09720275,-1.6810813,-0.15215136,0.32637092,-0.8824369,-0.027737223,0.39559883,-1.2529048,-0.08925276,0.32775524,-1.4627728,-0.12946664,0.22203107,-1.6127113,-0.15248714,0.40145344,-0.74483114,-0.100980386,0.4778448,-1.0583298,-0.15054569,0.4457738,-1.2703023,-0.17087284,0.3675651,-1.4378021,-0.18151385,C
0.0,0.0,0.0,-0.16234322,-0.34813398,-0.031569816,-0.20123263,-0.7339985,-0.057366475,-0.24363321,-1.0463027,-0.101927094,-0.3273548,-1.3012245,-0.14435674,0.15518005,-0.9725917,0.07964612,0.16188814,-1.2951412,0.017256983,0.112875104,-1.4931242,-0.06211658,0.050298933,-1.6580324,-0.12212754,0.26427004,-0.96377087,0.036153596,0.28028628,-1.3392787,-0.021897644,0.20186144,-1.5558964,-0.08945179,0.10135827,-1.7156132,-0.13737364,0.352547,-0.8948138,-0.026587684,0.39965823,-1.2778082,-0.079721384,0.3218791,-1.5047957,-0.11434649,0.21661423,-1.6718714,-0.1350536,0.41726142,-0.7757825,-0.098890886,0.48661578,-1.098819,-0.14275731,0.45041376,-1.325695,-0.16064392,0.37398788,-1.5086049,-0.17008673,C
0.0,0.0,0.0,-0.17467768,-0.34317663,-0.005700429,-0.23988016,-0.743402,-0.031416792,-0.30567583,-1.0382589,-0.08357013,-0.39652246,-1.2907624,-0.13544585,0.14087449,-0.9903726,0.08969948,0.13718309,-1.3345791,0.010067488,0.05300129,-1.533223,-0.07874995,-0.04020037,-1.6755729,-0.13953635,0.2470523,-0.96869344,0.024458554,0.2541239,-1.3942883,-0.05117074,0.13312691,-1.6180032,-0.123404756,0.004242904,-1.7612057,-0.17048523,0.3312011,-0.8952627,-0.059515156,0.36632574,-1.3347306,-0.12690154,0.2451168,-1.5555339,-0.1575203,0.11515284,-1.6932334,-0.17213322,0.39058805,-0.78428304,-0.15071243,0.44867224,-1.1371546,-0.19837175,0.39539397,-1.3515434,-0.20926835,0.31136373,-1.5095909,-0.21284139,C
0.0,0.0,0.0,-0.20185679,-0.28346017,-0.035240848,-0.29960474,-0.6695532,-0.0598674,-0.39397395,-0.9501689,-0.10336822,-0.51825637,-1.1671312,-0.14347963,0.005316368,-1.0040693,0.08658432,-0.008288893,-1.3360343,0.015398086,-0.09114874,-1.5104784,-0.06913151,-0.19209197,-1.6338629,-0.12751663,0.10722646,-0.99330604,0.042960413,0.09926195,-1.3778027,-0.02717518,-0.010366812,-1.5642195,-0.102905825,-0.14130121,-1.6801991,-0.15127885,0.20142087,-0.9401701,-0.02132192,0.21633716,-1.3400464,-0.08780067,0.09825552,-1.5258677,-0.12830918,-0.03809209,-1.6358068,-0.14730388,0.28521222,-0.8479734,-0.09437964,0.28813466,-1.2092922,-0.14385611,0.19226615,-1.3871151,-0.15819994,0.07381666,-1.4942718,-0.16216601,C
0.0,0.0,0.0,-0.22663872,-0.25314072,-0.02592672,-0.37802723,-0.5864035,-0.05047194,-0.5137659,-0.821687,-0.09526219,-0.65776134,-1.0097096,-0.13689269,-0.11904676,-0.99756134,0.101517856,-0.17347279,-1.3125724,0.034094367,-0.27101588,-1.4654123,-0.05337201,-0.3877507,-1.5681955,-0.11607762,-0.019529711,-0.99838847,0.0532824,-0.06584259,-1.3578367,-0.018132634,-0.18940894,-1.5201358,-0.10189203,-0.3357642,-1.6031028,-0.15766063,0.07905145,-0.95297056,-0.015291968,0.061944537,-1.3324418,-0.081335336,-0.065579034,-1.4955972,-0.13036403,-0.20891087,-1.5705429,-0.156952,0.17488231,-0.8703109,-0.09190426,0.1495239,-1.2060518,-0.14416619,0.043719456,-1.3734505,-0.1680383,-0.07866418,-1.4644027,-0.17980506,C
0.0,0.0,0.0,-0.24185921,-0.23221196,-0.030716937,-0.41063213,-0.53306526,-0.06251124,-0.5553064,-0.748064,-0.11365804,-0.7143971,-0.9186529,-0.16294523,-0.18277636,-0.98815995,0.09145513,-0.26662138,-1.288098,0.021926016,-0.36925033,-1.4218236,-0.06903354,-0.48872957,-1.5144582,-0.13543817,-0.0745342,-0.99629325,0.042946033,-0.14990938,-1.3393483,-0.030865323,-0.2771312,-1.4782233,-0.11970711,-0.426354,-1.5386435,-0.1793439,0.03571388,-0.9526359,-0.025488941,-0.013248188,-1.3157599,-0.094145395,-0.1453988,-1.4675113,-0.14608085,-0.29760858,-1.5348036,-0.17467579,0.14766061,-0.86628926,-0.102153905,0.097587384,-1.19349,-0.16020207,-0.016119692,-1.359237,-0.18779221,-0.15153599,-1.4498845,-0.20173045,C
0.0,0.0,0.0,-0.26061708,-0.1420008,-0.04935579,-0.48416096,-0.39488629,-0.09275854,-0.64964724,-0.5875825,-0.15108845,-0.8334714,-0.7256426,-0.20667057,-0.3563923,-0.9347688,0.064234845,-0.47849274,-1.2390742,-0.014375411,-0.5915812,-1.3535682,-0.110207014,-0.71654797,-1.4145938,-0.17824405,-0.24562983,-0.96904635,0.024802169,-0.37063974,-1.3018566,-0.055479445,-0.4971561,-1.4082158,-0.147416,-0.6320113,-1.4261074,-0.20842382,-0.12468254,-0.95364594,-0.03521703,-0.22790322,-1.3003751,-0.106887095,-0.36284938,-1.4106688,-0.16043152,-0.5044099,-1.4298104,-0.19051664,0.013399782,-0.8956867,-0.10470896,-0.07996375,-1.2047093,-0.16558126,-0.21023446,-1.3317459,-0.19638051,-0.35063183,-1.380678,-0.21265619,C
0.0,0.0,0.0,-0.27862546,-0.1411219,-0.0518008,-0.50838333,-0.3674446,-0.095547505,-0.6764894,-0.5551292,-0.1537474,-0.8612348,-0.68292147,-0.20795834,-0.40099388,-0.91736853,0.067498915,-0.523165,-1.213382,-0.017254427,-0.63649803,-1.3175161,-0.11886099,-0.76282954,-1.3652868,-0.18997256,-0.28975305,-0.9566303,0.030027285,-0.41347593,-1.2831347,-0.057319313,-0.53884095,-1.3858607,-0.15527727,-0.6716634,-1.3978412,-0.2196742,-0.16635732,-0.9440267,-0.028681047,-0.27039257,-1.2746176,-0.10470264,-0.3980462,-1.3782212,-0.16204982,-0.52999103,-1.3829097,-0.19382557,-0.024799408,-0.8864467,-0.09746166,-0.11129949,-1.1781213,-0.15924531,-0.23729469,-1.2944628,-0.19216008,-0.37272608,-1.3291365,-0.20970324,C
0.0,0.0,0.0,-0.27359045,-0.12932639,-0.06451089,-0.5027803,-0.37571093,-0.11825473,-0.67930984,-0.5692232,-0.18563615,-0.8822645,-0.6795773,-0.24997993,-0.38751417,-0.92116463,0.0588454,-0.5250091,-1.2106961,-0.03498807,-0.6528847,-1.302138,-0.14462495,-0.7862702,-1.3319821,-0.2199659,-0.2795136,-0.95977014,0.02671082,-0.43290955,-1.2600089,-0.062496085,-0.5738805,-1.3462696,-0.16382736,-0.7182601,-1.3608912,-0.23248573,-0.15410778,-0.95136267,-0.028069295,-0.29619572,-1.2607869,-0.11025897,-0.44691154,-1.3516042,-0.16641568,-0.59424645,-1.35915,-0.19746682,-0.00526865,-0.904291,-0.09340739,-0.12979768,-1.1900972,-0.15542956,-0.267252,-1.2874906,-0.18162975,-0.40575626,-1.3108418,-0.1945749,C
0.0,0.0,0.0,-0.28360534,-0.16863437,-0.002851758,-0.4993616,-0.4278897,-0.014145151,-0.6679495,-0.60318726,-0.05558671,-0.8507154,-0.71195984,-0.09536105,-0.38129526,-0.9149502,0.17389013,-0.50614834,-1.1837521,0.11589206,-0.62410766,-1.2768394,0.025154838,-0.7544957,-1.3158164,-0.04218874,-0.28725693,-0.95150286,0.11011737,-0.42161757,-1.256405,0.039146688,-0.56796163,-1.3376486,-0.06417761,-0.7167706,-1.3193727,-0.13184436,-0.18273777,-0.9431602,0.024481196,-0.2974491,-1.2691287,-0.04466442,-0.46047032,-1.3421451,-0.109597586,-0.6152481,-1.313123,-0.14428455,-0.06656877,-0.8973878,-0.067989804,-0.18259221,-1.1891954,-0.122226976,-0.322999,-1.2819332,-0.1530102,-0.45715111,-1.2890846,-0.16911574,C
0.0,0.0,0.0,-0.28117862,-0.18471763,0.042031903,-0.47676378,-0.44574848,0.048077155,-0.64552605,-0.61539716,0.013386448,-0.82155555,-0.7154242,-0.019898487,-0.34285143,-0.91239333,0.22682144,-0.4585457,-1.1894015,0.18440005,-0.59251004,-1.280274,0.104852766,-0.7296367,-1.3112211,0.04591123,-0.2694792,-0.95214343,0.14423531,-0.4075194,-1.2683749,0.09118069,-0.5742448,-1.3491365,0.0022250025,-0.7285309,-1.3197954,-0.055892993,-0.19069415,-0.951444,0.042069532,-0.309171,-1.2721497,0.0035590525,-0.49557048,-1.3489697,-0.044665642,-0.66319907,-1.3225933,-0.07372044,-0.10632821,-0.9108456,-0.065943815,-0.21450382,-1.1831017,-0.08751792,-0.3605248,-1.2838417,-0.103669904,-0.5006251,-1.3015599,-0.114142135,C
0.0,0.0,0.0,-0.3026472,-0.1910949,0.09263916,-0.4844333,-0.4709521,0.12761591,-0.6426053,-0.6463927,0.10848401,-0.82120293,-0.74363524,0.08642078,-0.34052822,-0.89736867,0.30855387,-0.45521772,-1.1644876,0.30314812,-0.5864666,-1.2521595,0.24373642,-0.72346,-1.2922763,0.19231606,-0.2743108,-0.94065535,0.1998026,-0.4119622,-1.2444042,0.18089224,-0.5843409,-1.3238353,0.10020241,-0.74076104,-1.3053769,0.04064446,-0.20597576,-0.94050616,0.07326876,-0.32595026,-1.2509063,0.05335181,-0.5190389,-1.3197783,0.0053665596,-0.6893272,-1.2955252,-0.029169872,-0.1396124,-0.9028695,-0.055312105,-0.25815743,-1.1834315,-0.06375878,-0.41245675,-1.2669108,-0.07247625,-0.55330664,-1.2722307,-0.082448676,C
0.0,0.0,0.0,-0.29148313,-0.17196886,0.064975455,-0.48348713,-0.43410295,0.088376194,-0.6514199,-0.60568386,0.06493779,-0.828608,-0.70592475,0.04108905,-0.36337614,-0.89021295,0.27196556,-0.48109165,-1.1544424,0.2527144,-0.6097486,-1.2480317,0.18530412,-0.74346346,-1.2917304,0.12977035,-0.2952102,-0.93867433,0.17816094,-0.4336468,-1.2408593,0.14686182,-0.5980527,-1.3258175,0.061485842,-0.7504105,-1.3101921,0.00037402165,-0.21753605,-0.94676185,0.06586465,-0.33674818,-1.2552242,0.037666,-0.52100796,-1.3278939,-0.012032946,-0.6867723,-1.3036956,-0.045505583,-0.13225824,-0.91554654,-0.050453916,-0.25155926,-1.189862,-0.0663956,-0.4051591,-1.2798288,-0.07905763,-0.548027,-1.2877651,-0.089483954,C
0.0,0.0,0.0,-0.2963719,-0.1693367,0.026545972,-0.50077736,-0.4202785,0.030189576,-0.6695692,-0.5975417,-0.0043096007,-0.85041666,-0.7048703,-0.038532235,-0.38150495,-0.8931113,0.22892348,-0.5015634,-1.1517202,0.20031255,-0.62459177,-1.2489954,0.124926634,-0.75560474,-1.3019503,0.062123902,-0.30202073,-0.9410502,0.15234204,-0.44353122,-1.226056,0.11235661,-0.5996208,-1.3132473,0.021148,-0.7472074,-1.3170441,-0.044481725,-0.21290593,-0.9432656,0.055368364,-0.34282836,-1.236005,0.017813882,-0.518993,-1.3171077,-0.032828584,-0.68139434,-1.3130443,-0.06651299,-0.113696955,-0.90126616,-0.04839332,-0.23140182,-1.1688929,-0.07335411,-0.37406892,-1.2618369,-0.08724493,-0.5094866,-1.2812798,-0.0974276,C
0.0,0.0,0.0,-0.27833337,-0.17086524,-0.017961025,-0.48732704,-0.42677483,-0.041972976,-0.65371054,-0.61571157,-0.093724325,-0.826798,-0.76496506,-0.14165518,-0.31629547,-0.93008375,0.15263489,-0.42837405,-1.2045299,0.091336794,-0.5531806,-1.3104144,-0.00040038052,-0.681733,-1.3720677,-0.06950854,-0.21928112,-0.9710995,0.09424159,-0.34978324,-1.2863148,0.026528044,-0.5013794,-1.3826296,-0.06873192,-0.6486395,-1.3962579,-0.13330492,-0.116544016,-0.9696736,0.013062416,-0.24231862,-1.3126891,-0.049657654,-0.4126116,-1.3973892,-0.1002523,-0.5636289,-1.3887651,-0.12753363,-0.007507676,-0.93220323,-0.07751952,-0.13180245,-1.2393705,-0.1254585,-0.27960345,-1.3420743,-0.14523832,-0.41510487,-1.3572915,-0.15365916,C
0.0,0.0,0.0,-0.26163316,-0.16221285,-0.053012595,-0.46710494,-0.45937148,-0.08831183,-0.6129681,-0.6880457,-0.13733453,-0.76902026,-0.859962,-0.18214346,-0.32065862,-0.9424435,0.0719917,-0.40873316,-1.2317486,-0.0020259407,-0.5071395,-1.3567854,-0.09118684,-0.6210627,-1.4390118,-0.15615425,-0.20107205,-0.9788872,0.036739733,-0.29919857,-1.3007909,-0.036963813,-0.42159724,-1.4198987,-0.12233827,-0.5629183,-1.4721136,-0.1796134,-0.078890055,-0.9678753,-0.019496828,-0.16728403,-1.3124098,-0.08910091,-0.2995964,-1.4385678,-0.13432007,-0.44844872,-1.4810781,-0.15873967,0.054412797,-0.91136026,-0.08575686,-0.022530995,-1.2177566,-0.14101762,-0.1302613,-1.3575008,-0.16108261,-0.25672624,-1.4216903,-0.16972865,C
0.0,0.0,0.0,-0.2544784,-0.16887349,-0.056891013,-0.44232658,-0.4414788,-0.10168844,-0.588521,-0.6724111,-0.16220613,-0.74929875,-0.8504655,-0.21540083,-0.29651505,-0.93241894,0.09132796,-0.4105527,-1.2322022,0.0017416416,-0.53098357,-1.3169385,-0.10352798,-0.6421643,-1.3260787,-0.170163,-0.19393724,-0.9791104,0.06108325,-0.30936012,-1.3211821,-0.010953323,-0.44143617,-1.4372747,-0.102814615,-0.5791347,-1.464027,-0.16374624,-0.07977577,-0.9822623,0.0059471065,-0.1775645,-1.3348587,-0.053324502,-0.3141861,-1.4646022,-0.10216827,-0.45745102,-1.4937625,-0.13027188,0.04946871,-0.94027996,-0.060825095,-0.026889687,-1.2538834,-0.100918606,-0.13959171,-1.3945899,-0.12041555,-0.26885015,-1.45289,-0.13034642,C
0.0,0.0,0.0,-0.25277755,-0.19273518,-0.029148338,-0.43030953,-0.50277764,-0.047879796,-0.5683378,-0.74731886,-0.08662687,-0.73643947,-0.87582326,-0.12096917,-0.28247643,-0.9390768,0.13104504,-0.37536296,-1.2308925,0.06223765,-0.49008852,-1.3253958,-0.031666923,-0.60300195,-1.3552766,-0.09557877,-0.1826705,-0.97880274,0.09261023,-0.27450505,-1.3067294,0.036531806,-0.39769715,-1.4262908,-0.048326667,-0.52974766,-1.4666991,-0.10657891,-0.070472874,-0.9656551,0.031521384,-0.15206993,-1.3080572,-0.017171433,-0.2795012,-1.4378825,-0.06381009,-0.41519612,-1.4785779,-0.09267634,0.05552714,-0.90580434,-0.039503332,-0.005011969,-1.2096463,-0.07452475,-0.112436496,-1.3493233,-0.09409552,-0.23812883,-1.4164386,-0.10621505,C
0.0,0.0,0.0,-0.26184866,-0.1795702,-0.03180608,-0.44194835,-0.48762146,-0.056022696,-0.5856442,-0.73066765,-0.10052687,-0.7563307,-0.8730246,-0.14000122,-0.28723952,-0.93751186,0.12434831,-0.38689885,-1.2358781,0.0464145,-0.51107544,-1.3264492,-0.053632345,-0.6325643,-1.3419944,-0.119823344,-0.19391212,-0.97738886,0.08431527,-0.29423407,-1.3129457,0.017395196,-0.43067378,-1.4212542,-0.07506001,-0.57325894,-1.4424908,-0.13704996,-0.086264916,-0.9652328,0.021277571,-0.17042775,-1.3213829,-0.03586587,-0.31118423,-1.4480103,-0.08912832,-0.45700267,-1.4763339,-0.12123382,0.035093993,-0.9070725,-0.051397238,-0.026143577,-1.222886,-0.09347857,-0.13946797,-1.3695737,-0.11909781,-0.27079633,-1.4399747,-0.13462897,C
0.0,0.0,0.0,-0.25778714,-0.18466018,-0.020675251,-0.4405322,-0.48135787,-0.040318128,-0.58859044,-0.70778847,-0.083756275,-0.7574712,-0.8590409,-0.12234518,-0.27971172,-0.93373066,0.14285332,-0.3916822,-1.2222918,0.07210258,-0.51573795,-1.2979513,-0.022174185,-0.63489646,-1.3066076,-0.08355263,-0.18391652,-0.9780898,0.09754497,-0.29438198,-1.3172495,0.03899039,-0.4314259,-1.4278708,-0.047312085,-0.57476085,-1.4453815,-0.10468013,-0.0754419,-0.9709897,0.0288761,-0.16695224,-1.3335108,-0.022935923,-0.31117398,-1.4555899,-0.071719885,-0.46120766,-1.4716903,-0.099415526,0.041221924,-0.9250419,-0.048596088,-0.03965025,-1.2463014,-0.08784745,-0.16155232,-1.3830351,-0.10911769,-0.29740822,-1.434834,-0.12023979,C
0.0,0.0,0.0,-0.26429108,-0.1869714,-0.04355925,-0.45941982,-0.46477944,-0.07691275,-0.61349,-0.6918774,-0.12981825,-0.7842768,-0.8532349,-0.17873965,-0.3003737,-0.9386818,0.112709604,-0.41398236,-1.2351954,0.03170038,-0.5291434,-1.3427768,-0.069674976,-0.64565873,-1.3959378,-0.1390888,-0.19798838,-0.97747076,0.07315383,-0.30979002,-1.3275949,-0.011488628,-0.446997,-1.4417074,-0.11488478,-0.59344345,-1.4658557,-0.18048061,-0.08590014,-0.9696397,0.010137424,-0.17956607,-1.330896,-0.06743174,-0.32835323,-1.4484335,-0.13039578,-0.48110652,-1.4614866,-0.16210334,0.038038533,-0.92205733,-0.062247846,-0.04632043,-1.2422496,-0.119669065,-0.16641954,-1.3793584,-0.14934033,-0.2979679,-1.4303936,-0.16316046,C
0.0,0.0,0.0,-0.26159534,-0.16676192,-0.035000358,-0.4637187,-0.43473443,-0.06395591,-0.6332954,-0.6372105,-0.11567116,-0.80179054,-0.80619925,-0.16250396,-0.30282393,-0.93748266,0.14518994,-0.41112846,-1.2193917,0.094156496,-0.5267359,-1.3258823,0.009697446,-0.65284264,-1.3883947,-0.05552784,-0.20334579,-0.9740634,0.09925231,-0.32603225,-1.2953883,0.040279686,-0.4730187,-1.4085323,-0.055704255,-0.6270658,-1.4372318,-0.122592054,-0.09707633,-0.9684239,0.03000844,-0.19994426,-1.3182949,-0.029502578,-0.3624897,-1.4298813,-0.09167689,-0.5275348,-1.4383137,-0.12844487,0.020229911,-0.92876023,-0.048845746,-0.08506959,-1.2469553,-0.10075561,-0.222594,-1.370276,-0.132747,-0.36240748,-1.3973141,-0.15070367,C
0.0,0.0,0.0,-0.26221868,-0.1644089,-0.030748717,-0.4590701,-0.37916508,-0.070404105,-0.62714803,-0.5562901,-0.13528842,-0.7900668,-0.73218584,-0.194139,-0.34063798,-0.9263191,0.14701828,-0.4641636,-1.1967475,0.08256842,-0.5900372,-1.2852384,-0.014197914,-0.7216882,-1.3223113,-0.08343222,-0.2501891,-0.96325356,0.09771367,-0.38950408,-1.2713255,0.028558223,-0.5354154,-1.3613287,-0.07133931,-0.67705595,-1.3578368,-0.13632196,-0.1545582,-0.9589544,0.025270471,-0.28010666,-1.2841417,-0.025324052,-0.4335756,-1.3738745,-0.0736106,-0.5775608,-1.3604903,-0.100177035,-0.043507885,-0.9137135,-0.058676817,-0.15707342,-1.2150373,-0.09621201,-0.2918783,-1.3321004,-0.115538366,-0.4247451,-1.360849,-0.123277366,C
0.0,0.0,0.0,-0.28700376,-0.15583074,-0.014295501,-0.49548525,-0.37338164,-0.04769542,-0.6711428,-0.5512138,-0.11094786,-0.861348,-0.6883631,-0.17289948,-0.3900533,-0.9058019,0.15631703,-0.53811175,-1.1700318,0.09108184,-0.6682982,-1.2506864,-0.009760637,-0.80574983,-1.2774873,-0.084181175,-0.30065963,-0.9492007,0.092853725,-0.45882827,-1.2487876,0.02136085,-0.61963373,-1.3205305,-0.083924666,-0.7715757,-1.2954473,-0.15648273,-0.2028879,-0.94528896,0.006921356,-0.33715293,-1.2664223,-0.05122523,-0.5069856,-1.3372403,-0.107335724,-0.66353345,-1.310809,-0.1427638,-0.09086346,-0.89670914,-0.08875205,-0.2099565,-1.1942809,-0.13319415,-0.35300282,-1.2908016,-0.15680449,-0.49135694,-1.3023195,-0.1713647,C
0.0,0.0,0.0,-0.28804693,-0.15696274,-0.0042604916,-0.5048001,-0.3755233,-0.032354593,-0.6945293,-0.5448133,-0.09363971,-0.8945478,-0.6594189,-0.15382993,-0.38826358,-0.89939755,0.17478769,-0.53601927,-1.1562146,0.10804921,-0.6676702,-1.2340591,0.005941767,-0.80204225,-1.2566911,-0.06917182,-0.29907107,-0.94830537,0.10617627,-0.4523476,-1.2478012,0.027275596,-0.61032397,-1.311264,-0.085136645,-0.7620765,-1.2641219,-0.15922442,-0.20006125,-0.9535165,0.015439434,-0.33278722,-1.2785896,-0.05041819,-0.5088236,-1.3446429,-0.11237108,-0.6694047,-1.2993468,-0.14735143,-0.0895366,-0.913017,-0.08373012,-0.22304162,-1.1877283,-0.13393651,-0.3766256,-1.2865556,-0.16334285,-0.522835,-1.2946999,-0.17958492,C
0.0,0.0,0.0,-0.28967083,-0.1663617,0.01964481,-0.50299925,-0.4024202,-0.0019207934,-0.6851996,-0.5352367,-0.063881144,-0.87649983,-0.62517834,-0.12638143,-0.39640418,-0.9028074,0.17541459,-0.5573401,-1.1833643,0.08433065,-0.6941837,-1.2223487,-0.029498445,-0.8155106,-1.1802729,-0.10442208,-0.30622125,-0.9476775,0.09019951,-0.47796336,-1.2770605,-0.015741495,-0.64853007,-1.296669,-0.14010212,-0.7871777,-1.185615,-0.2139706,-0.20599489,-0.94234514,-0.015960004,-0.3589176,-1.2844294,-0.09880118,-0.55857897,-1.307196,-0.17375718,-0.71674854,-1.2140218,-0.21197887,-0.101739876,-0.88467056,-0.12775105,-0.2421443,-1.1592861,-0.18524404,-0.41180676,-1.2324144,-0.22442472,-0.56190413,-1.211287,-0.24640968,C
0.0,0.0,0.0,-0.2965596,-0.18072914,-0.00400198,-0.5166194,-0.42477027,-0.04452576,-0.7045131,-0.57748604,-0.11936691,-0.90301055,-0.66902876,-0.19437242,-0.40012687,-0.9159051,0.12992328,-0.5608681,-1.2150127,0.019856792,-0.7006721,-1.2716587,-0.10526703,-0.8290687,-1.2458584,-0.18701844,-0.30461955,-0.95101714,0.052663166,-0.47204518,-1.2976167,-0.0776741,-0.6411697,-1.3346261,-0.21489854,-0.7891324,-1.2482132,-0.29584968,-0.19916144,-0.9393508,-0.045693263,-0.34416822,-1.2970512,-0.15037045,-0.5353189,-1.333906,-0.23530042,-0.69496244,-1.2537832,-0.2773453,-0.086830124,-0.8801131,-0.14999485,-0.22266136,-1.1699367,-0.22202092,-0.38788655,-1.2581462,-0.26884103,-0.54109347,-1.2560678,-0.29531458,C
0.0,0.0,0.0,-0.25739148,-0.18660317,-0.03547293,-0.47764468,-0.44339794,-0.08121008,-0.6703098,-0.6188192,-0.15222776,-0.87910247,-0.73424286,-0.22048917,-0.3500209,-0.93039507,0.118143104,-0.5054331,-1.2265289,0.027408753,-0.6356859,-1.2981238,-0.08355263,-0.74847436,-1.2845113,-0.15529454,-0.25645933,-0.9640429,0.06964155,-0.43411222,-1.2814687,-0.018927647,-0.5788643,-1.3622582,-0.12627658,-0.7076657,-1.3324406,-0.19418855,-0.14485127,-0.9602587,-0.0035204815,-0.30702665,-1.2766184,-0.08394001,-0.4624701,-1.3565819,-0.14191754,-0.60241395,-1.3400196,-0.17012212,-0.013744939,-0.9191997,-0.085741214,-0.15127993,-1.2078742,-0.145467,-0.30141956,-1.3057978,-0.17236252,-0.44940463,-1.324957,-0.18444578,C
0.0,0.0,0.0,-0.28319934,-0.16181493,-0.013622954,-0.50792557,-0.41375595,-0.030106105,-0.69842476,-0.59557486,-0.07392399,-0.89328957,-0.7218323,-0.11473671,-0.3680602,-0.9022231,0.1706177,-0.51626813,-1.1824542,0.12074276,-0.64712536,-1.2810191,0.033736985,-0.78503907,-1.3229166,-0.031139378,-0.27555096,-0.95419914,0.11651454,-0.42218578,-1.2652749,0.06514688,-0.57395744,-1.3651171,-0.02607282,-0.72291255,-1.3664559,-0.09059244,-0.17086194,-0.9632611,0.039667316,-0.29357815,-1.288986,-0.0067950473,-0.44666904,-1.39288,-0.058118083,-0.5951768,-1.3982167,-0.09080067,-0.051593132,-0.93671316,-0.046342246,-0.15967362,-1.230334,-0.08166768,-0.29831904,-1.3376886,-0.10121468,-0.43669775,-1.3641398,-0.11392248,C
0.0,0.0,0.0,-0.2935683,-0.13116126,-0.0029487498,-0.53496563,-0.37170017,-0.0042571677,-0.72247124,-0.56423426,-0.031355157,-0.9119087,-0.6905627,-0.055427272,-0.38867512,-0.8804781,0.18077803,-0.5493519,-1.1606226,0.14706288,-0.6791647,-1.2520472,0.07449474,-0.81318736,-1.2979571,0.019857883,-0.28652704,-0.9492321,0.12984866,-0.45223278,-1.25877,0.09743036,-0.59919703,-1.3539147,0.021138469,-0.7442957,-1.3621812,-0.033526387,-0.17796642,-0.9669768,0.057510138,-0.31608424,-1.2940003,0.025038026,-0.46635833,-1.3963372,-0.017157177,-0.6148982,-1.4075906,-0.044991937,-0.058848143,-0.947374,-0.022339487,-0.18605538,-1.2427396,-0.050012592,-0.3213844,-1.3432412,-0.06275545,-0.45793316,-1.3714716,-0.07038381,C
0.0,0.0,0.0,-0.28477126,-0.11350856,0.0074928845,-0.5067859,-0.3430095,0.0004146166,-0.69043183,-0.5353054,-0.0344901,-0.87306565,-0.6615162,-0.0650066,-0.37632346,-0.88739026,0.16570543,-0.52778196,-1.161796,0.12113428,-0.6678108,-1.2462989,0.042198177,-0.81049466,-1.2774649,-0.016080325,-0.2980448,-0.94867104,0.105794944,-0.46186894,-1.2604775,0.061490778,-0.62850916,-1.3537365,-0.017796436,-0.7882363,-1.3491704,-0.074158296,-0.21760063,-0.9615455,0.026738271,-0.3580136,-1.2951964,-0.0070263124,-0.52373534,-1.3904153,-0.04960926,-0.67984504,-1.3837335,-0.079464816,-0.13401708,-0.93296933,-0.059968002,-0.2511,-1.2323493,-0.08593929,-0.38929585,-1.3390038,-0.10220213,-0.52706087,-1.3584485,-0.113021076,C
0.0,0.0,0.0,-0.29894695,-0.17455953,0.031364344,-0.5159203,-0.42307073,0.034345634,-0.69754046,-0.5959179,0.00020654208,-0.8980828,-0.6838247,-0.034317505,-0.37126234,-0.90261406,0.22860949,-0.5136282,-1.1639962,0.19325438,-0.65118104,-1.257196,0.11242911,-0.7942634,-1.2884867,0.052732572,-0.2919042,-0.94348073,0.156959,-0.43173188,-1.2411201,0.12597547,-0.5848442,-1.3315073,0.047066502,-0.7389325,-1.338848,-0.009876888,-0.21137126,-0.9534202,0.06398401,-0.3359514,-1.2590678,0.043239623,-0.48782465,-1.3572757,0.011875514,-0.6339364,-1.3639593,-0.010237108,-0.12755358,-0.9296745,-0.03667203,-0.23604152,-1.2167389,-0.041289512,-0.36272326,-1.3308232,-0.03832662,-0.49273035,-1.3668647,-0.038296048,C
0.0,0.0,0.0,-0.30739164,-0.17149654,0.043680754,-0.5374028,-0.4305664,0.031750396,-0.729218,-0.5801823,-0.01976418,-0.9179144,-0.6765942,-0.07142446,-0.33712134,-0.9219206,0.15929557,-0.5052564,-1.2006432,0.07883071,-0.67956656,-1.2689842,-0.021442251,-0.8402041,-1.2570397,-0.08854092,-0.2551233,-0.96438295,0.06983952,-0.4601082,-1.2920699,-0.020602597,-0.6768272,-1.3380406,-0.12069386,-0.85979325,-1.2657053,-0.18237342,-0.17519234,-0.9558165,-0.036032517,-0.35904732,-1.3050085,-0.10522735,-0.5868579,-1.3630017,-0.16111861,-0.7749021,-1.3035338,-0.19012845,-0.11146498,-0.90069234,-0.1447004,-0.26547167,-1.1817058,-0.18985868,-0.43409437,-1.289871,-0.21566348,-0.5907539,-1.311616,-0.22923729,C
0.0,0.0,0.0,-0.3451573,-0.16573493,0.16470732,-0.5792579,-0.39873633,0.17287292,-0.78857154,-0.5307922,0.1191192,-0.9914805,-0.59534276,0.055011265,-0.2800079,-0.94101745,0.2152383,-0.5504097,-1.2019762,0.16489778,-0.75239116,-1.21506,0.090700224,-0.933414,-1.1637919,0.040667877,-0.21213439,-0.9749613,0.066705406,-0.565632,-1.2867117,0.02272904,-0.79743546,-1.2744627,-0.044113398,-0.9641918,-1.1609683,-0.09563637,-0.19011264,-0.92735386,-0.08406984,-0.5161757,-1.2668276,-0.10732541,-0.7567499,-1.2697886,-0.124004506,-0.93343914,-1.1870545,-0.143042,-0.22432403,-0.83801746,-0.22686417,-0.45371965,-1.1238697,-0.23715839,-0.62234944,-1.2145492,-0.23250206,-0.76381797,-1.2385156,-0.23434193,C
0.0,0.0,0.0,-0.354473,-0.16377597,0.07946787,-0.6072586,-0.39914447,0.05457108,-0.8182429,-0.5212968,-0.013895873,-1.023193,-0.5848914,-0.08707102,-0.38902855,-0.92875373,0.12658265,-0.5961928,-1.2102455,0.036145367,-0.77697855,-1.2491031,-0.063210644,-0.94403946,-1.2076682,-0.12952736,-0.299283,-0.95406395,0.013846009,-0.5732946,-1.3015164,-0.087348245,-0.79582846,-1.3066707,-0.18287256,-0.97162664,-1.20009,-0.24250254,-0.22586289,-0.90816784,-0.10738545,-0.47583014,-1.2449157,-0.17837828,-0.70225674,-1.2647237,-0.2224137,-0.8831949,-1.1854657,-0.24861252,-0.18041028,-0.811317,-0.22647336,-0.34295392,-1.0620389,-0.26889217,-0.49816552,-1.1600864,-0.2873402,-0.64629334,-1.1953974,-0.3006322,C
0.0,0.0,0.0,-0.31261578,-0.13976657,0.046556737,-0.55573785,-0.37945542,0.038459014,-0.75236577,-0.5194936,-0.010344091,-0.94654065,-0.58349293,-0.059165712,-0.4100149,-0.89182156,0.17623267,-0.5726872,-1.172165,0.096067704,-0.7349617,-1.2183994,-0.0036370482,-0.8828423,-1.1825969,-0.07020092,-0.3287119,-0.9409131,0.08143144,-0.5154013,-1.2810055,-0.0063889916,-0.71296746,-1.311515,-0.10244313,-0.8777835,-1.2171773,-0.16054069,-0.24514326,-0.93554336,-0.03198362,-0.4209114,-1.2774042,-0.10027202,-0.6310573,-1.3068266,-0.15372844,-0.7977387,-1.2299434,-0.18223795,-0.16917384,-0.8843279,-0.14899135,-0.33584297,-1.1425506,-0.19291596,-0.5099418,-1.2093061,-0.2180053,-0.66134125,-1.2010423,-0.23300774,C
0.0,0.0,0.0,-0.26632679,-0.21274407,-0.038317073,-0.46644655,-0.45742336,-0.12917769,-0.6537611,-0.5839501,-0.23923111,-0.85273707,-0.6631721,-0.34856668,-0.27175182,-0.99649,-0.03982598,-0.4269087,-1.3112692,-0.21098383,-0.61324763,-1.302632,-0.358782,-0.7684872,-1.2099279,-0.44628727,-0.14877468,-0.98270977,-0.11021603,-0.33405557,-1.341905,-0.27667072,-0.5531229,-1.3079612,-0.3939467,-0.7104984,-1.1879976,-0.45856053,-0.03397246,-0.8801043,-0.19865176,-0.18277113,-1.2377244,-0.3310543,-0.40440136,-1.2535596,-0.39596128,-0.5725393,-1.1861889,-0.42399567,0.057849366,-0.7105337,-0.29244763,-0.050168186,-0.97042173,-0.38791403,-0.20980206,-1.0694517,-0.42992413,-0.3548022,-1.1120942,-0.45029137,C
0.0,0.0,0.0,-0.25219485,-0.2026935,-0.01918196,-0.45948735,-0.47557303,-0.08157516,-0.6418119,-0.60914814,-0.16586222,-0.8270318,-0.6830624,-0.24934112,-0.24861905,-0.9940997,0.0016613666,-0.40512803,-1.2936555,-0.15225898,-0.587036,-1.3064288,-0.28515822,-0.73539746,-1.2295821,-0.36183834,-0.12845185,-0.98929733,-0.06921662,-0.31202042,-1.3288604,-0.2195783,-0.5283399,-1.3047193,-0.3234685,-0.68640643,-1.1956978,-0.3764278,-0.0138893835,-0.89849615,-0.15813264,-0.16921516,-1.22812,-0.2845591,-0.39251837,-1.233014,-0.34272718,-0.55982864,-1.1650915,-0.36179486,0.07797287,-0.7436524,-0.25083378,-0.052574698,-0.990664,-0.34071997,-0.22156356,-1.0686764,-0.37592027,-0.3665204,-1.097782,-0.38835505,C
0.0,0.0,0.0,-0.24635303,-0.25330824,-0.0429222,-0.433141,-0.5554763,-0.11111388,-0.59784156,-0.7526294,-0.20045799,-0.76090217,-0.89391863,-0.28967917,-0.19426239,-1.0014018,0.0029599506,-0.28276482,-1.3595,-0.15370888,-0.42278564,-1.3751893,-0.29363203,-0.54857415,-1.3025104,-0.37055287,-0.06681314,-0.9961558,-0.05665428,-0.108177185,-1.4508642,-0.2034645,-0.28036132,-1.5309062,-0.31679514,-0.44219252,-1.4821202,-0.3751747,0.06267295,-0.9125742,-0.13709438,0.042221244,-1.3471413,-0.25818557,-0.1400931,-1.437937,-0.32532457,-0.30539158,-1.4070615,-0.35019463,0.18706709,-0.77647907,-0.2238742,0.1397301,-1.1128937,-0.304679,-0.0047631063,-1.2260244,-0.33514887,-0.15476313,-1.2511477,-0.34468767,C
0.0,0.0,0.0,-0.22937901,-0.2746006,-0.019760022,-0.38660774,-0.59180933,-0.056964256,-0.5202901,-0.8146166,-0.12235594,-0.6743463,-1.0015193,-0.18636732,-0.16967472,-1.0073632,0.11364376,-0.2596979,-1.3532012,0.003080837,-0.39408156,-1.4283725,-0.12009945,-0.5293842,-1.4157139,-0.19555846,-0.056846283,-0.99685615,0.055193502,-0.15072064,-1.3746657,-0.061288964,-0.30268592,-1.4336908,-0.18825042,-0.4539411,-1.3994119,-0.26452753,0.06452482,-0.9403346,-0.02499801,0.015553062,-1.3447521,-0.13362198,-0.14359386,-1.4127018,-0.21317731,-0.29753733,-1.3634467,-0.24787247,0.19530664,-0.8420561,-0.110194646,0.1462562,-1.1981083,-0.19075371,0.01183123,-1.3422484,-0.23427504,-0.13364887,-1.3885566,-0.25371632,C
0.0,0.0,0.0,-0.24357575,-0.24812031,-0.027730871,-0.41675302,-0.55386895,-0.07764325,-0.55895346,-0.763884,-0.1539806,-0.7152339,-0.95248276,-0.22916895,-0.21559212,-1.0009701,0.07580632,-0.3092926,-1.3709617,-0.04993915,-0.43931836,-1.4510888,-0.17453064,-0.5682205,-1.4249417,-0.24611713,-0.105296664,-0.99428576,0.017561832,-0.2260736,-1.3880893,-0.12176217,-0.37337518,-1.4409933,-0.25242025,-0.51229596,-1.3821294,-0.3237146,0.015578443,-0.9402457,-0.061626956,-0.07594746,-1.3404399,-0.18848172,-0.23482291,-1.3887906,-0.27361947,-0.3792576,-1.3213423,-0.30593294,0.15259524,-0.8452354,-0.1448465,0.082415745,-1.1974149,-0.23848246,-0.05627646,-1.3473269,-0.28983408,-0.20261252,-1.402186,-0.31159064,C
0.0,0.0,0.0,-0.25876307,-0.22222508,-0.030365152,-0.4533635,-0.51624775,-0.07810861,-0.62726194,-0.70958024,-0.15017757,-0.8135573,-0.8535337,-0.2179762,-0.24890831,-0.98144823,0.0867786,-0.3481826,-1.3440101,-0.034262724,-0.49921396,-1.4272488,-0.158411,-0.65038437,-1.4151486,-0.23164028,-0.14054088,-0.9895701,0.03160971,-0.23975015,-1.3868729,-0.09205849,-0.42374116,-1.4558078,-0.20489591,-0.5960194,-1.4061742,-0.26615888,-0.032278355,-0.94846416,-0.04643685,-0.10664425,-1.3361136,-0.14670962,-0.3013811,-1.4112071,-0.20915642,-0.4761145,-1.37211,-0.23236465,0.07219447,-0.86799467,-0.13191056,-0.027311597,-1.1810471,-0.19776636,-0.18261312,-1.2899791,-0.22663078,-0.3294585,-1.3132377,-0.23538223,C
0.0,0.0,0.0,-0.2885782,-0.20998229,0.10151961,-0.4751102,-0.4755547,0.12506422,-0.63660073,-0.6268863,0.09417477,-0.79897475,-0.72815126,0.058072772,-0.3014403,-0.9254986,0.25081798,-0.4413217,-1.1905558,0.20002538,-0.5899533,-1.2414383,0.12112317,-0.7244652,-1.2227348,0.06707985,-0.21879138,-0.9665768,0.13363963,-0.40862617,-1.26962,0.07642347,-0.5889945,-1.2940353,-0.004766098,-0.7373919,-1.2063286,-0.05529056,-0.14307041,-0.95387924,-0.00033283673,-0.32099733,-1.2645043,-0.053740162,-0.5265284,-1.2892873,-0.10319558,-0.6940203,-1.2205228,-0.13011427,-0.08315347,-0.8985366,-0.1331356,-0.2547558,-1.1503901,-0.17036292,-0.4175091,-1.2132124,-0.19164379,-0.56485176,-1.2071035,-0.2047506,C
0.0,0.0,0.0,-0.25201032,-0.19470356,-0.107768945,-0.41544583,-0.4297719,-0.18404682,-0.33556652,-0.62693995,-0.26449633,-0.13300966,-0.67239106,-0.34012383,-0.24344623,-1.0198954,-0.09570848,-0.2721135,-1.4235789,-0.20106523,-0.27357444,-1.6539055,-0.28969237,-0.27162266,-1.8747206,-0.3642522,-0.058416087,-0.99207854,-0.111210324,-0.03813938,-1.2570444,-0.26411024,-0.06522185,-0.90414464,-0.3071409,-0.08883196,-0.6656115,-0.30987805,0.10971231,-0.903058,-0.14313893,0.15318437,-1.1696649,-0.27608082,0.08567855,-0.8641576,-0.24587849,0.038723323,-0.6343486,-0.19411972,0.25696304,-0.7578586,-0.18893676,0.33218214,-1.0272523,-0.2770134,0.24978031,-0.8747288,-0.25345236,0.18135513,-0.7127861,-0.21703745,D
0.0,0.0,0.0,-0.25878507,-0.2125189,-0.10742631,-0.4228994,-0.42593524,-0.18731181,-0.35908988,-0.6257774,-0.27118182,-0.14856295,-0.64180094,-0.34755516,-0.23607205,-1.0346719,-0.08824347,-0.26397577,-1.439337,-0.20690615,-0.26458493,-1.6680137,-0.31104234,-0.25809273,-1.8883425,-0.39373043,-0.057447854,-0.99336195,-0.09965813,-0.035552077,-1.2367889,-0.26359472,-0.05955638,-0.8858958,-0.31770098,-0.08611337,-0.6285672,-0.3250167,0.11563166,-0.8990277,-0.1278572,0.16741021,-1.1497744,-0.26027018,0.09601884,-0.84755844,-0.23460421,0.02903699,-0.6133144,-0.1834233,0.2513125,-0.7512268,-0.17060725,0.33443844,-0.99789464,-0.25162163,0.2480734,-0.84155315,-0.22669204,0.17170641,-0.6851066,-0.18753865,D
0.0,0.0,0.0,-0.24201785,-0.26382315,-0.096337505,-0.37557554,-0.5033097,-0.16205741,-0.28150067,-0.70929027,-0.23103543,-0.073858134,-0.7445458,-0.29132307,-0.1649889,-1.0557913,-0.061990418,-0.14851147,-1.4585369,-0.16725384,-0.12611313,-1.6810417,-0.26904285,-0.099055424,-1.8981912,-0.3528447,0.009176974,-0.9971797,-0.07448777,0.05805899,-1.2553566,-0.21647675,0.018761715,-0.9117894,-0.2703915,-0.017663518,-0.664042,-0.2840906,0.16683164,-0.8834343,-0.10296682,0.24309018,-1.15021,-0.2162639,0.16364712,-0.86325526,-0.18719651,0.09937266,-0.633629,-0.14077201,0.2885277,-0.7119211,-0.14564721,0.3812196,-0.9595759,-0.21381202,0.29620215,-0.82068586,-0.18418871,0.23109818,-0.67370063,-0.1463932,D
0.0,0.0,0.0,-0.22485524,-0.31946933,-0.07159404,-0.33384746,-0.6070294,-0.13188037,-0.23292144,-0.81135404,-0.20197055,-0.024260202,-0.76423854,-0.26905194,-0.039934322,-1.0760831,-0.055451233,0.05158475,-1.4789467,-0.15433553,0.11099301,-1.7019247,-0.24737735,0.17014313,-1.9107541,-0.32492462,0.121064976,-0.9893631,-0.08064701,0.21014462,-1.2670932,-0.21403989,0.11844313,-0.9802708,-0.25706202,0.043986768,-0.7518101,-0.26296884,0.259508,-0.84952915,-0.119514525,0.35921794,-1.1081038,-0.22049019,0.24462603,-0.8738106,-0.19099309,0.15834816,-0.6631793,-0.14585587,0.3670818,-0.65421176,-0.17124525,0.49005166,-0.9122013,-0.23571901,0.38709056,-0.814454,-0.21141785,0.29987076,-0.67340297,-0.17738289,D
0.0,0.0,0.0,-0.20112261,-0.33800846,-0.08365203,-0.289394,-0.6499129,-0.15393983,-0.16241091,-0.8378756,-0.23214377,0.04409673,-0.73669326,-0.3076569,0.041969948,-1.0795325,-0.08406113,0.16723332,-1.4729115,-0.18572178,0.24600929,-1.6878006,-0.2748773,0.3248885,-1.8815773,-0.34929898,0.21048412,-0.9717384,-0.106868476,0.32753742,-1.2342069,-0.24750699,0.20525831,-0.9530541,-0.28522757,0.11017389,-0.7307932,-0.28504488,0.3502749,-0.8103886,-0.14306144,0.48371652,-1.0559202,-0.24729113,0.34417474,-0.8424797,-0.21491607,0.23250955,-0.64076775,-0.1663832,0.4457872,-0.60100305,-0.19314538,0.5979448,-0.83913594,-0.25864527,0.49506724,-0.7742538,-0.2359233,0.40016064,-0.65328676,-0.20219643,D
0.0,0.0,0.0,-0.18089738,-0.33368015,-0.11101467,-0.24339354,-0.6820849,-0.19566119,-0.11255231,-0.89451134,-0.28651845,0.09391766,-0.77909935,-0.37376767,0.12101983,-1.0889006,-0.10299873,0.29125047,-1.4584686,-0.20488685,0.39705718,-1.6649247,-0.2851087,0.4965271,-1.8424625,-0.3513445,0.2764493,-0.95368487,-0.118578784,0.42012754,-1.2249557,-0.27306673,0.27272162,-0.97371006,-0.31154564,0.1571038,-0.77425,-0.30482844,0.39868882,-0.7745673,-0.14961968,0.5599061,-1.0203859,-0.27560332,0.40533468,-0.8429993,-0.2550832,0.27255622,-0.65856594,-0.20590663,0.48252967,-0.5566133,-0.19559316,0.6597,-0.7702136,-0.2790459,0.5818207,-0.7544656,-0.27201888,0.48543638,-0.66570055,-0.244451,D
0.0,0.0,0.0,-0.16654049,-0.37486255,-0.090312,-0.2165182,-0.71871656,-0.17435463,-0.10963149,-0.9374736,-0.2703067,0.08511761,-0.78248703,-0.36422807,0.18652658,-1.082458,-0.08843994,0.39548048,-1.4455775,-0.20894587,0.50917494,-1.6505823,-0.30956364,0.6290909,-1.8278611,-0.38954797,0.32276058,-0.9394294,-0.11531671,0.48529348,-1.229274,-0.2837991,0.2901155,-1.0106333,-0.3313461,0.1513713,-0.8325804,-0.32765275,0.4282334,-0.7522965,-0.1561822,0.5905877,-0.99338716,-0.28150204,0.40086278,-0.8367817,-0.25631997,0.25350344,-0.6697587,-0.20156823,0.49016315,-0.52098376,-0.21152438,0.68001765,-0.73099715,-0.28461754,0.57172376,-0.72980106,-0.2669594,0.4574192,-0.65418905,-0.23126872,D
0.0,0.0,0.0,-0.20045987,-0.34027565,-0.091245055,-0.28630188,-0.66032207,-0.16640042,-0.17745909,-0.8673399,-0.2508911,0.031946238,-0.7900009,-0.33164972,0.04528576,-1.0825974,-0.07877104,0.16986926,-1.4841708,-0.18054989,0.23630571,-1.7100608,-0.2653241,0.30555585,-1.9117733,-0.3358644,0.2013748,-0.97425836,-0.10133497,0.31829622,-1.2697979,-0.2492492,0.1951921,-1.0168283,-0.29120722,0.10047716,-0.80897266,-0.29114705,0.3329945,-0.8154712,-0.13838014,0.4716242,-1.0896344,-0.25111052,0.33347133,-0.8997268,-0.22410552,0.22270872,-0.70365846,-0.17653951,0.4299803,-0.6100033,-0.19002415,0.58410406,-0.8528109,-0.25823417,0.4883524,-0.81125206,-0.23995048,0.39608753,-0.7011833,-0.20912582,D
0.0,0.0,0.0,-0.23569024,-0.2871092,-0.10102039,-0.34847537,-0.581988,-0.17894763,-0.26798818,-0.8299831,-0.26310632,-0.041815326,-0.80540895,-0.34239992,-0.06602627,-1.0640798,-0.08658567,-0.009623868,-1.5008484,-0.20520471,0.025387416,-1.7510549,-0.3101493,0.06951046,-1.9682126,-0.394264,0.10073192,-0.9897757,-0.10098006,0.18494041,-1.29688,-0.25134063,0.09485489,-1.0024426,-0.30107263,0.01663916,-0.7715559,-0.3097148,0.25310165,-0.8624482,-0.13137572,0.3649707,-1.1638501,-0.23942202,0.2541736,-0.9362856,-0.20998903,0.1581251,-0.7114111,-0.16455345,0.36528674,-0.6769774,-0.17847623,0.48874748,-0.9386068,-0.24436682,0.40375328,-0.8659282,-0.224776,0.3273812,-0.73170054,-0.19447114,D
0.0,0.0,0.0,-0.22106089,-0.17702745,-0.11827995,-0.39006215,-0.4359651,-0.20033538,-0.33775026,-0.6542599,-0.28795296,-0.13860986,-0.6874857,-0.3720473,-0.22226802,-1.0193095,-0.091712125,-0.2515035,-1.4179224,-0.18662564,-0.25916213,-1.6452633,-0.2573715,-0.25825167,-1.8589468,-0.31731933,-0.038222,-0.993641,-0.105908304,0.0020687645,-1.2627764,-0.26363194,-0.04547213,-0.93501717,-0.30347082,-0.08126727,-0.69793767,-0.29610047,0.12581292,-0.9025695,-0.13735881,0.1869226,-1.1724837,-0.28022215,0.10416283,-0.8908568,-0.25790304,0.049438488,-0.6606768,-0.20359457,0.26702002,-0.7553188,-0.18225487,0.34154725,-1.018573,-0.27506608,0.26447344,-0.8920324,-0.25828525,0.20021494,-0.7335732,-0.2228728,D
0.0,0.0,0.0,-0.23688203,-0.0947096,-0.14583878,-0.44658116,-0.3447849,-0.23443776,-0.3944103,-0.53206223,-0.32538298,-0.18419348,-0.5509504,-0.41285607,-0.34474683,-0.9622014,-0.12223168,-0.44764492,-1.3758309,-0.22879733,-0.50062513,-1.6179792,-0.2988536,-0.5286101,-1.849213,-0.3571129,-0.14642613,-0.98075545,-0.1291442,-0.1229541,-1.2672309,-0.32991043,-0.11621543,-0.91507125,-0.37978718,-0.10786643,-0.6377626,-0.36306638,0.034305207,-0.9295157,-0.15492912,0.07362893,-1.1935394,-0.34441024,0.03641465,-0.86995876,-0.33032414,0.019088034,-0.6104046,-0.2626748,0.1963165,-0.82862216,-0.19425549,0.25020504,-1.1042802,-0.31872597,0.21199365,-0.9393882,-0.30752888,0.18781479,-0.75743127,-0.26539436,D
0.0,0.0,0.0,-0.238412,-0.0525115,-0.1332174,-0.47441825,-0.2805854,-0.21183833,-0.42151237,-0.4883204,-0.2918181,-0.2043304,-0.5208693,-0.3690462,-0.41969973,-0.91434264,-0.113237716,-0.5562524,-1.3100305,-0.2125374,-0.6211041,-1.5465704,-0.28386047,-0.6641151,-1.7743543,-0.3456775,-0.2205059,-0.96797025,-0.12004477,-0.21384014,-1.2283341,-0.30338413,-0.17935114,-0.8664117,-0.3478027,-0.15483804,-0.58954304,-0.3346277,-0.034313586,-0.9503917,-0.14409767,-0.014627087,-1.1942313,-0.3147359,-0.029868396,-0.8644643,-0.29387465,-0.031537544,-0.6026239,-0.23050964,0.13446558,-0.8774379,-0.18114348,0.16261962,-1.1393127,-0.293493,0.12948142,-0.9491906,-0.27558938,0.115209766,-0.7567651,-0.23346268,D
0.0,0.0,0.0,-0.25491324,-0.018631252,-0.14584745,-0.47672075,-0.22670054,-0.23190726,-0.38086748,-0.42747208,-0.31753674,-0.16828321,-0.52256984,-0.40006688,-0.50037324,-0.84886765,-0.1268885,-0.6774118,-1.2215759,-0.22232924,-0.7619462,-1.4448813,-0.2863032,-0.82621664,-1.6519097,-0.34036657,-0.29367468,-0.9472193,-0.12857263,-0.2849246,-1.204746,-0.3139224,-0.200873,-0.88430727,-0.36738703,-0.16014886,-0.61545396,-0.3583152,-0.10007515,-0.9564802,-0.14672722,-0.08151779,-1.2172848,-0.3276933,-0.034366675,-0.9310709,-0.32310694,-0.0114275245,-0.6694528,-0.26646402,0.071600504,-0.90078,-0.17686102,0.09109096,-1.1869683,-0.30703592,0.10801566,-1.0381331,-0.3009994,0.11747715,-0.85185504,-0.26146913,D
0.0,0.0,0.0,-0.2754416,0.005177824,-0.15004829,-0.5227974,-0.17263919,-0.24078822,-0.45290625,-0.40160158,-0.32999864,-0.24725963,-0.52799994,-0.4167085,-0.5688452,-0.8029886,-0.14297329,-0.7759727,-1.1771314,-0.25073716,-0.8755543,-1.4066579,-0.32701832,-0.954845,-1.615312,-0.39053717,-0.3555003,-0.92301553,-0.14717971,-0.36073104,-1.2104702,-0.34449187,-0.2506115,-0.8949458,-0.40051478,-0.19134896,-0.6180297,-0.39398372,-0.14837223,-0.95867,-0.16878942,-0.14024894,-1.24984,-0.35684073,-0.08307165,-0.9495762,-0.34498805,-0.052727696,-0.6744744,-0.28659996,0.04166243,-0.9212512,-0.20357005,0.060939945,-1.2025198,-0.33864644,0.07606555,-1.0110911,-0.32696694,0.08145908,-0.7951005,-0.28582227,D
0.0,0.0,0.0,-0.295998,0.038985655,-0.16185814,-0.5419735,-0.112409994,-0.25965673,-0.46107745,-0.34980667,-0.3532763,-0.24920331,-0.48085177,-0.44380337,-0.6152219,-0.74793833,-0.17179844,-0.8456642,-1.1234927,-0.28656814,-0.96921474,-1.3614147,-0.3647469,-1.0668648,-1.5781829,-0.43015808,-0.39584705,-0.9021714,-0.17144078,-0.40764996,-1.2070262,-0.38726968,-0.2842417,-0.88602674,-0.44624782,-0.20577778,-0.59260714,-0.43591073,-0.18209633,-0.9514275,-0.18806791,-0.19654217,-1.2506173,-0.39485452,-0.11731345,-0.9616032,-0.38707688,-0.060180046,-0.67891926,-0.3220231,0.013373309,-0.92199415,-0.21800508,0.039617144,-1.2542924,-0.3724833,0.081095114,-1.1732867,-0.37607533,0.10859297,-1.0236138,-0.33875462,D
0.0,0.0,0.0,-0.27982795,-0.029845903,-0.15257677,-0.495724,-0.21537244,-0.24193914,-0.40992546,-0.47522196,-0.32769752,-0.20382148,-0.61928016,-0.40886515,-0.5462527,-0.8027407,-0.1383499,-0.7511075,-1.158866,-0.24386929,-0.8492877,-1.3867117,-0.3163304,-0.9200868,-1.5949262,-0.3755215,-0.3353384,-0.93226403,-0.1357638,-0.34285676,-1.2503251,-0.3265752,-0.23962153,-0.9568825,-0.38270894,-0.17443861,-0.68232983,-0.37371388,-0.1296681,-0.96387357,-0.15087757,-0.13040309,-1.2665104,-0.33687302,-0.07165888,-1.010378,-0.3402192,-0.031126013,-0.74987555,-0.28651378,0.05921786,-0.9216746,-0.17835987,0.09340045,-1.2303373,-0.3166943,0.13007209,-1.1608163,-0.32480437,0.15204018,-1.0209745,-0.29308942,D
0.0,0.0,0.0,-0.2826063,-0.08135168,-0.12980707,-0.48636803,-0.30649626,-0.20442626,-0.35809457,-0.5628594,-0.2769187,-0.15210411,-0.6562547,-0.34938103,-0.4552929,-0.88317394,-0.120954454,-0.59286106,-1.2768033,-0.2160618,-0.65194565,-1.5038371,-0.29185706,-0.6979731,-1.7140415,-0.35742286,-0.2297188,-0.9643445,-0.1314112,-0.21122372,-1.2581469,-0.29655173,-0.14554203,-0.9503362,-0.34832492,-0.11773043,-0.67131054,-0.34806687,-0.019050881,-0.9575526,-0.15750876,0.00499392,-1.2455232,-0.31159043,0.033662416,-0.9552575,-0.29474843,0.03831161,-0.6839858,-0.24446382,0.1689573,-0.8736015,-0.19716784,0.20229188,-1.1429228,-0.31381148,0.20176218,-0.9468071,-0.2959806,0.18926048,-0.7242822,-0.25638834,D
0.0,0.0,0.0,-0.24681084,-0.1179028,-0.13190283,-0.42337263,-0.37238067,-0.21739279,-0.28847742,-0.56041765,-0.30313152,-0.071364745,-0.61091095,-0.3873382,-0.3352838,-0.9507481,-0.1300683,-0.43527973,-1.3609757,-0.23510812,-0.47355998,-1.5961323,-0.31250018,-0.49341318,-1.8201181,-0.3761408,-0.13145295,-0.9813994,-0.1399118,-0.05966256,-1.3129665,-0.31736842,-0.023659227,-0.9988815,-0.3706418,-0.015118443,-0.7369005,-0.36638272,0.042751785,-0.9457715,-0.16482775,0.10942393,-1.2523159,-0.32516536,0.100515224,-0.9522467,-0.3086969,0.08641798,-0.692776,-0.25347298,0.18670198,-0.85114056,-0.20296651,0.24061695,-1.1037592,-0.31303373,0.21892144,-0.92829955,-0.29557142,0.19797166,-0.7379253,-0.25520375,D
0.0,0.0,0.0,-0.24834365,-0.1391843,-0.14471088,-0.3859227,-0.43640533,-0.2235052,-0.22426628,-0.55577695,-0.29741102,-0.035459787,-0.5824968,-0.36972916,-0.24519686,-1.0052804,-0.14348802,-0.28650212,-1.425219,-0.25608873,-0.28365925,-1.6786654,-0.33034566,-0.27822065,-1.908068,-0.38744584,-0.022042485,-0.98897666,-0.14642161,0.084178574,-1.2318836,-0.34326482,0.08922098,-0.8638876,-0.39133883,0.038065623,-0.5893858,-0.3743529,0.16492027,-0.9154686,-0.1670218,0.2617748,-1.1087447,-0.3549565,0.22273137,-0.7535466,-0.33248386,0.1493634,-0.5197425,-0.26242658,0.32048208,-0.8004597,-0.19904095,0.41867226,-1.0293633,-0.32163313,0.38778457,-0.81559587,-0.2942377,0.32947,-0.65151584,-0.24179827,D
0.0,0.0,0.0,-0.24871664,-0.12157334,-0.1899009,-0.40029782,-0.39560807,-0.31872186,-0.25792268,-0.49923572,-0.43780267,-0.050280277,-0.5272076,-0.5516636,-0.21928649,-0.97107506,-0.2370086,-0.25014815,-1.451286,-0.3915958,-0.22929831,-1.7298636,-0.48679268,-0.2082,-1.9835774,-0.55697495,0.020918554,-0.971717,-0.2352203,0.15058574,-1.113681,-0.49724275,0.14048149,-0.7061095,-0.56343704,0.06357855,-0.4346026,-0.5496622,0.21949236,-0.89979315,-0.2515366,0.34925678,-0.97354764,-0.48587865,0.29603758,-0.61857474,-0.45653483,0.18657379,-0.41095668,-0.3749999,0.3752219,-0.78521854,-0.28374192,0.51418966,-0.9240164,-0.43445712,0.47203866,-0.7053488,-0.40087757,0.37419376,-0.5629298,-0.33684948,D
0.0,0.0,0.0,-0.2529097,-0.028010663,-0.24986655,-0.43169755,-0.20737156,-0.42759213,-0.30324784,-0.24293676,-0.5825009,-0.08184446,-0.23034343,-0.734914,-0.2763287,-0.88022935,-0.34602967,-0.3016733,-1.3415707,-0.53283966,-0.2918212,-1.6287258,-0.6515423,-0.27811792,-1.8932889,-0.73762983,-0.018664049,-0.946313,-0.3227125,0.12580617,-0.96991885,-0.6022424,0.13040447,-0.5348198,-0.66824883,0.07436476,-0.25323063,-0.6578471,0.20029429,-0.9057639,-0.32009205,0.35150912,-0.8542013,-0.57541275,0.3054268,-0.45801222,-0.5417146,0.20973477,-0.22229068,-0.45838863,0.3819743,-0.806816,-0.3381615,0.51637965,-0.8241256,-0.5170607,0.46095896,-0.5322162,-0.48677126,0.36113194,-0.35049462,-0.42175868,D
0.0,0.0,0.0,-0.25984043,-0.029311072,-0.27002475,-0.45189273,-0.23979115,-0.4533654,-0.33606142,-0.3376136,-0.6084467,-0.109283075,-0.35180983,-0.75643766,-0.26186332,-0.8745098,-0.38033864,-0.2920228,-1.3742653,-0.58602095,-0.28467947,-1.678835,-0.7027702,-0.2815789,-1.9595298,-0.7857695,-0.0038972648,-0.9351836,-0.35414183,0.13084464,-1.04048,-0.6632763,0.1395537,-0.5591041,-0.71609557,0.07966162,-0.28877887,-0.685507,0.21534073,-0.9016441,-0.35195252,0.36315483,-0.9017568,-0.63246316,0.3348611,-0.49939498,-0.5814791,0.24338794,-0.30385095,-0.4785895,0.3910411,-0.814142,-0.37199885,0.53985786,-0.871013,-0.5603903,0.50224006,-0.59000885,-0.5215556,0.40679112,-0.44286692,-0.44780314,D
0.0,0.0,0.0,-0.24235094,-0.14587565,-0.13088718,-0.41742602,-0.42561555,-0.2074768,-0.30509195,-0.6259898,-0.28481397,-0.105295785,-0.63987094,-0.36077893,-0.3098732,-0.98192847,-0.11307498,-0.36349663,-1.374011,-0.2157684,-0.39320856,-1.5993878,-0.28137934,-0.4115636,-1.804894,-0.33407274,-0.11630465,-0.9855496,-0.123146914,-0.09464491,-1.3100373,-0.3086626,-0.085025094,-0.9765899,-0.36097544,-0.07822215,-0.7102967,-0.346395,0.054498624,-0.9186999,-0.14964092,0.09514355,-1.1855867,-0.32287857,0.06818011,-0.8840946,-0.31750566,0.04580189,-0.654651,-0.2601202,0.20158115,-0.7902097,-0.18777284,0.2623586,-1.0211822,-0.29830664,0.2309409,-0.87525415,-0.28960326,0.2009593,-0.73071414,-0.2531497,D
0.0,0.0,0.0,-0.26569936,-0.21080571,-0.094042,-0.4252506,-0.4360283,-0.1533038,-0.32420188,-0.676118,-0.21762364,-0.11207544,-0.71718395,-0.2769539,-0.3050004,-0.9775506,-0.054465562,-0.3825212,-1.3873008,-0.13746014,-0.41431734,-1.5963992,-0.2161228,-0.4312225,-1.8026606,-0.2860672,-0.123770826,-0.9894219,-0.07566435,-0.09665585,-1.3382394,-0.21183528,-0.074206926,-1.0193586,-0.2669697,-0.06825134,-0.7776511,-0.2776411,0.037111327,-0.93381447,-0.111169696,0.079716064,-1.255582,-0.22266157,0.060075436,-0.95969117,-0.20487098,0.0438343,-0.71910954,-0.16428685,0.18285696,-0.80449986,-0.160633,0.24074325,-1.0894912,-0.22566342,0.20873858,-0.9571348,-0.20224313,0.18612191,-0.8016974,-0.17030674,D
0.0,0.0,0.0,-0.24939287,-0.16862218,-0.14361149,-0.42269263,-0.445234,-0.22517505,-0.323038,-0.71199733,-0.30506802,-0.121071205,-0.79629844,-0.38165465,-0.31060275,-0.9664852,-0.09721792,-0.36110014,-1.3582494,-0.18848181,-0.3841971,-1.5729139,-0.25747,-0.3930986,-1.7702739,-0.31613597,-0.120026864,-0.9871665,-0.105336666,-0.08592462,-1.3809932,-0.2667862,-0.06512865,-1.1237243,-0.32969356,-0.06043897,-0.88157195,-0.333693,0.04860015,-0.9376007,-0.1322273,0.104150735,-1.2858238,-0.28674993,0.100342974,-1.0463527,-0.30054608,0.08789352,-0.806058,-0.26709303,0.20154247,-0.8259224,-0.17316085,0.25068066,-1.1119083,-0.28006336,0.23757552,-0.9996789,-0.2865802,0.2168597,-0.8272855,-0.26760417,D
0.0,0.0,0.0,-0.26909336,-0.21481365,-0.10999542,-0.42980638,-0.4757909,-0.16921538,-0.33164227,-0.7636517,-0.22962317,-0.13484524,-0.8583091,-0.28460163,-0.31985193,-0.96412146,-0.049623795,-0.36824182,-1.363733,-0.12166445,-0.38203168,-1.5741069,-0.19171184,-0.38718563,-1.7662425,-0.255674,-0.1317101,-0.9891143,-0.065615475,-0.118664354,-1.3692155,-0.18904229,-0.08878587,-1.1135294,-0.24418929,-0.083507866,-0.89053,-0.25795865,0.03250786,-0.9454056,-0.09846336,0.079614215,-1.3088568,-0.21555524,0.080064975,-1.0762044,-0.21503344,0.066054456,-0.82982993,-0.1870653,0.19366157,-0.8282711,-0.145625,0.24344224,-1.1267692,-0.23177099,0.2324324,-1.027291,-0.22862105,0.20756605,-0.85349774,-0.21009311,D
0.0,0.0,0.0,-0.26342905,-0.20033628,-0.11414336,-0.42851132,-0.5054551,-0.1745828,-0.33178264,-0.80516195,-0.23727788,-0.13481358,-0.90090376,-0.29578966,-0.3145944,-0.9716509,-0.047512084,-0.354143,-1.3394933,-0.12048299,-0.36069214,-1.551286,-0.18741678,-0.35182002,-1.7332971,-0.2472318,-0.124176316,-0.9902702,-0.06281119,-0.09577321,-1.388342,-0.19774407,-0.06897342,-1.1811256,-0.26391754,-0.060536474,-0.9737261,-0.27714002,0.04551462,-0.93970865,-0.09415241,0.10545471,-1.3080766,-0.22372368,0.10540077,-1.1310128,-0.24490753,0.09238753,-0.90313643,-0.22420965,0.21039964,-0.81981736,-0.1380961,0.2628533,-1.1135068,-0.23368923,0.25298104,-1.0517141,-0.24676049,0.22711727,-0.8916072,-0.23565705,D
0.0,0.0,0.0,-0.2766375,-0.23409648,-0.109998144,-0.42819273,-0.5246867,-0.16192009,-0.3355251,-0.81835365,-0.21464376,-0.13862243,-0.92970383,-0.2596112,-0.3008721,-0.9764472,-0.026588257,-0.34090093,-1.3525311,-0.093614176,-0.34096262,-1.5662563,-0.16758808,-0.32835802,-1.7487601,-0.23410521,-0.11134417,-0.9930952,-0.03693596,-0.09586364,-1.3656274,-0.15416221,-0.074459694,-1.1828828,-0.22771946,-0.072592646,-0.9940264,-0.2559078,0.05462826,-0.94301677,-0.06412749,0.11703691,-1.2978241,-0.17601398,0.10432313,-1.1469824,-0.2055657,0.078904375,-0.9333709,-0.19898896,0.22359686,-0.8234224,-0.104860365,0.28917444,-1.1162966,-0.1884169,0.26699194,-1.085113,-0.20714721,0.22474611,-0.94964886,-0.20511536,D
0.0,0.0,0.0,-0.27832264,-0.25129378,-0.10950909,-0.41550693,-0.57445145,-0.15173715,-0.28044018,-0.8550892,-0.19409935,-0.06937826,-0.9439767,-0.23000759,-0.27394047,-0.98353904,-0.024431935,-0.29524237,-1.3759892,-0.08310611,-0.2844396,-1.5888436,-0.15109144,-0.26673564,-1.7751127,-0.21434098,-0.07841984,-0.99639267,-0.032434445,-0.03809493,-1.3634669,-0.14651367,-0.013390397,-1.2176352,-0.2307178,-0.016550364,-1.0409466,-0.2687715,0.08883545,-0.93994427,-0.05584099,0.16882114,-1.2932006,-0.16799901,0.16834122,-1.1778183,-0.21878758,0.14158139,-0.97337085,-0.22694713,0.25504863,-0.81461215,-0.09165187,0.33386073,-1.1117713,-0.17653084,0.3190544,-1.0950764,-0.20632945,0.27294633,-0.9540804,-0.21276122,D
0.0,0.0,0.0,-0.22604597,-0.22299072,-0.12373771,-0.37172547,-0.5643893,-0.19006215,-0.2657516,-0.8362581,-0.25955892,-0.05306298,-0.86408526,-0.32240075,-0.12804183,-1.0276004,-0.06166074,-0.102861986,-1.4135952,-0.1350496,-0.08509302,-1.6297907,-0.1920339,-0.052592892,-1.8161477,-0.24569175,0.056976985,-0.9957898,-0.071806245,0.1430221,-1.339977,-0.21966213,0.07930143,-1.116615,-0.26951376,0.024283743,-0.888268,-0.26656768,0.21535459,-0.8979568,-0.100490026,0.32545546,-1.2303568,-0.23407055,0.25302595,-1.0512207,-0.24105008,0.19017965,-0.82993525,-0.20755735,0.35680547,-0.7401686,-0.14389695,0.4556892,-1.0058899,-0.24275719,0.3958014,-0.9523535,-0.25826666,0.32954422,-0.80787337,-0.24667555,D
0.0,0.0,0.0,-0.2131255,-0.26752025,-0.11355527,-0.33168966,-0.5852641,-0.19705945,-0.24760541,-0.82004553,-0.28866816,-0.037815187,-0.7871986,-0.37669146,-0.048909117,-1.061296,-0.07573855,0.016748022,-1.4426353,-0.1673773,0.059401266,-1.6582898,-0.23367536,0.11404945,-1.8416384,-0.28934807,0.12361527,-0.98770297,-0.095718965,0.21578695,-1.304539,-0.24522728,0.12234813,-1.0404322,-0.27913678,0.05793915,-0.82583106,-0.2643942,0.272603,-0.85249174,-0.13399492,0.3742519,-1.1445903,-0.2636123,0.2770912,-0.92581654,-0.2387303,0.21104471,-0.7135764,-0.18359084,0.3993878,-0.66210073,-0.1871388,0.514592,-0.93615437,-0.27091014,0.44914368,-0.8644469,-0.25547764,0.39412966,-0.7282198,-0.2219724,D
0.0,0.0,0.0,-0.20695935,-0.29184282,-0.09746486,-0.30380046,-0.59985834,-0.16429766,-0.21461394,-0.7920626,-0.23787037,-0.017178617,-0.75416625,-0.30644298,0.002617445,-1.0792408,-0.057669897,0.09899948,-1.4474019,-0.13863282,0.15916297,-1.6439596,-0.20666061,0.22692674,-1.8292024,-0.26690814,0.17607152,-0.98132527,-0.07745652,0.28010815,-1.2516646,-0.20983937,0.1697547,-0.9743746,-0.24242316,0.08773465,-0.7617921,-0.23488966,0.31047446,-0.82782376,-0.11447757,0.41353253,-1.0741229,-0.22927384,0.29721883,-0.8406639,-0.20096146,0.21918707,-0.6460798,-0.15014552,0.42530927,-0.6235954,-0.16493979,0.5548876,-0.8730207,-0.23844051,0.4766285,-0.78942454,-0.21843503,0.41198394,-0.6728774,-0.18582284,D
0.0,0.0,0.0,-0.18842639,-0.26318723,-0.11751716,-0.27899384,-0.5827176,-0.1982801,-0.17111398,-0.75801027,-0.2837244,0.024934668,-0.73499936,-0.36432987,0.020875007,-1.0803287,-0.094292395,0.10919634,-1.4568937,-0.18195237,0.17482652,-1.6684492,-0.24624513,0.24305344,-1.8610661,-0.3006526,0.19527884,-0.97471136,-0.10864582,0.2997624,-1.2283359,-0.2566658,0.19149572,-0.9607086,-0.29113597,0.10717861,-0.74499786,-0.28087938,0.3318167,-0.81716895,-0.14003734,0.43042824,-1.0626719,-0.2733139,0.30990207,-0.8356053,-0.24838018,0.22455233,-0.63454545,-0.19443846,0.44567713,-0.6226996,-0.18504831,0.573341,-0.87257546,-0.27022636,0.4949082,-0.801675,-0.25156906,0.41864598,-0.68302304,-0.21625763,D
0.0,0.0,0.0,-0.25008902,-0.25248593,-0.09742228,-0.38740593,-0.53489584,-0.16554122,-0.29923597,-0.7482194,-0.23887338,-0.08787433,-0.7562734,-0.3073644,-0.1375778,-1.0521867,-0.07233279,-0.10713977,-1.446263,-0.16805394,-0.07732102,-1.6698552,-0.2531007,-0.04588675,-1.8771993,-0.3251543,0.027401032,-0.99579966,-0.087362856,0.07305461,-1.2508605,-0.22624715,0.013856794,-0.93637866,-0.26737225,-0.035396725,-0.70421106,-0.27066892,0.17533064,-0.8827727,-0.118405044,0.24181715,-1.1375664,-0.23560484,0.1522071,-0.86800796,-0.20550571,0.0847127,-0.6532676,-0.15753429,0.30003816,-0.71480626,-0.16322212,0.3857152,-0.96524835,-0.23931932,0.28990343,-0.83095545,-0.21460962,0.21089834,-0.68106306,-0.17969231,D
0.0,0.0,0.0,-0.24800642,-0.13614321,-0.1341968,-0.43737903,-0.38088387,-0.22454235,-0.3641256,-0.56673145,-0.31894746,-0.16419314,-0.58763164,-0.4100317,-0.30169335,-0.98904747,-0.118392505,-0.3769114,-1.4012101,-0.22558473,-0.41252396,-1.6371366,-0.3002603,-0.435606,-1.8569309,-0.36121276,-0.111128815,-0.985572,-0.1276652,-0.10705146,-1.2538807,-0.3162482,-0.10411907,-0.9103559,-0.36859185,-0.09501965,-0.64408123,-0.3608713,0.062213004,-0.91939974,-0.15457232,0.09073198,-1.1927698,-0.32738185,0.053852018,-0.88797575,-0.3126227,0.03940929,-0.63251764,-0.2526878,0.21775301,-0.80647254,-0.1948774,0.27288193,-1.0815334,-0.30763093,0.22909018,-0.94187355,-0.29626647,0.19992238,-0.77657324,-0.25840247,D
0.0,0.0,0.0,-0.30839732,-0.12981908,-0.08623277,-0.5371124,-0.3129934,-0.15998454,-0.46538,-0.58217853,-0.248019,-0.236288,-0.6493809,-0.31653085,-0.42918608,-0.88988924,-0.010365664,-0.47004095,-1.2212334,-0.1549539,-0.40230575,-0.9744001,-0.26089495,-0.35330155,-0.74214345,-0.31645095,-0.23765561,-0.9706135,-0.037807364,-0.27109283,-1.3106501,-0.17410731,-0.21545519,-0.97743666,-0.22692436,-0.20158309,-0.7434886,-0.23522095,-0.055743266,-0.9775375,-0.090671554,-0.06011802,-1.3250055,-0.20222686,-0.0495228,-1.0262766,-0.17340657,-0.057479255,-0.7691047,-0.1246011,0.12902445,-0.9021915,-0.15754744,0.12659469,-1.2157404,-0.22061831,0.09986742,-1.021844,-0.18177451,0.066888064,-0.81286746,-0.13519683,E
0.0,0.0,0.0,-0.3226881,-0.14235245,-0.0654799,-0.5333846,-0.32418442,-0.12261043,-0.45585465,-0.60818857,-0.19639812,-0.24609224,-0.7008553,-0.2492927,-0.4390694,-0.8764639,0.03219095,-0.4750484,-1.2095686,-0.09632727,-0.4068912,-0.99520904,-0.1980504,-0.35918942,-0.7605055,-0.252373,-0.24518892,-0.9694753,-9.833137e-05,-0.27103257,-1.3023471,-0.12319353,-0.21183446,-0.9713628,-0.18002032,-0.20297964,-0.7273984,-0.19418205,-0.06644257,-0.98007494,-0.055599995,-0.06621863,-1.3047335,-0.1534302,-0.05730507,-1.0105187,-0.11904016,-0.06466702,-0.75464416,-0.070879616,0.1274272,-0.9042513,-0.123859,0.124663845,-1.2144172,-0.17413191,0.101418994,-1.0269536,-0.12474103,0.066842094,-0.83206224,-0.07313649,E
0.0,0.0,0.0,-0.29003903,-0.14067559,-0.08387509,-0.5038321,-0.3745115,-0.14567952,-0.43215996,-0.63227177,-0.21849452,-0.21259591,-0.69096285,-0.27163795,-0.37593874,-0.9287169,-0.01547998,-0.3592738,-1.261828,-0.15781747,-0.32640064,-1.0255086,-0.24987593,-0.30945915,-0.7703222,-0.2916456,-0.16906793,-0.984785,-0.040181782,-0.16195805,-1.327173,-0.18346292,-0.13220374,-0.9860529,-0.22435465,-0.13412699,-0.7262278,-0.21504216,0.018562267,-0.96570766,-0.09013766,0.03967461,-1.306024,-0.21514168,0.03400663,-1.0004706,-0.18138021,0.009629041,-0.74362475,-0.121089146,0.20704655,-0.8683056,-0.15154006,0.2209816,-1.1653968,-0.22795726,0.1873761,-0.97453725,-0.19030492,0.14072834,-0.7831451,-0.13873804,E
0.0,0.0,0.0,-0.28429475,-0.19621083,-0.09087809,-0.45481148,-0.45352373,-0.1623987,-0.3430539,-0.6969715,-0.24466111,-0.13139448,-0.7179488,-0.30888185,-0.29308423,-0.95451933,-0.030257056,-0.28296545,-1.314632,-0.17257637,-0.26971972,-1.0718294,-0.27149642,-0.2537064,-0.83201134,-0.322273,-0.100087725,-0.99348766,-0.054449167,-0.08510441,-1.3638232,-0.19050574,-0.079170816,-1.0557461,-0.2467093,-0.0867664,-0.82965523,-0.25768104,0.07121185,-0.95743936,-0.102185376,0.10792835,-1.3201253,-0.21584088,0.08590273,-1.0514379,-0.19909362,0.061721005,-0.8131963,-0.15961692,0.24527438,-0.8438906,-0.16272391,0.27562577,-1.1368693,-0.23198636,0.23274952,-0.98379016,-0.20628253,0.18854585,-0.8133681,-0.17004307,E
0.0,0.0,0.0,-0.25370535,-0.28942326,-0.05482663,-0.3711141,-0.54369736,-0.09763768,-0.23142096,-0.7376905,-0.15405314,-0.02684659,-0.70184684,-0.18854828,-0.14941353,-0.9908634,0.041930147,-0.10696106,-1.2669964,-0.08281179,-0.112880945,-1.0396916,-0.16891226,-0.13073108,-0.8021534,-0.20904091,0.038497727,-0.9991797,0.012560019,0.09950009,-1.2801067,-0.10964132,0.07383184,-0.9661803,-0.15473104,0.030228898,-0.759807,-0.15551454,0.19828865,-0.926505,-0.039361376,0.28314435,-1.1708964,-0.13873428,0.22584459,-0.9019244,-0.104964085,0.16266304,-0.7051517,-0.054278094,0.34796795,-0.7672158,-0.10220855,0.42839652,-0.98682356,-0.15886365,0.35701925,-0.8208019,-0.119428836,0.27612603,-0.6861753,-0.07187342,E
0.0,0.0,0.0,-0.23423414,-0.25583848,-0.11007943,-0.3478832,-0.60577244,-0.18339139,-0.17162456,-0.7897408,-0.26176146,0.06791333,-0.7116893,-0.32110652,-0.06616248,-1.0353001,-0.04823873,0.020647688,-1.3068678,-0.1861529,0.0035946122,-1.06933,-0.27702057,-0.040103283,-0.84237087,-0.32016408,0.13267481,-0.9894791,-0.057693157,0.2336596,-1.2386075,-0.19250304,0.19182505,-0.93338543,-0.23968218,0.117444016,-0.7181246,-0.2403512,0.29865935,-0.8916326,-0.092787884,0.41380137,-1.1382892,-0.20837697,0.3528573,-0.884052,-0.1920241,0.25835067,-0.6813546,-0.14988968,0.43634337,-0.72828317,-0.14193435,0.5400546,-0.94934535,-0.21911635,0.4751231,-0.8053769,-0.19894905,0.37806952,-0.66637725,-0.16248338,E
0.0,0.0,0.0,-0.22565468,-0.29381078,-0.102431305,-0.30708396,-0.69979954,-0.16553125,-0.10167543,-0.8706374,-0.23791043,0.13424394,-0.7271757,-0.29418263,-0.0017387292,-1.0572745,-0.03788721,0.12328884,-1.3505434,-0.17812912,0.074333735,-1.1208712,-0.26928946,0.015746089,-0.9056938,-0.3127524,0.18961161,-0.9805076,-0.051498592,0.33289745,-1.2603012,-0.19300242,0.2496454,-0.97051156,-0.23671207,0.15513603,-0.75079626,-0.23030385,0.34929112,-0.8601806,-0.09172317,0.49955022,-1.1406978,-0.21132997,0.40534148,-0.89019716,-0.19737966,0.2964823,-0.674649,-0.15208901,0.4829113,-0.68369186,-0.14589348,0.6071403,-0.91617256,-0.22526252,0.5276985,-0.77873313,-0.21121462,0.4244556,-0.62794274,-0.1778506,E
0.0,0.0,0.0,-0.21514066,-0.3563769,-0.115685806,-0.26005155,-0.77327526,-0.19191895,-0.024502948,-0.8770683,-0.27504724,0.20902535,-0.73979586,-0.34462154,0.123414256,-1.0746622,-0.06874302,0.2874747,-1.3337144,-0.22750807,0.19709177,-1.114284,-0.33180362,0.10941162,-0.89509493,-0.3816878,0.3178685,-0.944503,-0.08290723,0.5102505,-1.2193526,-0.23849429,0.3830541,-0.9452544,-0.28835136,0.2671418,-0.7152698,-0.28495193,0.46733996,-0.7814412,-0.124687284,0.66529936,-1.0452222,-0.2597263,0.5320342,-0.81383985,-0.2451811,0.40594074,-0.601295,-0.19774263,0.57786644,-0.564636,-0.18003273,0.74122584,-0.8034679,-0.2701655,0.6396489,-0.6723187,-0.2501414,0.52268803,-0.51573,-0.21134038,E
0.0,0.0,0.0,-0.2021682,-0.37056804,-0.107921295,-0.23806167,-0.8156239,-0.17785835,0.006102791,-0.93854207,-0.2583415,0.23783982,-0.75267756,-0.3256234,0.14774099,-1.0723203,-0.05194449,0.32547584,-1.361047,-0.20148392,0.22845411,-1.1587174,-0.30497193,0.1359643,-0.93821704,-0.35806727,0.33627042,-0.9392259,-0.069115266,0.54807085,-1.235222,-0.21519382,0.41925868,-0.9912947,-0.2680004,0.29333574,-0.7623698,-0.27090335,0.4841565,-0.7706468,-0.113134325,0.7069543,-1.0689379,-0.2318416,0.5739708,-0.8606926,-0.21833166,0.43636522,-0.64768726,-0.17733729,0.5929753,-0.54525906,-0.17246151,0.77380157,-0.7924504,-0.2501766,0.6714954,-0.6853352,-0.23310637,0.5440414,-0.5362586,-0.20146894,E
0.0,0.0,0.0,-0.2149996,-0.34182146,-0.07975708,-0.30260065,-0.68351936,-0.14161743,-0.11239704,-0.84439355,-0.21855287,0.10369348,-0.7197976,-0.27874446,0.025321735,-1.0549293,0.0032666028,0.12626438,-1.337272,-0.13142912,0.068892725,-1.1271667,-0.2270609,0.009748302,-0.91423005,-0.27292803,0.210493,-0.9773267,-0.022918928,0.32708216,-1.2483609,-0.15249115,0.23561694,-0.9793562,-0.20328525,0.15795526,-0.773551,-0.20558059,0.3619403,-0.8540502,-0.07401533,0.48832715,-1.1122161,-0.17643915,0.38085732,-0.8831289,-0.1543454,0.28643927,-0.6827668,-0.1078801,0.48236898,-0.6646147,-0.13867453,0.60160255,-0.9117918,-0.19270769,0.5105329,-0.7910719,-0.15706955,0.4170112,-0.6503367,-0.110831715,E
0.0,0.0,0.0,-0.24302278,-0.34034446,-0.06480512,-0.34454218,-0.59989816,-0.11668559,-0.16821389,-0.7885468,-0.18373874,0.053727638,-0.72762,-0.22755732,-0.07745045,-1.0110568,0.04915194,-0.0146085145,-1.3125218,-0.06682686,-0.044059973,-1.0762614,-0.15376271,-0.070960216,-0.851669,-0.19916901,0.11516363,-0.9930733,0.023298854,0.18815634,-1.3062449,-0.086167,0.13102849,-1.0086608,-0.13691844,0.08312988,-0.8081334,-0.14731832,0.2722589,-0.904077,-0.026104061,0.37435952,-1.1985651,-0.10964564,0.291195,-0.95128024,-0.07880734,0.22388075,-0.7432114,-0.035141792,0.41354308,-0.72118753,-0.08893081,0.496593,-0.974466,-0.12915783,0.4174724,-0.83784294,-0.08999401,0.34584677,-0.70482695,-0.04704458,E
0.0,0.0,0.0,-0.2811856,-0.20455743,-0.10443173,-0.4517081,-0.52520865,-0.17724541,-0.34603357,-0.7852458,-0.2605533,-0.10398484,-0.79388714,-0.3234879,-0.22273494,-1.0034457,-0.030643027,-0.17268412,-1.386631,-0.17156684,-0.17120244,-1.1564797,-0.26415312,-0.17689098,-0.9070536,-0.30527273,-0.015373947,-0.9988221,-0.046023134,0.054359484,-1.3789256,-0.1837636,0.030535838,-1.1055864,-0.23582351,-0.0069259442,-0.84994954,-0.23467855,0.17020424,-0.9349078,-0.087781526,0.25773382,-1.2800267,-0.2048573,0.20495644,-1.0398794,-0.19620474,0.14452806,-0.7993772,-0.15307866,0.34387264,-0.8051772,-0.14288248,0.41653347,-1.0757698,-0.2072232,0.36433426,-0.9639255,-0.18690547,0.3033294,-0.80523187,-0.14930958,E
0.0,0.0,0.0,-0.3049062,-0.14066902,-0.112507194,-0.5156728,-0.4181856,-0.19111544,-0.418115,-0.678385,-0.28136995,-0.16714688,-0.7099552,-0.35158205,-0.33635077,-0.94680184,-0.035382837,-0.33583516,-1.3310306,-0.18806146,-0.30950633,-1.0547671,-0.28843424,-0.28303117,-0.8101601,-0.33576202,-0.13293855,-0.98973686,-0.05242343,-0.11843282,-1.3900774,-0.20392907,-0.114478655,-1.0517955,-0.25441384,-0.11735034,-0.7953781,-0.25045797,0.051644128,-0.9674452,-0.098931596,0.08880561,-1.3527911,-0.22750595,0.05977004,-1.0581257,-0.21319994,0.03364112,-0.79615694,-0.16429056,0.23290265,-0.8768524,-0.16035576,0.26861504,-1.1883252,-0.23633029,0.21856155,-1.0281177,-0.2154858,0.17004877,-0.82706404,-0.17657575,E
0.0,0.0,0.0,-0.31933913,-0.13738969,-0.08832276,-0.537651,-0.36096892,-0.15849957,-0.43804526,-0.60272557,-0.24739398,-0.20008208,-0.6601311,-0.32103288,-0.40778726,-0.9099192,-0.002793073,-0.44955748,-1.2457262,-0.15301172,-0.39728242,-0.97868776,-0.26092452,-0.34971488,-0.73067683,-0.3129068,-0.21550532,-0.97603494,-0.030219713,-0.2445866,-1.3225439,-0.17858525,-0.20956124,-0.9848218,-0.23776728,-0.18536212,-0.7265337,-0.24089797,-0.03051681,-0.9816358,-0.08541419,-0.03691034,-1.3224003,-0.21197824,-0.040352292,-1.0141419,-0.20142114,-0.037295923,-0.7472373,-0.15387549,0.16027272,-0.9191209,-0.1536813,0.1550183,-1.2365135,-0.22358365,0.115931876,-1.0570856,-0.19463237,0.09146626,-0.8466453,-0.14917274,E
0.0,0.0,0.0,-0.3146387,-0.10906546,-0.09310946,-0.54649085,-0.33101162,-0.16310984,-0.4582654,-0.60089743,-0.24852942,-0.20908014,-0.64645433,-0.31722325,-0.44723946,-0.8894169,-0.01247872,-0.4943759,-1.2430851,-0.158733,-0.4259965,-0.98365057,-0.2635959,-0.37279063,-0.74436367,-0.31684834,-0.25563768,-0.9659959,-0.038747445,-0.29057044,-1.3366759,-0.18322837,-0.23457745,-1.0043898,-0.2388942,-0.20777304,-0.75170285,-0.24179898,-0.068440884,-0.9735899,-0.09242563,-0.07776523,-1.3450253,-0.21387406,-0.063608654,-1.0448607,-0.20208478,-0.05984811,-0.77658087,-0.15691572,0.12351216,-0.90659815,-0.15998083,0.11422801,-1.2238579,-0.22883943,0.08464289,-1.0475149,-0.20353627,0.06387615,-0.83451664,-0.16333126,E
0.0,0.0,0.0,-0.3379427,-0.078405604,-0.09922937,-0.5859729,-0.2705744,-0.17547604,-0.5096655,-0.5173578,-0.2669459,-0.27886274,-0.61256915,-0.34245792,-0.521943,-0.8329579,-0.03159626,-0.5887484,-1.1826596,-0.18296987,-0.4980313,-0.9145764,-0.28815717,-0.42388445,-0.6611646,-0.33909497,-0.32466856,-0.9441831,-0.055755466,-0.38390172,-1.3101779,-0.20557243,-0.30790898,-0.9638406,-0.2623706,-0.26099277,-0.6877925,-0.26450312,-0.13006479,-0.98255897,-0.10699688,-0.1760194,-1.3486428,-0.23394316,-0.14360723,-1.0334822,-0.22644466,-0.116044946,-0.7466659,-0.18192357,0.069718495,-0.94965935,-0.17144643,0.029922698,-1.2723901,-0.24972184,0.0068456223,-1.0920404,-0.22948739,0.0008093934,-0.8656691,-0.18987702,E
0.0,0.0,0.0,-0.35206062,-0.019153288,-0.10057917,-0.6499491,-0.16385679,-0.17824666,-0.64716756,-0.44377935,-0.2715526,-0.38683328,-0.5494427,-0.34573674,-0.6023365,-0.7700976,-0.02136961,-0.69509226,-1.1207037,-0.16732249,-0.6129413,-0.84989226,-0.26386422,-0.53146213,-0.61606866,-0.3115928,-0.41668096,-0.9078703,-0.04635098,-0.5087809,-1.2866743,-0.19436508,-0.42768916,-0.94820905,-0.2411163,-0.35694987,-0.69305277,-0.23395453,-0.22116737,-0.98087233,-0.09975364,-0.2962283,-1.3588332,-0.22428721,-0.2536581,-1.0393648,-0.20935355,-0.2062576,-0.7624313,-0.1577418,-0.010717634,-0.9818696,-0.1675822,-0.079149954,-1.3011149,-0.2389359,-0.10012001,-1.105791,-0.2171361,-0.09518075,-0.8747953,-0.17721613,E
0.0,0.0,0.0,-0.3569189,0.070314854,-0.110539556,-0.6984672,0.003962393,-0.18831696,-0.7721555,-0.26303917,-0.28406063,-0.5389946,-0.43878564,-0.3563511,-0.67213124,-0.69658047,-0.034274966,-0.84849954,-1.0692767,-0.19742246,-0.7447603,-0.77776694,-0.29587725,-0.6209845,-0.5372171,-0.3396663,-0.4992162,-0.8646368,-0.056449197,-0.67712665,-1.2734797,-0.23193908,-0.57132876,-0.89358366,-0.27892393,-0.45345238,-0.62389547,-0.26299042,-0.31001833,-0.9734965,-0.109605536,-0.47147557,-1.3934159,-0.25526172,-0.4110942,-1.0309373,-0.23639658,-0.31669912,-0.73191136,-0.1740207,-0.09409967,-1.0211976,-0.17894089,-0.20781307,-1.3901744,-0.26224506,-0.25254467,-1.1783555,-0.24754864,-0.24758954,-0.92607343,-0.2096451,E
0.0,0.0,0.0,-0.36508685,0.10088395,-0.10145582,-0.7204768,0.06824839,-0.17981493,-0.8172829,-0.20111278,-0.27951622,-0.57338476,-0.3921869,-0.3598143,-0.72643644,-0.6395856,-0.025016295,-0.93543565,-0.9941629,-0.189325,-0.82558167,-0.7144484,-0.29231495,-0.6896852,-0.4913747,-0.3407261,-0.5680271,-0.8211867,-0.054749973,-0.78584015,-1.2230041,-0.23220122,-0.6677344,-0.8524324,-0.28219762,-0.5284243,-0.5955585,-0.26815316,-0.38519883,-0.9500454,-0.115274824,-0.5832295,-1.3630486,-0.26130724,-0.5156268,-0.99930567,-0.24705301,-0.40394104,-0.7063217,-0.18817379,-0.1676514,-1.0245314,-0.19131884,-0.31632134,-1.3828042,-0.27124843,-0.35936293,-1.1557356,-0.2575039,-0.33922255,-0.8962454,-0.22222932,E
0.0,0.0,0.0,-0.37229168,0.16855021,-0.101525374,-0.77030665,0.17329057,-0.17397706,-0.9270123,-0.08456867,-0.2694447,-0.69723976,-0.2852444,-0.3447718,-0.81248564,-0.54919934,-0.0010188676,-1.0546525,-0.8927258,-0.16572106,-0.90874743,-0.62982094,-0.27269343,-0.7450895,-0.4295258,-0.32408375,-0.6623571,-0.74851316,-0.03179664,-0.91627705,-1.1328207,-0.2121631,-0.76277745,-0.7915601,-0.2626919,-0.59034187,-0.551371,-0.24548225,-0.49295437,-0.8974335,-0.096038036,-0.73136336,-1.2723669,-0.23731133,-0.6300398,-0.93740976,-0.21652178,-0.48561567,-0.6760791,-0.15141492,-0.28462845,-1.0012946,-0.1777259,-0.48975736,-1.318788,-0.24698792,-0.5021393,-1.0953634,-0.2247287,-0.43931058,-0.8551111,-0.18331419,E
0.0,0.0,0.0,-0.34705132,0.0995802,-0.08444083,-0.71509695,0.05254037,-0.15273969,-0.8298984,-0.20264891,-0.24667755,-0.6112637,-0.3793902,-0.32566777,-0.7174455,-0.65183353,-0.00035733893,-0.90992796,-1.0293635,-0.16600649,-0.8246786,-0.7788545,-0.27966464,-0.7013669,-0.53445965,-0.33387572,-0.55489135,-0.8310532,-0.03802711,-0.7524386,-1.2434183,-0.21805899,-0.64699715,-0.9011607,-0.27767092,-0.51235896,-0.6201047,-0.2691221,-0.3738129,-0.9604128,-0.10608354,-0.5592872,-1.3882238,-0.25142327,-0.503642,-1.0564218,-0.24610008,-0.40099636,-0.7574816,-0.19373298,-0.16087942,-1.0449958,-0.18781401,-0.30723804,-1.3948114,-0.26702318,-0.3387135,-1.1788063,-0.2544804,-0.31196052,-0.9244262,-0.22010115,E
0.0,0.0,0.0,-0.33213413,-0.11471484,-0.08339845,-0.5662338,-0.25585052,-0.15108697,-0.51432925,-0.49964514,-0.23270263,-0.28097224,-0.54661965,-0.29387966,-0.4787988,-0.850934,0.010014953,-0.517866,-1.1406192,-0.11669488,-0.43198574,-0.8773107,-0.20878004,-0.37555388,-0.6471171,-0.2586261,-0.2890247,-0.95719904,-0.015320596,-0.33330172,-1.2538333,-0.14730795,-0.25265333,-0.8982527,-0.20140208,-0.22092105,-0.66045856,-0.20949104,-0.1007527,-0.9810456,-0.06434846,-0.12036924,-1.2877527,-0.1737032,-0.08922091,-0.9643642,-0.14930736,-0.08564336,-0.6974314,-0.10109715,0.08774808,-0.91207737,-0.12595545,0.07136307,-1.2070335,-0.18281786,0.055711236,-0.9933087,-0.14061071,0.033374734,-0.78445023,-0.09135345,E
0.0,0.0,0.0,-0.32863137,-0.061276816,-0.11714671,-0.5797445,-0.29966873,-0.1929271,-0.5107214,-0.5400465,-0.28225276,-0.272851,-0.60213196,-0.35444507,-0.44070163,-0.890844,-0.021802085,-0.48988405,-1.2329364,-0.17440286,-0.43578732,-0.9566549,-0.27405214,-0.37644166,-0.7003465,-0.31787366,-0.24154924,-0.9697381,-0.03552426,-0.28562698,-1.3237431,-0.19980787,-0.24099915,-0.958942,-0.25237876,-0.19744982,-0.67137885,-0.24119185,-0.05079241,-0.9954949,-0.08063854,-0.08314615,-1.3432109,-0.22659837,-0.07450995,-0.99515617,-0.21187566,-0.052008253,-0.7010388,-0.15169996,0.14849527,-0.9639212,-0.14059529,0.1207278,-1.2807887,-0.22809465,0.09433211,-1.0711054,-0.20486404,0.09054448,-0.8459604,-0.15759687,E
0.0,0.0,0.0,-0.3237831,-0.09036682,-0.12702623,-0.560884,-0.30560476,-0.21744229,-0.5227587,-0.49188194,-0.31519213,-0.30825493,-0.5097045,-0.39205247,-0.39429453,-0.9081403,-0.0667518,-0.43226326,-1.2432812,-0.20686522,-0.38955802,-0.9425475,-0.28639835,-0.35368973,-0.6718474,-0.31837988,-0.18779242,-0.9795472,-0.07225839,-0.22032265,-1.2882159,-0.2311392,-0.18623482,-0.8955575,-0.2715274,-0.16541454,-0.60710186,-0.25469235,0.007284259,-0.9866303,-0.10409525,-0.0152626475,-1.3065457,-0.23838443,-0.01633026,-0.93923205,-0.20666873,-0.019488141,-0.6409521,-0.1410677,0.20251356,-0.9275953,-0.15100929,0.2055779,-1.2245857,-0.23583688,0.15899342,-0.99632215,-0.20330699,0.11609589,-0.76849407,-0.15031615,E
0.0,0.0,0.0,-0.28139627,-0.07441485,-0.16600262,-0.5238577,-0.25846073,-0.28926542,-0.5529962,-0.40479776,-0.41121528,-0.38162175,-0.472411,-0.509331,-0.38467112,-0.9139172,-0.13459902,-0.4139779,-1.2267063,-0.29965168,-0.37364402,-0.9267715,-0.38950944,-0.33983612,-0.63573325,-0.4237107,-0.15934421,-0.9788264,-0.12848425,-0.18766765,-1.2549711,-0.3105337,-0.15707062,-0.8507458,-0.35650316,-0.14432886,-0.54685944,-0.34077367,0.054799207,-0.98191273,-0.15051095,0.034876265,-1.2849623,-0.30796877,0.0315004,-0.91448575,-0.27721056,0.018837307,-0.6064265,-0.20817812,0.2580981,-0.9262957,-0.1887643,0.2631998,-1.2042212,-0.2865045,0.2167499,-0.98434365,-0.25438958,0.16606301,-0.7674489,-0.1988134,E
0.0,0.0,0.0,-0.2808787,-0.093711406,-0.17243277,-0.50016344,-0.3008236,-0.2946185,-0.47655624,-0.4205047,-0.4120885,-0.2735547,-0.4130061,-0.50700414,-0.35956633,-0.92890364,-0.12963413,-0.35204744,-1.1690465,-0.28489426,-0.3115755,-0.8433235,-0.3743623,-0.29967907,-0.57097757,-0.41441357,-0.124121934,-0.98472327,-0.12212232,-0.12594113,-1.2144514,-0.3048185,-0.10410359,-0.7997064,-0.36065307,-0.11624033,-0.506076,-0.35280707,0.09381231,-0.9673192,-0.14107884,0.10840769,-1.2246827,-0.3082873,0.09298331,-0.8378318,-0.28434917,0.052935272,-0.52523965,-0.21677871,0.29082158,-0.8874427,-0.17566392,0.3165859,-1.1306405,-0.2839336,0.2725869,-0.895487,-0.2527676,0.21348058,-0.6781688,-0.1956127,E
0.0,0.0,0.0,-0.25994965,-0.13429348,-0.117187984,-0.45222893,-0.37582332,-0.208746,-0.4088622,-0.51496196,-0.30600917,-0.2086968,-0.5127975,-0.3871848,-0.25651324,-0.978349,-0.058653228,-0.2309579,-1.1881111,-0.19755822,-0.21247241,-0.91509616,-0.28918377,-0.21632597,-0.67062145,-0.33257386,-0.04195629,-0.9963952,-0.07373066,-0.020672219,-1.2151935,-0.22948125,-0.026076678,-0.84110045,-0.2878163,-0.051714525,-0.5697928,-0.28552476,0.1625195,-0.95128953,-0.11176931,0.19822222,-1.1900318,-0.2554431,0.15862112,-0.8359715,-0.23863624,0.102669016,-0.55984074,-0.18070382,0.3466117,-0.841911,-0.1609799,0.39148653,-1.0812865,-0.25096577,0.3357928,-0.8684939,-0.21718088,0.2712845,-0.6797039,-0.16052514,E
0.0,0.0,0.0,-0.270274,-0.1847821,-0.17345792,-0.42719197,-0.4293965,-0.2778848,-0.34339866,-0.56281775,-0.36912134,-0.15535298,-0.5457239,-0.43358675,-0.20809062,-0.9791986,-0.13961565,-0.115670845,-1.1924764,-0.26756582,-0.09046028,-0.8900162,-0.32773352,-0.12679002,-0.6301976,-0.35048953,0.042814694,-0.9917198,-0.12107371,0.119146936,-1.1985029,-0.27464437,0.1000309,-0.7814269,-0.31065264,0.030996436,-0.5174538,-0.29726455,0.250927,-0.92405844,-0.12526149,0.33910653,-1.1339457,-0.27475095,0.27931526,-0.76866955,-0.23983066,0.18406397,-0.5063323,-0.17357816,0.41754365,-0.78748655,-0.14392462,0.52638954,-1.0028439,-0.2520491,0.45235005,-0.7868552,-0.21631607,0.34783298,-0.6070488,-0.15807205,E
0.0,0.0,0.0,-0.27339008,-0.173819,-0.16762786,-0.4040155,-0.4666632,-0.27320772,-0.29005167,-0.55101275,-0.37268507,-0.11267877,-0.4907513,-0.44826213,-0.16953517,-1.0000839,-0.13642958,-0.087140255,-1.2346832,-0.27483082,-0.06341666,-0.92257535,-0.34134033,-0.09412358,-0.65317076,-0.36323333,0.07193824,-0.9893301,-0.12669201,0.15412849,-1.217283,-0.29521376,0.13245805,-0.80021226,-0.34196898,0.061771944,-0.5185998,-0.32931972,0.27523276,-0.9191258,-0.1405102,0.36984012,-1.1677556,-0.29733905,0.3110123,-0.7825657,-0.27042785,0.21703911,-0.49666062,-0.20290726,0.43796214,-0.7976174,-0.16906375,0.56391853,-1.0496987,-0.27271584,0.50768316,-0.8397247,-0.23827964,0.41702437,-0.6568104,-0.17889923,E
0.0,0.0,0.0,-0.26230127,-0.15568806,-0.105400436,-0.41088519,-0.43371123,-0.17890933,-0.29800063,-0.54817855,-0.26301125,-0.09930185,-0.5023369,-0.33303186,-0.20155135,-0.9769454,-0.02590518,-0.18018769,-1.2141138,-0.16237941,-0.18135327,-0.957246,-0.25520214,-0.19204867,-0.71092415,-0.29817373,0.007926315,-0.99894047,-0.04533255,0.029677592,-1.2356626,-0.19718692,0.0072976584,-0.86603445,-0.24846877,-0.013383408,-0.58398485,-0.23954584,0.19512613,-0.9465825,-0.09125859,0.24816366,-1.1877604,-0.22608232,0.19423144,-0.8472946,-0.20874576,0.14038882,-0.5759662,-0.15231737,0.36227658,-0.8257922,-0.14988437,0.43344185,-1.0511274,-0.2334727,0.3607837,-0.85071474,-0.20349956,0.29066214,-0.665947,-0.15208371,E
0.0,0.0,0.0,-0.28064582,-0.14846954,-0.101783775,-0.47043777,-0.41759288,-0.17425242,-0.37723276,-0.60249376,-0.25832397,-0.16559806,-0.59798276,-0.32728198,-0.29180068,-0.952349,-0.028902356,-0.3002984,-1.2542125,-0.16871797,-0.28872135,-1.0003289,-0.2603542,-0.2714277,-0.7634061,-0.30364028,-0.093646094,-0.99425673,-0.051808033,-0.09432975,-1.3012753,-0.20531134,-0.091344096,-0.9557073,-0.25563177,-0.088216245,-0.6900011,-0.24824457,0.089491576,-0.9684977,-0.101632856,0.116421126,-1.2735597,-0.23411104,0.09810116,-0.9614084,-0.21947294,0.077604204,-0.7008682,-0.16844672,0.2629812,-0.87528676,-0.16472784,0.29594776,-1.1294533,-0.24674314,0.24841075,-0.941257,-0.22334541,0.20504104,-0.75123286,-0.18059681,E
0.0,0.0,0.0,-0.310071,-0.1427464,-0.111123584,-0.53277785,-0.3901027,-0.19534537,-0.46202958,-0.6047201,-0.29484874,-0.23619312,-0.6710847,-0.3763448,-0.36155874,-0.93553704,-0.049157433,-0.3838791,-1.3263015,-0.20870157,-0.3513945,-1.079105,-0.30838266,-0.31010664,-0.8309667,-0.35171992,-0.16184635,-0.9843999,-0.06901085,-0.17446125,-1.3654362,-0.23493013,-0.15934093,-1.0076976,-0.28535524,-0.13769992,-0.72992814,-0.27686548,0.026648851,-0.9756028,-0.118016906,0.030871194,-1.3568741,-0.2589732,0.009835629,-1.0304681,-0.24118581,0.01267153,-0.7447079,-0.184477,0.22221392,-0.9077499,-0.18155736,0.2493932,-1.2391524,-0.26477993,0.18892096,-1.0693699,-0.24203666,0.14754306,-0.8569653,-0.19849637,E
0.0,0.0,0.0,-0.37171653,-0.1814986,-0.060179003,-0.59195304,-0.330649,-0.11904992,-0.52461284,-0.5757283,-0.20254593,-0.3101656,-0.6487106,-0.26432535,-0.43623993,-0.88746595,0.05951471,-0.48967922,-1.2328266,-0.081243075,-0.44629982,-0.9770178,-0.19072935,-0.40141445,-0.73341566,-0.24584094,-0.25162974,-0.96754783,0.02309931,-0.29891348,-1.312848,-0.11825738,-0.26738274,-0.94219273,-0.18748069,-0.2400175,-0.6901603,-0.20193481,-0.07308314,-0.9767404,-0.039190914,-0.084742494,-1.3256923,-0.14721133,-0.10207833,-1.0021125,-0.13054253,-0.1055523,-0.7244804,-0.08516296,0.10978852,-0.89690214,-0.11437718,0.10515244,-1.2275285,-0.16109966,0.045182448,-1.0313915,-0.11854324,0.0046411008,-0.812947,-0.06796647,E
0.0,0.0,0.0,-0.34208637,-0.1313462,-0.07019531,-0.60042113,-0.31239504,-0.13326962,-0.5837687,-0.5909583,-0.21542162,-0.35261077,-0.67022496,-0.27956274,-0.46660858,-0.88143057,0.005563779,-0.525685,-1.2330964,-0.13194335,-0.49152035,-0.97649044,-0.22816259,-0.44040516,-0.7494138,-0.27559614,-0.2852105,-0.95807815,-0.027225165,-0.33701086,-1.3478032,-0.1660549,-0.32039586,-1.0248178,-0.21649572,-0.2837704,-0.7762818,-0.21437365,-0.10102988,-0.9745153,-0.084238365,-0.12833443,-1.3524405,-0.19305357,-0.15056391,-1.0643735,-0.17996429,-0.13937928,-0.8016658,-0.13363251,0.09479559,-0.91840357,-0.15359652,0.06706392,-1.2501918,-0.20443459,0.0093522845,-1.0899674,-0.17675988,-0.011186353,-0.88944125,-0.13612965,E
0.0,0.0,0.0,-0.34858227,-0.051688917,-0.08840425,-0.65815157,-0.23989715,-0.15477963,-0.68608344,-0.55000556,-0.23788513,-0.435286,-0.6400999,-0.30356696,-0.5481952,-0.84776664,-0.007798516,-0.64019114,-1.2224704,-0.14139983,-0.6017561,-0.98473233,-0.23128408,-0.53387326,-0.7717519,-0.27503523,-0.35849482,-0.9330544,-0.029851086,-0.44203296,-1.3323649,-0.1667953,-0.41543397,-1.0253644,-0.20756502,-0.35670686,-0.77446145,-0.19807652,-0.16486335,-0.96987903,-0.079355754,-0.2315142,-1.3575555,-0.19116287,-0.24592336,-1.0687126,-0.17985778,-0.21163662,-0.8006131,-0.13337034,0.046251535,-0.95537543,-0.14280128,-0.011357247,-1.3013211,-0.19892421,-0.07045547,-1.1424991,-0.18226741,-0.07776435,-0.9310094,-0.15005416,E
0.0,0.0,0.0,-0.36084542,-0.062179923,-0.083412506,-0.6478074,-0.21252127,-0.15182087,-0.68240815,-0.5018424,-0.24019018,-0.46757674,-0.6234604,-0.3103682,-0.53988826,-0.8322926,0.0037673707,-0.6507223,-1.1998085,-0.1400381,-0.60086,-0.9580629,-0.23877734,-0.5214459,-0.73673177,-0.28649533,-0.36018288,-0.9324922,-0.02695692,-0.47081327,-1.3501785,-0.1768477,-0.4281156,-1.0282631,-0.23102121,-0.35369864,-0.769778,-0.228148,-0.17309262,-0.9765295,-0.08502031,-0.25354028,-1.36851,-0.2110856,-0.25473586,-1.072926,-0.20483455,-0.2039471,-0.80031145,-0.1581108,0.03987584,-0.96725786,-0.15668581,-0.013471887,-1.3357394,-0.22290127,-0.07137782,-1.1735535,-0.20602001,-0.08199101,-0.9531613,-0.17139064,E
0.0,0.0,0.0,-0.33622104,-0.07658727,-0.08758062,-0.62014717,-0.2675439,-0.16111483,-0.6213257,-0.5506035,-0.2518163,-0.3797958,-0.6775658,-0.32739595,-0.5144015,-0.8581824,-0.009949982,-0.57816595,-1.2067015,-0.14649986,-0.547711,-0.9806289,-0.2418032,-0.49295214,-0.7682095,-0.29032984,-0.33005413,-0.9432206,-0.037406072,-0.39477015,-1.3308822,-0.1725839,-0.35874665,-1.0452831,-0.22187437,-0.30765328,-0.80096436,-0.22146781,-0.14124618,-0.9783372,-0.09074322,-0.1979225,-1.3548588,-0.20280711,-0.18782762,-1.0751315,-0.18926334,-0.15620473,-0.8178048,-0.14368714,0.06278179,-0.95481545,-0.15741831,0.01569317,-1.2867666,-0.21657364,-0.016882692,-1.1133316,-0.19160892,-0.024914254,-0.89829797,-0.15365495,E
0.0,0.0,0.0,-0.32086465,-0.12343956,-0.0701463,-0.5781195,-0.34593552,-0.13235243,-0.54162925,-0.62481993,-0.21027288,-0.3073588,-0.71540695,-0.2753663,-0.47455338,-0.89291567,-0.005329534,-0.49666956,-1.2363663,-0.13196017,-0.4500284,-1.0706124,-0.22626387,-0.40934283,-0.86346805,-0.27483106,-0.2818965,-0.9588051,-0.03503065,-0.29588243,-1.2935752,-0.15895069,-0.25090596,-1.0495036,-0.21557245,-0.23505612,-0.81925625,-0.22640342,-0.09669609,-0.97536737,-0.08675702,-0.10157814,-1.2899936,-0.1841229,-0.092613265,-1.0621417,-0.17997159,-0.097211175,-0.82976127,-0.1494592,0.09112215,-0.9311425,-0.14966005,0.0778071,-1.2230228,-0.19989711,0.060523998,-1.0740967,-0.17446366,0.03826787,-0.8909851,-0.13962245,E
0.0,0.0,0.0,-0.29253265,-0.1855873,-0.075063266,-0.47037604,-0.45760116,-0.13313007,-0.37642315,-0.6687148,-0.20275456,-0.17416601,-0.72099113,-0.25744236,-0.32739222,-0.9429755,-0.024525272,-0.3108369,-1.2806535,-0.15063728,-0.26886314,-1.1301146,-0.23531851,-0.25123414,-0.9009054,-0.27386627,-0.13636975,-0.9893623,-0.050652534,-0.12465041,-1.3516824,-0.17496215,-0.080796376,-1.1025078,-0.22639802,-0.07908946,-0.8532727,-0.23175442,0.04140819,-0.96691084,-0.09717529,0.07106829,-1.3032484,-0.20323686,0.08043377,-1.0563798,-0.18950571,0.06959441,-0.8066513,-0.14987898,0.22705564,-0.8759127,-0.15427217,0.2569846,-1.1689091,-0.22290522,0.23357905,-1.0363014,-0.20003043,0.19601807,-0.8641222,-0.1634154,E
0.0,0.0,0.0,-0.29485384,-0.22272332,-0.08059065,-0.47621313,-0.4931701,-0.1479372,-0.38332286,-0.7067868,-0.22740653,-0.16329809,-0.7415304,-0.29254907,-0.32631978,-0.9595719,-0.027247407,-0.30580968,-1.2963473,-0.14586915,-0.25175002,-1.135571,-0.2280689,-0.23963651,-0.9210807,-0.26887438,-0.12941258,-0.99014604,-0.053508114,-0.10366435,-1.3233567,-0.17282486,-0.054384224,-1.0720578,-0.23244776,-0.06800053,-0.83136165,-0.24778204,0.05763292,-0.96239614,-0.099307224,0.08747826,-1.2995799,-0.20337747,0.11050952,-1.0621191,-0.19894008,0.087432705,-0.80781436,-0.16725935,0.23588148,-0.8673903,-0.15606104,0.2659467,-1.1572189,-0.2290675,0.2562006,-1.0266548,-0.210983,0.21756886,-0.8437883,-0.17715696,E
0.0,0.0,0.0,-0.29083556,-0.23756117,-0.08648302,-0.4478217,-0.5908986,-0.14809458,-0.29662058,-0.79638565,-0.21908809,-0.05564548,-0.7866843,-0.27789873,-0.25742525,-0.99292547,-0.050182875,-0.20748898,-1.3761181,-0.17767422,-0.15361106,-1.2180022,-0.26915592,-0.14468583,-0.993412,-0.3159033,-0.05272421,-0.99610126,-0.07072799,0.01891763,-1.3568549,-0.19726522,0.054557256,-1.1130918,-0.2613418,0.015233756,-0.8646491,-0.27979824,0.12971173,-0.94188416,-0.110646255,0.1984061,-1.2884834,-0.21419679,0.21468316,-1.0546006,-0.21785627,0.16857673,-0.8035625,-0.19379967,0.29679087,-0.83204585,-0.1619796,0.3540322,-1.1053716,-0.23660043,0.34359345,-0.97343194,-0.22840646,0.28987134,-0.79204166,-0.20398852,E
0.0,0.0,0.0,-0.29241374,-0.25609717,-0.098355286,-0.45055723,-0.5555123,-0.16668035,-0.30009386,-0.7789865,-0.24017088,-0.058928195,-0.7800365,-0.2934535,-0.27205673,-0.9922793,-0.044187654,-0.21191983,-1.3308401,-0.17088926,-0.17312971,-1.1373789,-0.25565374,-0.182284,-0.9098227,-0.29745284,-0.06420047,-0.99617773,-0.059229303,-0.0028986314,-1.3331599,-0.18527634,0.027225241,-1.0458928,-0.24270286,-0.011407061,-0.79815173,-0.25603175,0.11669694,-0.9394772,-0.09562764,0.18369159,-1.2874591,-0.20523702,0.18942088,-1.0301207,-0.19827102,0.13674287,-0.76877266,-0.16343972,0.27824262,-0.81152874,-0.14439122,0.33204496,-1.0877973,-0.22135285,0.3163855,-0.95236164,-0.20484975,0.2552912,-0.7696881,-0.1711465,E
0.0,0.0,0.0,-0.2937916,-0.25897944,-0.09210067,-0.4481555,-0.5300595,-0.15114376,-0.3028236,-0.76245177,-0.21388742,-0.0824365,-0.7729763,-0.25265583,-0.26338485,-0.99176645,-0.024115436,-0.22221161,-1.3221933,-0.14737222,-0.18413953,-1.1234775,-0.2305133,-0.18764558,-0.8941983,-0.2706385,-0.05772903,-0.9975507,-0.03949333,-0.009961252,-1.3208406,-0.16101775,0.01868747,-1.0186807,-0.21712661,-0.017960474,-0.77664655,-0.23037267,0.1182629,-0.94013476,-0.07663778,0.17930752,-1.2817081,-0.18357047,0.18276878,-1.0187042,-0.16961274,0.13460517,-0.76204145,-0.13153951,0.2832662,-0.80471575,-0.12636627,0.3366518,-1.0737164,-0.20065226,0.31702426,-0.92878693,-0.17680684,0.25530782,-0.74993134,-0.13789056,E
0.0,0.0,0.0,-0.29088935,-0.26083615,-0.08356111,-0.44062462,-0.5657058,-0.13900323,-0.29905084,-0.78964853,-0.20272075,-0.07644727,-0.77024454,-0.24798661,-0.25070733,-0.9902996,-0.02477338,-0.21536511,-1.340426,-0.1428978,-0.18867345,-1.1511035,-0.22497924,-0.19113742,-0.9264957,-0.266228,-0.053807944,-0.9976311,-0.042861037,-0.014178495,-1.3477957,-0.15749949,0.009277387,-1.0649151,-0.21000923,-0.017796833,-0.82103056,-0.2211033,0.11601095,-0.94542986,-0.08195245,0.16846946,-1.2984126,-0.17868455,0.17364216,-1.0546746,-0.17417079,0.13811024,-0.7948494,-0.1437933,0.27724195,-0.82298136,-0.13339317,0.3290924,-1.1098523,-0.20255774,0.31404233,-0.9945076,-0.19198328,0.26423302,-0.8155138,-0.16476418,E
0.0,0.0,0.0,-0.2853481,-0.21827735,-0.06828363,-0.47462767,-0.41741398,-0.13126986,-0.4195332,-0.66330975,-0.20607422,-0.21098629,-0.7038736,-0.25821748,-0.3311913,-0.934952,0.005250502,-0.3337087,-1.2508978,-0.09227151,-0.2895766,-1.04542,-0.15814362,-0.27510032,-0.83103794,-0.19285761,-0.1423751,-0.9895757,-0.021662986,-0.14241412,-1.2986915,-0.11240278,-0.09970534,-1.0136169,-0.15050048,-0.108948715,-0.80425614,-0.15879989,0.03398401,-0.9697727,-0.067321636,0.055782888,-1.2773845,-0.14241101,0.062051296,-1.0178238,-0.110315606,0.03845498,-0.7765173,-0.07029413,0.21012472,-0.8627221,-0.12538223,0.22771795,-1.1402032,-0.17524727,0.20432384,-0.9875739,-0.13808757,0.16535567,-0.80705714,-0.09604199,E
0.0,0.0,0.0,-0.32630816,-0.2101818,-0.07563963,-0.52531344,-0.37321967,-0.14270025,-0.49923322,-0.64076406,-0.22400862,-0.26592067,-0.6884499,-0.27949962,-0.3839794,-0.91633844,0.024573883,-0.40194362,-1.2534971,-0.105587944,-0.373421,-1.0440745,-0.20275405,-0.34158018,-0.8232444,-0.25491378,-0.2001898,-0.9797334,-0.0068157064,-0.21895863,-1.3600647,-0.13368519,-0.18745503,-1.0487962,-0.20378615,-0.17574653,-0.8289056,-0.22704385,-0.026317626,-0.9659022,-0.0611574,-0.017718958,-1.3145423,-0.15659669,-0.019482277,-1.0444474,-0.14811149,-0.022437163,-0.7931545,-0.116221495,0.15738496,-0.86353314,-0.12979314,0.17369981,-1.1824155,-0.17122287,0.14463902,-1.0363287,-0.14166564,0.12031631,-0.8473243,-0.10678227,E
0.0,0.0,0.0,-0.31999016,-0.16081432,-0.09295412,-0.53981733,-0.34444436,-0.17583795,-0.5129058,-0.60482645,-0.27006108,-0.29007965,-0.6623726,-0.34071907,-0.42834145,-0.8947098,-0.025516601,-0.46164712,-1.2420062,-0.16848737,-0.4162579,-1.009654,-0.26381597,-0.37697735,-0.7766382,-0.31008276,-0.23580268,-0.9704645,-0.050947372,-0.25891125,-1.3249713,-0.19602332,-0.2228352,-1.0061558,-0.2467984,-0.20854598,-0.76318717,-0.24718384,-0.049536142,-0.97436905,-0.10104768,-0.05174922,-1.3186367,-0.21810366,-0.05832254,-1.0310687,-0.19506957,-0.06451981,-0.7710307,-0.1454144,0.14459375,-0.9043797,-0.16523987,0.16518487,-1.2095759,-0.23188365,0.11547161,-1.0342574,-0.2018066,0.0709708,-0.82800025,-0.15857196,E
0.0,0.0,0.0,-0.34365255,-0.12955333,-0.098813236,-0.5944241,-0.291328,-0.18944101,-0.5864135,-0.54202884,-0.30025128,-0.3594694,-0.6510304,-0.38920632,-0.44076934,-0.89802116,-0.005453386,-0.499914,-1.2581875,-0.17257135,-0.45138207,-0.9748341,-0.28802076,-0.39288422,-0.72781146,-0.3425451,-0.253348,-0.96686506,-0.031413477,-0.30719084,-1.3250713,-0.19936393,-0.26890498,-0.9565362,-0.26084104,-0.22448641,-0.6982708,-0.26151836,-0.06738371,-0.9814769,-0.088022485,-0.09883081,-1.3564444,-0.22445343,-0.11335824,-1.0306792,-0.20746575,-0.09732204,-0.7447879,-0.15204065,0.12782152,-0.9337757,-0.15938388,0.09540111,-1.271483,-0.22844459,0.030439053,-1.0815008,-0.1982852,0.0021816373,-0.8536945,-0.15068021,E
0.0,0.0,0.0,-0.34024122,-0.12043257,-0.09813445,-0.6091444,-0.2695443,-0.18234281,-0.5988822,-0.5227908,-0.2837357,-0.36355048,-0.636914,-0.36419287,-0.47328603,-0.86546546,-0.0027305216,-0.53574985,-1.2040703,-0.16205269,-0.47253793,-0.9307642,-0.27547967,-0.4135433,-0.6781207,-0.33107546,-0.28221068,-0.95900714,-0.025739785,-0.34389934,-1.304252,-0.1908546,-0.29696184,-0.9387823,-0.25804934,-0.25389042,-0.6698871,-0.26280674,-0.09483743,-0.9879093,-0.07726336,-0.12722357,-1.3285073,-0.21643487,-0.13463672,-0.9973088,-0.20680456,-0.11994366,-0.70965093,-0.15530904,0.10284484,-0.9467126,-0.14187886,0.06243191,-1.2392329,-0.21740456,0.005294001,-1.0363138,-0.19026688,-0.02179289,-0.81110454,-0.1434229,E
0.0,0.0,0.0,-0.18020147,-0.11201449,-0.09607099,-0.33807316,-0.31755328,-0.1718046,-0.4310165,-0.50610757,-0.25576162,-0.35151926,-0.6829491,-0.3262087,-0.3019325,-0.87345415,-0.00816957,-0.38394025,-1.110654,-0.17675531,-0.37319908,-0.97112525,-0.3214244,-0.32793245,-0.797179,-0.39245445,-0.15749732,-0.9870234,-0.031295367,-0.20291084,-1.4220735,-0.10110375,-0.2184334,-1.6755283,-0.16754729,-0.22675677,-1.8945034,-0.21295027,0.008183911,-0.9769863,-0.0878929,0.0020714898,-1.3491228,-0.14798121,0.0050823158,-1.5716026,-0.1877412,-0.001979069,-1.77307,-0.21346109,0.17820618,-0.8658576,-0.15956317,0.21928334,-1.1040722,-0.18351422,0.2465659,-1.24509,-0.17009637,0.2629197,-1.3750372,-0.15883313,F
0.0,0.0,0.0,-0.18154629,-0.11581032,-0.09571519,-0.3412968,-0.31996685,-0.17288963,-0.43201175,-0.50617236,-0.25846863,-0.3491522,-0.68544257,-0.3312456,-0.2929108,-0.87570685,-0.011434675,-0.37391695,-1.1080233,-0.18451948,-0.3668041,-0.9722615,-0.3330626,-0.32346633,-0.79984266,-0.40602374,-0.15004721,-0.9880493,-0.035275467,-0.1946794,-1.4233572,-0.10458449,-0.21088924,-1.6773865,-0.16997741,-0.21972029,-1.8967837,-0.21483277,0.014938951,-0.9775637,-0.09274733,0.011436165,-1.353874,-0.15077356,0.015756452,-1.5776335,-0.18730727,0.009525253,-1.7792255,-0.21136999,0.1846131,-0.86443555,-0.16566925,0.22776178,-1.1040522,-0.18880177,0.25580257,-1.2495548,-0.1734625,0.27234584,-1.3837277,-0.16072865,F
0.0,0.0,0.0,-0.18010014,-0.1225161,-0.10386091,-0.33741143,-0.3312395,-0.17892548,-0.42630646,-0.5380761,-0.25963196,-0.35388058,-0.7404984,-0.32597342,-0.30334935,-0.87866235,-0.0031277982,-0.37589484,-1.1030412,-0.16069809,-0.37107742,-1.004086,-0.29672313,-0.33789676,-0.8657683,-0.36602443,-0.15489803,-0.987689,-0.021842737,-0.19323055,-1.4106185,-0.09522997,-0.20291457,-1.6622453,-0.16443253,-0.20709266,-1.882589,-0.21147251,0.011207314,-0.97492415,-0.074412614,0.01894122,-1.3398129,-0.14397751,0.029296095,-1.5595542,-0.18842144,0.025716415,-1.7568716,-0.21562319,0.18352439,-0.8618596,-0.1418601,0.22713296,-1.100387,-0.1783434,0.25336993,-1.2365885,-0.172853,0.26650658,-1.3617446,-0.16591817,F
0.0,0.0,0.0,-0.18520536,-0.13961202,-0.10457094,-0.3372597,-0.35973272,-0.18286592,-0.38911918,-0.58932203,-0.2655926,-0.29255697,-0.7702027,-0.3343259,-0.272663,-0.9039316,-0.017282186,-0.32275355,-1.1486394,-0.17487268,-0.31444377,-1.0349336,-0.31022012,-0.28491625,-0.8802262,-0.37833995,-0.11389399,-0.992756,-0.038257852,-0.13958143,-1.4291791,-0.10842851,-0.14795332,-1.6846193,-0.17753062,-0.14859852,-1.9045072,-0.22534017,0.056472648,-0.9551421,-0.091699645,0.07040488,-1.3174909,-0.16031966,0.080594316,-1.5454806,-0.20755467,0.08071271,-1.7497495,-0.23779795,0.22616042,-0.81856155,-0.15935566,0.26949474,-1.0521568,-0.19454393,0.28536567,-1.1857302,-0.18692914,0.28773513,-1.3091841,-0.17956987,F
0.0,0.0,0.0,-0.18696374,-0.14292698,-0.08380052,-0.33278778,-0.37510714,-0.15097739,-0.36879846,-0.598973,-0.22540388,-0.27030268,-0.77006954,-0.28777924,-0.26159003,-0.90711135,-0.008050427,-0.31759322,-1.141943,-0.15936258,-0.31105548,-1.0151663,-0.29057506,-0.2837394,-0.85461706,-0.35734287,-0.10393504,-0.9938024,-0.039424386,-0.12815912,-1.4262223,-0.109085314,-0.13489422,-1.6790813,-0.17852002,-0.13672844,-1.8967038,-0.22702588,0.06177684,-0.9535503,-0.10031255,0.07021246,-1.3119737,-0.16768016,0.086302705,-1.5377296,-0.21480219,0.09286428,-1.7456449,-0.24573728,0.2273007,-0.8173863,-0.17330067,0.2741054,-1.0555881,-0.20380117,0.3025049,-1.1908486,-0.19307663,0.31961545,-1.3168176,-0.18510541,F
0.0,0.0,0.0,-0.17562181,-0.1555368,-0.10149515,-0.31536418,-0.40437052,-0.17517842,-0.34151545,-0.629513,-0.2520585,-0.23522401,-0.81007147,-0.31407005,-0.19596684,-0.9405438,-0.011733732,-0.23614347,-1.1812004,-0.13584355,-0.23698406,-1.073615,-0.24277799,-0.21629623,-0.9385652,-0.2993431,-0.049568284,-0.99823076,-0.03283634,-0.061378814,-1.4307597,-0.09089056,-0.055953894,-1.6786047,-0.15067506,-0.040124558,-1.903209,-0.19479679,0.10215738,-0.937033,-0.08454012,0.115364686,-1.3052826,-0.15197694,0.124898404,-1.5257199,-0.20470145,0.12827645,-1.7217667,-0.24223988,0.2549945,-0.79684895,-0.14911263,0.30501723,-1.0252548,-0.19536844,0.33591145,-1.1733046,-0.20550315,0.3572482,-1.3219018,-0.21348345,F
0.0,0.0,0.0,-0.17578961,-0.16869941,-0.10021665,-0.30401418,-0.42716262,-0.18032674,-0.3193494,-0.674963,-0.26584077,-0.187544,-0.8572146,-0.3365598,-0.18961926,-0.9362349,-0.009546619,-0.23336254,-1.1666769,-0.16383497,-0.23820953,-1.0562146,-0.2942392,-0.21693619,-0.9059416,-0.35844544,-0.032844957,-0.99897754,-0.031064998,-0.028568888,-1.4505509,-0.094654195,-0.008949871,-1.7073551,-0.14659306,0.015649749,-1.9354818,-0.18144904,0.12991634,-0.9379033,-0.08656341,0.16918251,-1.3088764,-0.14782794,0.1890771,-1.5362592,-0.179517,0.1952178,-1.7359114,-0.19910216,0.29137215,-0.7816603,-0.15727681,0.35403177,-1.0235008,-0.1848897,0.3871053,-1.16153,-0.17046931,0.40705523,-1.2884688,-0.15927796,F
0.0,0.0,0.0,-0.17613915,-0.21751456,-0.09662771,-0.27707133,-0.50702703,-0.16540396,-0.24819905,-0.77138245,-0.23844159,-0.084792055,-0.9279044,-0.29531214,-0.13066499,-0.95534855,0.006189886,-0.15729159,-1.2174308,-0.13166437,-0.16304228,-1.1160066,-0.25069523,-0.15136006,-0.971238,-0.30702296,0.032159317,-0.99947494,-0.003946495,0.0735728,-1.4426954,-0.04984919,0.11200563,-1.6811141,-0.09602554,0.1434877,-1.8958294,-0.12852746,0.18547343,-0.9235076,-0.045770578,0.25349632,-1.264735,-0.08467274,0.2964494,-1.4750601,-0.10511671,0.32305387,-1.6537569,-0.11940513,0.33432072,-0.7506863,-0.10354924,0.41724008,-0.964187,-0.10318523,0.46744508,-1.0749189,-0.07322372,0.5042723,-1.1659569,-0.053524464,F
0.0,0.0,0.0,-0.17107981,-0.21540447,-0.11694749,-0.26662266,-0.5224883,-0.1909464,-0.23501238,-0.7977562,-0.26535678,-0.061250452,-0.95968837,-0.32054824,-0.10114887,-0.969896,-0.010219816,-0.100157164,-1.2640917,-0.16368434,-0.11745079,-1.1387359,-0.29244712,-0.12536617,-0.96974576,-0.34896463,0.06651568,-0.99777764,-0.003930319,0.13306457,-1.4298288,-0.042469617,0.17610355,-1.6621146,-0.079387374,0.20950294,-1.8614762,-0.10410245,0.22242154,-0.9042404,-0.03301069,0.30203307,-1.2275046,-0.060711876,0.3538199,-1.4308167,-0.06956196,0.38851458,-1.6025894,-0.07448243,0.36174554,-0.7204796,-0.08101965,0.45484152,-0.9180682,-0.071777195,0.50842273,-1.0162052,-0.03333666,0.55261576,-1.0919385,-0.0047221878,F
0.0,0.0,0.0,-0.158281,-0.23973669,-0.11374787,-0.23179868,-0.5992521,-0.18023084,-0.16381276,-0.88556826,-0.24738613,0.038528994,-1.0117626,-0.29691058,0.0045974613,-0.98917454,0.0022391672,0.023395304,-1.2561395,-0.13356484,0.0006585958,-1.1584045,-0.24596347,-0.005182083,-1.0195456,-0.29556787,0.17235397,-0.98502976,0.0032403343,0.27335733,-1.4163461,-0.030191911,0.33331499,-1.6433182,-0.05974342,0.39051732,-1.8379796,-0.07736153,0.31589395,-0.86035925,-0.031151326,0.4409229,-1.1786996,-0.072629854,0.5160895,-1.36928,-0.09266253,0.57021004,-1.5349095,-0.102198415,0.43408632,-0.6507352,-0.08191603,0.5669327,-0.8115896,-0.09840058,0.6482756,-0.9047236,-0.07876361,0.71480584,-0.9940676,-0.06083298,F
0.0,0.0,0.0,-0.17215145,-0.26041397,-0.108222626,-0.24435964,-0.6227202,-0.17039038,-0.15374939,-0.90745384,-0.23247875,0.060107697,-1.0289059,-0.2765586,0.0027556566,-0.99369246,0.0060889362,0.027480302,-1.2782848,-0.13169737,0.0019141344,-1.179344,-0.24921928,-0.003696781,-1.0255858,-0.30234867,0.18114127,-0.9834393,0.0058940123,0.30198583,-1.4078846,-0.034109052,0.37783855,-1.6294625,-0.076565385,0.45103782,-1.8180151,-0.10418334,0.32799578,-0.8509683,-0.02772742,0.48469642,-1.1538892,-0.073596664,0.57145077,-1.33429,-0.097517096,0.6373673,-1.4924865,-0.10891156,0.44876176,-0.6254124,-0.07661918,0.6034007,-0.77581936,-0.09191484,0.698257,-0.86122894,-0.06936288,0.7775971,-0.9416854,-0.04913092,F
0.0,0.0,0.0,-0.15912832,-0.2994962,-0.10506867,-0.21412776,-0.6639493,-0.16730827,-0.111496896,-0.9382897,-0.2303509,0.09762014,-1.0624381,-0.2762362,0.06357204,-1.0031619,0.011027876,0.103469156,-1.27564,-0.12969783,0.068963625,-1.180143,-0.2518991,0.054809023,-1.0350521,-0.30989918,0.24117751,-0.97047573,0.0031950208,0.38102734,-1.3919739,-0.04895642,0.47136992,-1.6192664,-0.10387482,0.56030023,-1.8072248,-0.14056143,0.37925825,-0.82085943,-0.038241483,0.5644781,-1.1099825,-0.09951119,0.67805004,-1.2871082,-0.13780268,0.7648399,-1.4464324,-0.158302,0.48340544,-0.5803628,-0.09301182,0.65390956,-0.7157135,-0.121754125,0.7587679,-0.7964213,-0.10776184,0.8400788,-0.8765553,-0.09380651,F
0.0,0.0,0.0,-0.17217408,-0.2160517,-0.1082847,-0.2728887,-0.5462426,-0.17738748,-0.24473009,-0.8135236,-0.24694115,-0.08894785,-0.9527048,-0.3012407,-0.015675293,-0.97680163,-0.01093654,-0.01954662,-1.2344595,-0.1507367,-0.072158664,-1.1484504,-0.27266565,-0.10402528,-1.0190265,-0.33404616,0.14760134,-0.9888415,-0.020160373,0.23018944,-1.4083667,-0.0768756,0.2785691,-1.6415931,-0.13337804,0.33015743,-1.8375695,-0.17225368,0.2890447,-0.8808297,-0.06186634,0.41394496,-1.215721,-0.12090317,0.4926112,-1.4115763,-0.16152784,0.55610764,-1.5892762,-0.18704697,0.40488788,-0.6820206,-0.117890574,0.5319115,-0.87104124,-0.14897282,0.6147016,-0.9874747,-0.14458229,0.68358904,-1.1041377,-0.13942353,F
0.0,0.0,0.0,-0.18911533,-0.19665658,-0.10519466,-0.3242625,-0.44137,-0.18381236,-0.36209732,-0.66201454,-0.2624598,-0.24140452,-0.8154848,-0.32604942,-0.111272745,-0.9514125,-0.02618465,-0.14595327,-1.177867,-0.16798963,-0.19836749,-1.0812861,-0.28846353,-0.22831996,-0.93924,-0.34872645,0.04290815,-0.9982574,-0.040509965,0.06747249,-1.4273053,-0.10500754,0.094928645,-1.6790524,-0.15986502,0.12118468,-1.8999391,-0.19715291,0.19170682,-0.9229466,-0.08652209,0.28367272,-1.2825638,-0.15041716,0.34401926,-1.503646,-0.19177897,0.3786383,-1.7044079,-0.21787134,0.32527906,-0.74796313,-0.14632128,0.43974927,-0.9693939,-0.18454015,0.50784814,-1.1081848,-0.18327814,0.5569756,-1.2427877,-0.18022978,F
0.0,0.0,0.0,-0.20673536,-0.13301674,-0.104354315,-0.38330066,-0.33880365,-0.18254681,-0.4693384,-0.53367823,-0.26048267,-0.37712228,-0.69151795,-0.32572243,-0.22709113,-0.9050934,-0.04606833,-0.29971734,-1.0983275,-0.190889,-0.33782908,-0.9940723,-0.31187263,-0.34195858,-0.845457,-0.3738768,-0.06917143,-0.9953877,-0.066474214,-0.08501861,-1.4340969,-0.14106412,-0.08020782,-1.6979076,-0.20379338,-0.072352506,-1.9282116,-0.24548672,0.095963575,-0.95847934,-0.116227455,0.14745802,-1.3492815,-0.19726443,0.18683553,-1.5891367,-0.2539447,0.20290951,-1.8023475,-0.28812078,0.25297165,-0.8115775,-0.17744608,0.35631794,-1.0585711,-0.2320831,0.42133135,-1.2104967,-0.24075784,0.46593764,-1.3527391,-0.24319792,F
0.0,0.0,0.0,-0.20551938,-0.08159191,-0.12412001,-0.40534708,-0.29097724,-0.20773582,-0.52291346,-0.48853984,-0.2897518,-0.43780527,-0.6665688,-0.35795042,-0.29796857,-0.86566544,-0.05334301,-0.382661,-1.0569851,-0.21408449,-0.398032,-0.94783837,-0.34881017,-0.37388203,-0.8080736,-0.4185094,-0.14594585,-0.98701245,-0.06712812,-0.1750795,-1.424063,-0.14977342,-0.17914611,-1.6973318,-0.2202872,-0.17261319,-1.9379994,-0.266566,0.021373764,-0.97637284,-0.11341086,0.05717583,-1.3547915,-0.20142066,0.09233155,-1.5931358,-0.26060852,0.110085264,-1.8067074,-0.29358163,0.18588775,-0.856545,-0.17358184,0.27578327,-1.1089038,-0.22802429,0.34033784,-1.261514,-0.23394775,0.38780668,-1.3984678,-0.23314756,F
0.0,0.0,0.0,-0.19081964,-0.0811106,-0.12289455,-0.38602248,-0.27621594,-0.2085571,-0.5160173,-0.44541517,-0.29248065,-0.45024383,-0.5990993,-0.3647947,-0.2836853,-0.86958367,-0.062101353,-0.379382,-1.0574,-0.20739754,-0.40614846,-0.9745888,-0.33192894,-0.39238486,-0.86227876,-0.40056768,-0.13988933,-0.9870687,-0.078270905,-0.19246209,-1.4228342,-0.1609344,-0.2068128,-1.6980077,-0.23744285,-0.20625108,-1.936474,-0.29067627,0.023212373,-0.97821426,-0.12415681,0.04969493,-1.3802664,-0.21594761,0.08506107,-1.6207819,-0.28410298,0.10459359,-1.8332583,-0.3256372,0.18850671,-0.8611614,-0.18249401,0.27034894,-1.133213,-0.24358714,0.33309317,-1.2964288,-0.25874025,0.37669432,-1.4473716,-0.26682273,F
0.0,0.0,0.0,-0.20692503,-0.074298196,-0.109019145,-0.41000262,-0.24649318,-0.19082104,-0.5393116,-0.38781798,-0.2728213,-0.47698244,-0.4938335,-0.34450743,-0.26609448,-0.8854962,-0.037760165,-0.3560065,-1.0814403,-0.15959035,-0.39873692,-0.9719301,-0.27675834,-0.4015856,-0.84763795,-0.34528023,-0.12818085,-0.99003905,-0.05824385,-0.19953102,-1.4188336,-0.11944449,-0.24889289,-1.6778536,-0.1917401,-0.27706134,-1.8978182,-0.24818817,0.024390897,-0.9711015,-0.10682198,0.051075242,-1.3762646,-0.17940763,0.057212092,-1.6296021,-0.25216416,0.05486205,-1.8421727,-0.30350506,0.17549007,-0.84874934,-0.16707487,0.256964,-1.1220877,-0.21781999,0.2986714,-1.2989712,-0.23866616,0.3184803,-1.4690735,-0.25530484,F
0.0,0.0,0.0,-0.20393738,-0.0504948,-0.103873506,-0.39923817,-0.208833,-0.1904365,-0.5464428,-0.30304587,-0.27939394,-0.5093267,-0.4279526,-0.3623633,-0.31482744,-0.84406304,-0.06000315,-0.4374606,-0.97118926,-0.22807658,-0.45708185,-0.8361922,-0.3775738,-0.42435706,-0.6815085,-0.4582509,-0.17822625,-0.9802945,-0.085194804,-0.27182558,-1.3999672,-0.17242622,-0.317463,-1.6677411,-0.25689566,-0.3488026,-1.9123284,-0.31659177,-0.013749276,-0.980885,-0.1383626,-0.00083663495,-1.3840288,-0.22717859,0.005410527,-1.6413383,-0.2977162,-0.0064395014,-1.8786894,-0.34194413,0.14594392,-0.8591761,-0.20206028,0.22000222,-1.1394624,-0.253524,0.2623075,-1.3149468,-0.26003733,0.28616711,-1.4942575,-0.26302287,F
0.0,0.0,0.0,-0.19808617,-0.062106736,-0.09079312,-0.38077667,-0.21091054,-0.1682823,-0.51480097,-0.28290108,-0.251064,-0.5305562,-0.38153824,-0.32809517,-0.319296,-0.8423666,-0.040573746,-0.44431165,-0.9552592,-0.18993767,-0.4656163,-0.8284716,-0.3245531,-0.4380962,-0.6805133,-0.39762872,-0.19197097,-0.9786584,-0.07331376,-0.29257154,-1.3901601,-0.15413588,-0.34814268,-1.6570066,-0.23623742,-0.38359824,-1.8963704,-0.295038,-0.03696703,-0.982565,-0.13276102,-0.029284112,-1.3911105,-0.21842003,-0.025708389,-1.6524884,-0.29298893,-0.039441742,-1.8919808,-0.34105965,0.12051702,-0.8697622,-0.2016594,0.19368128,-1.1550336,-0.25274333,0.23047674,-1.3384908,-0.2642535,0.24336928,-1.523242,-0.2722308,F
0.0,0.0,0.0,-0.20902742,-0.05931691,-0.08243398,-0.3966036,-0.18908677,-0.16600141,-0.5351415,-0.24480842,-0.2578281,-0.5517186,-0.3404656,-0.3473922,-0.36072868,-0.82540137,-0.044773567,-0.48427787,-0.8990196,-0.20837967,-0.5002664,-0.76235086,-0.3562229,-0.46309656,-0.61173373,-0.43595073,-0.2276822,-0.96962476,-0.08937933,-0.3416013,-1.3906515,-0.17696816,-0.40989825,-1.6643522,-0.2620185,-0.45586166,-1.9087796,-0.32100213,-0.06170515,-0.9792899,-0.16057296,-0.081502005,-1.4099677,-0.2553014,-0.09568474,-1.6846306,-0.33086213,-0.12368575,-1.9323044,-0.37675017,0.109579846,-0.8665303,-0.23981616,0.16612116,-1.1834661,-0.29956058,0.18912852,-1.3885977,-0.3088457,0.18800558,-1.5941288,-0.31249878,F
0.0,0.0,0.0,-0.2140056,-0.052088257,-0.098431915,-0.40833113,-0.16666257,-0.19474757,-0.55699825,-0.19922297,-0.29597908,-0.5926793,-0.25342378,-0.39409935,-0.37684017,-0.8264196,-0.06406488,-0.4869501,-0.86616886,-0.22615594,-0.49744418,-0.68304694,-0.37282586,-0.46565714,-0.5066855,-0.45355317,-0.24113652,-0.9646774,-0.10606956,-0.37979072,-1.3764235,-0.19525824,-0.46818542,-1.6483591,-0.28413397,-0.53294045,-1.8982391,-0.34825137,-0.07369909,-0.9681467,-0.17512369,-0.11341036,-1.403791,-0.27410033,-0.14504844,-1.6906027,-0.35824585,-0.18611148,-1.9519175,-0.41161212,0.09902337,-0.8557685,-0.2528249,0.14347927,-1.1783552,-0.31678736,0.16072649,-1.3908166,-0.33130878,0.15523301,-1.6094555,-0.34069228,F
0.0,0.0,0.0,-0.21068762,-0.032228928,-0.11530793,-0.41242123,-0.13477077,-0.22371624,-0.56340283,-0.16406123,-0.3332686,-0.59301007,-0.19429287,-0.4396588,-0.3846143,-0.82597315,-0.08991032,-0.5045437,-0.8630245,-0.24998046,-0.508362,-0.67421985,-0.3927578,-0.46364745,-0.49898875,-0.4734136,-0.2486795,-0.96022075,-0.12702237,-0.40453696,-1.3574096,-0.21935706,-0.49890727,-1.6207054,-0.30899966,-0.56285137,-1.8611556,-0.37582478,-0.08237505,-0.95864147,-0.19172108,-0.13319817,-1.4075528,-0.30051872,-0.17205249,-1.6976695,-0.39594838,-0.21632136,-1.9581133,-0.45884484,0.09334157,-0.84734076,-0.26500532,0.1375618,-1.1767159,-0.34470943,0.15025291,-1.3930117,-0.37556258,0.13420047,-1.6140195,-0.39781517,F
0.0,0.0,0.0,-0.22023968,-0.025783857,-0.10431764,-0.44020736,-0.11147523,-0.20670715,-0.59539866,-0.14010231,-0.31270322,-0.60420835,-0.18394123,-0.41661656,-0.41349822,-0.80671394,-0.07870295,-0.5287571,-0.84530246,-0.22725208,-0.5316698,-0.64694786,-0.36078444,-0.48806152,-0.45553806,-0.43819675,-0.27967483,-0.9522563,-0.12243331,-0.43728605,-1.3452775,-0.2097373,-0.5372377,-1.6034356,-0.30173442,-0.60516024,-1.830816,-0.37352985,-0.11036561,-0.9584398,-0.19282548,-0.16427514,-1.4224313,-0.30449048,-0.20533259,-1.711754,-0.4091748,-0.25164115,-1.9597344,-0.4805437,0.07250398,-0.84685796,-0.26950398,0.1191713,-1.1840668,-0.3584213,0.13407254,-1.4068398,-0.39857095,0.11594986,-1.6219671,-0.42833045,F
0.0,0.0,0.0,-0.21613537,-0.016406104,-0.10992208,-0.44040993,-0.06376787,-0.2172374,-0.59490854,-0.0858953,-0.32788348,-0.6210419,-0.17353,-0.43147635,-0.40757564,-0.8205603,-0.09310876,-0.5191057,-0.9553549,-0.23221487,-0.5164484,-0.7502342,-0.35276067,-0.48883775,-0.56570286,-0.42180216,-0.27854627,-0.9512541,-0.13239154,-0.43541893,-1.3690758,-0.22123493,-0.540353,-1.6139438,-0.3083085,-0.6236214,-1.8307222,-0.3747382,-0.11672103,-0.96123934,-0.19741409,-0.18841144,-1.4189286,-0.30190185,-0.24527514,-1.7113785,-0.3986479,-0.30102608,-1.9613358,-0.46517548,0.062400673,-0.8686472,-0.27030843,0.10006498,-1.2116643,-0.34805095,0.10705652,-1.4397457,-0.3837876,0.08573784,-1.6533155,-0.41050854,F
0.0,0.0,0.0,-0.22291513,0.013442499,-0.10345361,-0.45995635,-0.023241414,-0.2076713,-0.62341464,-0.044965673,-0.31612843,-0.6551549,-0.12613149,-0.42122507,-0.4759983,-0.7606793,-0.08650212,-0.6046631,-0.7988807,-0.24457902,-0.5935657,-0.60070944,-0.384148,-0.5411456,-0.4118912,-0.4635437,-0.35020974,-0.9271813,-0.13299604,-0.52675384,-1.3184514,-0.22420919,-0.64062035,-1.5730273,-0.31901318,-0.7277309,-1.8010215,-0.39221495,-0.17377353,-0.95943975,-0.20579399,-0.25938064,-1.4219074,-0.31706828,-0.31871396,-1.7076645,-0.41817138,-0.38237023,-1.9564373,-0.48725724,0.028757807,-0.8722925,-0.2854681,0.061839208,-1.223789,-0.3712837,0.065824755,-1.4494922,-0.40698683,0.03699947,-1.6657237,-0.43259835,F
0.0,0.0,0.0,-0.22171357,0.02142271,-0.10948133,-0.45883724,-0.014887958,-0.22104345,-0.63230157,-0.035468884,-0.33668932,-0.6448319,-0.118940555,-0.4465596,-0.4917867,-0.75921434,-0.088655055,-0.6161071,-0.7856109,-0.26265547,-0.60009646,-0.5743634,-0.41013116,-0.54409,-0.3720913,-0.491102,-0.3639081,-0.9217807,-0.13375783,-0.5504376,-1.3116727,-0.23235749,-0.66285956,-1.5662256,-0.3222753,-0.7546542,-1.7980196,-0.38886356,-0.18086481,-0.9576352,-0.20818974,-0.27962515,-1.4151684,-0.32486963,-0.34601694,-1.6987637,-0.41902748,-0.42171893,-1.9513907,-0.48053825,0.029577037,-0.87407047,-0.2906724,0.05933425,-1.2237587,-0.37739345,0.062200256,-1.4470637,-0.40993905,0.027429417,-1.6676883,-0.4320642,F
0.0,0.0,0.0,-0.217733,0.019443316,-0.10599246,-0.44987616,-0.025524467,-0.21921515,-0.63142633,-0.04489905,-0.34060365,-0.6450896,-0.12860848,-0.4588188,-0.49391016,-0.7453435,-0.08056267,-0.63916,-0.73922765,-0.28409463,-0.624559,-0.5226412,-0.45922673,-0.5524833,-0.32252842,-0.55164087,-0.36648422,-0.9216543,-0.12744652,-0.5502793,-1.3137926,-0.23291548,-0.6523019,-1.5826433,-0.32345793,-0.73211175,-1.8260976,-0.38611382,-0.18238509,-0.96846837,-0.20654422,-0.2735009,-1.4222194,-0.3247436,-0.3374613,-1.7091033,-0.4111945,-0.4141044,-1.9598701,-0.4631337,0.029260218,-0.88967574,-0.29488456,0.07217553,-1.231627,-0.37620053,0.07885203,-1.4518864,-0.39897886,0.047942244,-1.6629521,-0.4102957,F
0.0,0.0,0.0,-0.22056986,0.027016524,-0.09814659,-0.4524016,-0.022500753,-0.20247589,-0.62704283,-0.03857911,-0.31408462,-0.6664109,-0.1279487,-0.42492124,-0.5010011,-0.7419562,-0.076520294,-0.6466785,-0.74670327,-0.25545767,-0.6538621,-0.55284953,-0.41649526,-0.60522926,-0.37244403,-0.50661427,-0.37597895,-0.9178688,-0.12710899,-0.5662837,-1.3139658,-0.2209213,-0.677869,-1.5787853,-0.30998778,-0.7628739,-1.8141783,-0.37559807,-0.1933778,-0.96422845,-0.20711742,-0.28711396,-1.4243158,-0.31971082,-0.3537719,-1.7142525,-0.4126343,-0.43041816,-1.966786,-0.4734176,0.017691297,-0.8839962,-0.29467022,0.0554334,-1.2276105,-0.38188204,0.06004061,-1.4527253,-0.41263294,0.025666231,-1.6666685,-0.43226528,F
0.0,0.0,0.0,-0.2175054,-0.021449212,-0.12211474,-0.43779254,-0.103099674,-0.24006024,-0.60279936,-0.17518674,-0.36020592,-0.56975704,-0.3212869,-0.47724414,-0.41265327,-0.7874484,-0.09854578,-0.5460098,-0.82279927,-0.29196388,-0.5502208,-0.6525533,-0.46198526,-0.48836416,-0.48402944,-0.5558396,-0.27059817,-0.95338744,-0.13352567,-0.4222829,-1.3770733,-0.24196132,-0.5085441,-1.656923,-0.3413893,-0.56698865,-1.9117953,-0.41244453,-0.0827615,-0.9823921,-0.19828573,-0.13371783,-1.4387857,-0.31468093,-0.17855464,-1.7178462,-0.40361956,-0.23169424,-1.9602587,-0.45916867,0.12006494,-0.878858,-0.27303594,0.16730177,-1.2136136,-0.35078457,0.17634763,-1.4243321,-0.37246886,0.15783942,-1.628066,-0.38527638,F
0.0,0.0,0.0,-0.22696891,-0.04762119,-0.118702434,-0.4447878,-0.15545364,-0.22768465,-0.6045197,-0.25697854,-0.34211832,-0.5652705,-0.41710317,-0.45093453,-0.4088593,-0.79543066,-0.070316546,-0.5546336,-0.89941967,-0.26850578,-0.5690894,-0.75113565,-0.43933433,-0.51563215,-0.5828584,-0.53073597,-0.2636234,-0.9592468,-0.10172585,-0.39512044,-1.3913765,-0.21233189,-0.4710515,-1.6713786,-0.31163567,-0.5212242,-1.9225935,-0.37913552,-0.07812632,-0.9918933,-0.16577454,-0.11705108,-1.4262955,-0.27883416,-0.14858471,-1.6962309,-0.35775307,-0.18947959,-1.9322547,-0.40334114,0.12012947,-0.89681935,-0.24147758,0.16813157,-1.2050459,-0.30924776,0.17964853,-1.4008152,-0.32145783,0.16794197,-1.5855631,-0.3257221,F
0.0,0.0,0.0,-0.23749644,-0.045174636,-0.09819279,-0.4682563,-0.17580935,-0.18836471,-0.63981867,-0.3250543,-0.2884838,-0.55449075,-0.5167803,-0.37981883,-0.42015165,-0.7892761,-0.0321846,-0.57348675,-0.95454097,-0.21673147,-0.5794639,-0.81162435,-0.37464327,-0.5148297,-0.64766324,-0.4578828,-0.27706823,-0.9585877,-0.06589976,-0.39776668,-1.3951426,-0.16019388,-0.4645001,-1.6667902,-0.24217966,-0.50894356,-1.9025539,-0.29959127,-0.093213916,-1.0010304,-0.13261734,-0.11973227,-1.4373816,-0.2240822,-0.14332597,-1.6927193,-0.28335243,-0.17804857,-1.9065748,-0.3191004,0.10522008,-0.91811705,-0.21194348,0.1606335,-1.2155507,-0.26150316,0.17739956,-1.4053212,-0.2648423,0.17150167,-1.5680546,-0.26558283,F
0.0,0.0,0.0,-0.22930945,-0.054235537,-0.11725431,-0.4605291,-0.19114518,-0.21718433,-0.6252013,-0.35905603,-0.3232157,-0.5261078,-0.5547609,-0.41931057,-0.4016598,-0.7996965,-0.0496454,-0.5386368,-0.96868575,-0.23979038,-0.5369243,-0.83636945,-0.39976,-0.47009757,-0.677,-0.48341918,-0.2525206,-0.964749,-0.07411284,-0.3631339,-1.4051296,-0.16805899,-0.4210981,-1.6797788,-0.24965973,-0.45921746,-1.9204571,-0.30723843,-0.066727124,-1.0023518,-0.1333322,-0.08327041,-1.4314796,-0.22623506,-0.10241862,-1.6816108,-0.28756535,-0.13584507,-1.8888783,-0.3252938,0.1316968,-0.91728914,-0.206718,0.19837451,-1.2071089,-0.25966144,0.22367549,-1.3874565,-0.26706088,0.22372453,-1.5427176,-0.2706401,F
0.0,0.0,0.0,-0.2319984,-0.042157847,-0.111265406,-0.46764114,-0.18244594,-0.20226224,-0.6257951,-0.36041364,-0.29979563,-0.52878225,-0.55924433,-0.3867747,-0.41687378,-0.7894667,-0.04068761,-0.550509,-0.969081,-0.22350192,-0.53725904,-0.84689194,-0.3768471,-0.4649126,-0.69731724,-0.45653182,-0.26627314,-0.96161216,-0.0663367,-0.37783504,-1.4070432,-0.15537803,-0.4295748,-1.6843492,-0.23286918,-0.46317935,-1.9227152,-0.28766063,-0.080434196,-1.0046117,-0.12650418,-0.09812413,-1.431845,-0.2153408,-0.11275959,-1.680283,-0.2767627,-0.14326873,-1.8833011,-0.31525365,0.121941365,-0.9268883,-0.2005378,0.18861647,-1.2084609,-0.2520734,0.21527435,-1.3812912,-0.2613298,0.21642154,-1.5258012,-0.26673353,F
0.0,0.0,0.0,-0.224026,-0.05894761,-0.11898422,-0.45313802,-0.1969992,-0.21601239,-0.6064401,-0.38020465,-0.31831166,-0.50635237,-0.5864834,-0.4089718,-0.40345013,-0.8046691,-0.04081793,-0.52924967,-0.988788,-0.22553055,-0.51658696,-0.86022544,-0.38227734,-0.44851407,-0.70621175,-0.46481177,-0.25087106,-0.9659989,-0.06252846,-0.35087237,-1.3991044,-0.15198258,-0.39628297,-1.6685162,-0.23242776,-0.4248324,-1.9039607,-0.29046562,-0.066710204,-0.9985355,-0.12021179,-0.07799085,-1.4071115,-0.21077624,-0.08903418,-1.6548417,-0.2757834,-0.11473945,-1.8623708,-0.3175164,0.13156024,-0.91364515,-0.1923019,0.19436038,-1.1808591,-0.24792361,0.22034907,-1.3467582,-0.26145992,0.22022183,-1.4883593,-0.27004823,F
0.0,0.0,0.0,-0.21915598,-0.06288655,-0.11376153,-0.43817383,-0.21093956,-0.20361573,-0.56715566,-0.40119773,-0.2963514,-0.48783743,-0.6211623,-0.3766378,-0.39727962,-0.816006,-0.04561404,-0.5007035,-1.0226649,-0.2140792,-0.47530633,-0.8907271,-0.35707673,-0.41399458,-0.73951167,-0.4332942,-0.24115726,-0.96808976,-0.068156675,-0.326693,-1.3960408,-0.15036722,-0.36258343,-1.652327,-0.22968625,-0.38856238,-1.8797152,-0.2885811,-0.06227484,-0.98648286,-0.12382228,-0.058805376,-1.3932942,-0.21390553,-0.05747884,-1.6340805,-0.2828379,-0.07659474,-1.8449556,-0.3284614,0.12981653,-0.893571,-0.19178298,0.19433664,-1.156143,-0.25476992,0.22780512,-1.3177476,-0.2736452,0.2346495,-1.4627122,-0.28568673,F
0.0,0.0,0.0,-0.23291299,-0.06618307,-0.11855176,-0.45618165,-0.2262831,-0.20619181,-0.58009344,-0.46472758,-0.29375368,-0.47534886,-0.6873845,-0.36463025,-0.4249207,-0.81082076,-0.045407802,-0.5257117,-1.0528536,-0.19894212,-0.48239854,-0.9166876,-0.32336542,-0.41531858,-0.76202947,-0.3879319,-0.26496646,-0.9621526,-0.06368007,-0.34712267,-1.3941965,-0.13786203,-0.3748299,-1.6501751,-0.21367842,-0.4002622,-1.8895862,-0.27279517,-0.08737588,-0.9741194,-0.11438793,-0.08470791,-1.3662226,-0.2003396,-0.07946994,-1.6107286,-0.2724299,-0.096520014,-1.8326329,-0.32291564,0.10467167,-0.88490856,-0.17718402,0.16367763,-1.1520388,-0.23858671,0.20433637,-1.3107104,-0.26086012,0.22003593,-1.4581963,-0.27755404,F
0.0,0.0,0.0,-0.20764332,-0.09754819,-0.11318176,-0.40513405,-0.29743668,-0.20161986,-0.5144525,-0.50966036,-0.2946459,-0.43085417,-0.7236315,-0.3744287,-0.35692132,-0.8622928,-0.038040675,-0.4560398,-1.1019214,-0.21900262,-0.43086997,-0.94295967,-0.37124056,-0.37680745,-0.7609169,-0.44734296,-0.20254353,-0.9775456,-0.058143366,-0.264031,-1.389762,-0.14292903,-0.296288,-1.6407115,-0.22688806,-0.32231504,-1.8656415,-0.28721425,-0.030148147,-0.96842253,-0.11257608,-0.023400582,-1.3587189,-0.1979112,-0.019826328,-1.5947171,-0.26089108,-0.03099178,-1.8112181,-0.30071247,0.14491466,-0.859004,-0.18033388,0.19392477,-1.1227183,-0.23190583,0.22925168,-1.2874228,-0.24153621,0.24735577,-1.4407405,-0.24615856,F
0.0,0.0,0.0,-0.2079165,-0.12351335,-0.08169592,-0.3870606,-0.36050245,-0.1438653,-0.42118537,-0.59896165,-0.21217361,-0.29454002,-0.7541955,-0.26996315,-0.29227123,-0.89432234,-0.010758227,-0.37812346,-1.1082438,-0.13199864,-0.37859187,-0.990597,-0.23806557,-0.35960492,-0.85690707,-0.29573494,-0.1307466,-0.99050796,-0.0424188,-0.17741351,-1.4076701,-0.09866638,-0.19219811,-1.6552742,-0.16192998,-0.19847015,-1.8697356,-0.21004033,0.040037476,-0.96249026,-0.101046756,0.064400814,-1.3414681,-0.1700614,0.08633858,-1.577883,-0.23084933,0.08849448,-1.7869953,-0.27350575,0.20921569,-0.8370794,-0.16889925,0.27801108,-1.0766543,-0.21316436,0.32153416,-1.2232575,-0.22216743,0.3383919,-1.3578651,-0.23012388,F
0.0,0.0,0.0,-0.20161992,-0.14611241,-0.09605711,-0.35860637,-0.36990827,-0.16983658,-0.38482046,-0.60818374,-0.24681687,-0.27158618,-0.79662,-0.30820742,-0.26290762,-0.9143285,-0.026602618,-0.31763917,-1.2062279,-0.17097773,-0.3125011,-1.0981337,-0.28888652,-0.28905553,-0.94582784,-0.3470237,-0.108537205,-0.9929693,-0.047241077,-0.13193962,-1.4171041,-0.11349884,-0.13129127,-1.6618043,-0.17749855,-0.12953275,-1.8806179,-0.22399771,0.04968195,-0.9482694,-0.097760126,0.07796867,-1.314861,-0.16431639,0.10846005,-1.5509677,-0.2165889,0.12496401,-1.7702307,-0.253738,0.21018218,-0.81192106,-0.16070254,0.27652058,-1.0507946,-0.20312448,0.32187185,-1.1959331,-0.20931473,0.3564445,-1.3358154,-0.21353349,F
0.0,0.0,0.0,-0.20016481,-0.14491594,-0.10592066,-0.35891938,-0.3667205,-0.1849061,-0.36990258,-0.6052022,-0.2636586,-0.24967113,-0.79489017,-0.32812577,-0.2506308,-0.9112739,-0.056401156,-0.31923518,-1.2036963,-0.19661912,-0.31550843,-1.1101851,-0.3105963,-0.28683943,-0.97185624,-0.36906224,-0.0947718,-0.99277365,-0.07361239,-0.12394531,-1.4336609,-0.14126451,-0.11482806,-1.6862857,-0.21036452,-0.09737426,-1.9119476,-0.26265624,0.06426817,-0.9494851,-0.1177414,0.08965491,-1.322954,-0.18532729,0.11772622,-1.556043,-0.24229759,0.1368773,-1.7691311,-0.28454575,0.22822729,-0.8118914,-0.17431645,0.29444647,-1.0558732,-0.21556106,0.34405628,-1.1979029,-0.22146332,0.38498557,-1.3334626,-0.22738919,F
0.0,0.0,0.0,-0.18925312,-0.15222584,-0.09083405,-0.3344232,-0.35718828,-0.16917236,-0.3475363,-0.5739045,-0.2484927,-0.20880501,-0.7197363,-0.31315902,-0.23005232,-0.9115533,-0.04294717,-0.2881069,-1.1534655,-0.1752958,-0.28784922,-1.0638498,-0.2816287,-0.27057502,-0.9321852,-0.33643603,-0.070072055,-0.99512583,-0.06938756,-0.08337554,-1.4255588,-0.14160986,-0.066629454,-1.6713797,-0.19862387,-0.054974273,-1.8981061,-0.23854315,0.080628596,-0.95132685,-0.1216355,0.13600923,-1.3308251,-0.19157673,0.17186688,-1.5675732,-0.23257874,0.190708,-1.7877021,-0.2612902,0.23623177,-0.80266875,-0.1855688,0.31150675,-1.0452203,-0.22703502,0.36347672,-1.1920977,-0.22390814,0.40442866,-1.3395823,-0.22178902,F
0.0,0.0,0.0,-0.19746478,-0.10849934,-0.11627571,-0.3605626,-0.30328265,-0.21185684,-0.39624685,-0.48453432,-0.30612925,-0.24803154,-0.5785144,-0.38612464,-0.26316667,-0.8947404,-0.074976705,-0.32148784,-1.0929999,-0.23944761,-0.31149635,-0.9320587,-0.3682515,-0.28219977,-0.74244404,-0.43228692,-0.10194652,-0.98998004,-0.097705625,-0.11943919,-1.4265333,-0.19208358,-0.10781756,-1.6846261,-0.26439646,-0.09643143,-1.9253385,-0.31219435,0.064574145,-0.9487962,-0.15015663,0.10737794,-1.3440726,-0.24373204,0.14499944,-1.589519,-0.3021788,0.16475077,-1.8229282,-0.33674583,0.22918196,-0.79994303,-0.21490227,0.30876637,-1.0679904,-0.2697585,0.3663278,-1.2265393,-0.27326313,0.4094333,-1.3860089,-0.27345225,F
0.0,0.0,0.0,-0.17786059,-0.08500012,-0.15723996,-0.3471086,-0.2509987,-0.2741917,-0.41202512,-0.4125928,-0.3818002,-0.28973407,-0.50264645,-0.47432122,-0.22390549,-0.9041329,-0.11597943,-0.27121243,-1.1258497,-0.26812032,-0.26397794,-0.97834384,-0.39204574,-0.22990264,-0.8003293,-0.45892683,-0.079550326,-0.9894766,-0.12086253,-0.12110971,-1.4149854,-0.20525916,-0.13338457,-1.6727966,-0.2808343,-0.13288663,-1.901509,-0.338573,0.07315845,-0.946954,-0.15762505,0.10022758,-1.3564757,-0.25148252,0.12561336,-1.6135046,-0.3284036,0.14497072,-1.844633,-0.38254797,0.22518599,-0.8085727,-0.20908606,0.31152135,-1.0845271,-0.279513,0.37172964,-1.2540853,-0.30828723,0.4155873,-1.424059,-0.33055016,F
0.0,0.0,0.0,-0.17232235,-0.10550527,-0.11839532,-0.32581788,-0.30318284,-0.2129182,-0.36015788,-0.46966976,-0.30731508,-0.23326932,-0.57058406,-0.3895305,-0.20303234,-0.9083261,-0.07056587,-0.27683717,-1.0788795,-0.22597456,-0.3000128,-0.9192115,-0.35735467,-0.2939562,-0.73224854,-0.4265426,-0.05332742,-0.9942605,-0.09274868,-0.07597313,-1.4146246,-0.17194533,-0.0677753,-1.6772257,-0.2442444,-0.04289799,-1.9053184,-0.2977065,0.102953054,-0.9496098,-0.14538266,0.15838674,-1.3460401,-0.23013319,0.20388897,-1.5882559,-0.29673502,0.23517299,-1.8104002,-0.34227836,0.2549647,-0.79895735,-0.21078813,0.3521234,-1.0471926,-0.26672158,0.42280075,-1.2048625,-0.28033715,0.47419682,-1.3666806,-0.29038662,F
0.0,0.0,0.0,-0.17680159,-0.12544031,-0.10477305,-0.32149506,-0.34001413,-0.1828253,-0.32265252,-0.49833864,-0.2609513,-0.18977723,-0.59079266,-0.32675317,-0.176103,-0.92832434,-0.047633324,-0.22494574,-1.1186737,-0.18069631,-0.23578021,-0.97094846,-0.29591867,-0.2213901,-0.79647166,-0.35743886,-0.018158657,-0.9971802,-0.07281422,-0.020185955,-1.421459,-0.13540627,-0.006500002,-1.6749105,-0.2013317,0.02013319,-1.894148,-0.25259608,0.1375214,-0.9389092,-0.12668167,0.20423707,-1.3235354,-0.20049687,0.24952447,-1.5602797,-0.27026618,0.2840422,-1.781007,-0.32064632,0.28669962,-0.779872,-0.19197862,0.39572808,-1.0206349,-0.24764434,0.46497926,-1.1724538,-0.26684,0.5170879,-1.3337413,-0.28197712,F
0.0,0.0,0.0,-0.17390731,-0.13426773,-0.11596195,-0.29674664,-0.36142573,-0.20426331,-0.2729424,-0.51630217,-0.29286793,-0.1343095,-0.58900106,-0.3744389,-0.12982935,-0.9292581,-0.07960359,-0.24895686,-1.1241454,-0.22903281,-0.3541743,-1.0291796,-0.3606763,-0.40168718,-0.8839402,-0.43450224,0.023498926,-0.9946491,-0.10060285,0.040882092,-1.4167364,-0.17858312,0.067703985,-1.680019,-0.25169984,0.10497835,-1.909638,-0.30691984,0.16960055,-0.93059975,-0.14882293,0.24823211,-1.3087615,-0.2342243,0.30836266,-1.5505246,-0.30133045,0.34751442,-1.769606,-0.34737065,0.30065697,-0.7588476,-0.20925117,0.41771767,-0.9856543,-0.2736658,0.5011986,-1.1361647,-0.28894868,0.56117207,-1.2848486,-0.29829854,F
0.0,0.0,0.0,-0.18898354,-0.14047392,-0.09530921,-0.33036825,-0.3853722,-0.1737385,-0.32127786,-0.5379918,-0.25608787,-0.16295666,-0.5746459,-0.3280927,-0.16830683,-0.92843497,-0.045381807,-0.19746017,-1.0801095,-0.20206134,-0.19929637,-0.89991677,-0.3332681,-0.18060134,-0.6915272,-0.40084925,-0.004896292,-0.9969055,-0.0784565,0.015949853,-1.4199672,-0.15598291,0.04488955,-1.6851869,-0.22561926,0.0801419,-1.9268188,-0.2756604,0.15462464,-0.9353098,-0.1406512,0.23473516,-1.3336686,-0.2251462,0.29077122,-1.5737764,-0.2901403,0.32900926,-1.8000226,-0.33233848,0.30481943,-0.76740175,-0.21375959,0.42294422,-1.0105368,-0.27121535,0.49688223,-1.1651211,-0.2823819,0.5519791,-1.3283014,-0.2894279,F
0.0,0.0,0.0,-0.18024418,-0.065106735,-0.15298478,-0.3588006,-0.23889586,-0.27718434,-0.43925133,-0.38734743,-0.39487776,-0.29557413,-0.4376694,-0.50072724,-0.27517718,-0.88111657,-0.12108002,-0.3314221,-0.99696934,-0.30416775,-0.32236332,-0.8223329,-0.455258,-0.2868783,-0.62933964,-0.53571856,-0.10488709,-0.98555183,-0.13298965,-0.11087752,-1.4095323,-0.23365216,-0.08957493,-1.6773112,-0.3117838,-0.054947764,-1.9177275,-0.3663563,0.07080737,-0.9468882,-0.17745225,0.11928535,-1.3567209,-0.28157726,0.15640362,-1.6244953,-0.35368365,0.1864109,-1.8763607,-0.39852008,0.23958659,-0.79557294,-0.23641072,0.33365405,-1.0809474,-0.29905516,0.3933072,-1.2547828,-0.31195787,0.44391426,-1.4405493,-0.32073486,F
0.0,0.0,0.0,-0.19524811,-0.06533672,-0.15976019,-0.37292752,-0.20999023,-0.2882796,-0.46885687,-0.33805072,-0.40577674,-0.3310682,-0.38465264,-0.5089401,-0.27381986,-0.8790916,-0.14012165,-0.3414543,-0.9805291,-0.29615462,-0.32696682,-0.7887723,-0.4161656,-0.29054675,-0.58678794,-0.47962418,-0.11603629,-0.9824598,-0.145974,-0.15264118,-1.397457,-0.24633923,-0.15149769,-1.6642882,-0.32487616,-0.14025448,-1.9231763,-0.38147536,0.055176996,-0.9409188,-0.17940491,0.09478616,-1.3595023,-0.28494316,0.123627506,-1.6251612,-0.35875076,0.1434328,-1.872013,-0.40546095,0.22647715,-0.78916985,-0.22609514,0.3257931,-1.0887657,-0.2922302,0.3885692,-1.2629415,-0.30945218,0.43458676,-1.4447296,-0.32243428,F
0.0,0.0,0.0,-0.2012196,-0.04337634,-0.14350861,-0.37718067,-0.1770039,-0.2645395,-0.46164322,-0.24291179,-0.3799103,-0.4247807,-0.3061294,-0.49139887,-0.27625316,-0.85398054,-0.14329064,-0.36610517,-0.95986867,-0.30382654,-0.37983066,-0.79323584,-0.43865603,-0.36173075,-0.6164721,-0.5158198,-0.111039735,-0.98000103,-0.16513087,-0.14584881,-1.3901834,-0.26237792,-0.15727875,-1.654481,-0.3567576,-0.15112384,-1.9014552,-0.42882153,0.06948533,-0.9498879,-0.21230325,0.11913715,-1.3891411,-0.32280764,0.14850493,-1.6637936,-0.4162336,0.16522849,-1.9177592,-0.47987852,0.24930692,-0.7985229,-0.26927114,0.36460754,-1.097722,-0.3503382,0.42835933,-1.2917644,-0.37802377,0.4662939,-1.4866484,-0.39815074,F
0.0,0.0,0.0,-0.2154225,-0.052825563,-0.13606875,-0.4120994,-0.16110502,-0.2711948,-0.5051029,-0.19851412,-0.4019084,-0.42311108,-0.21469145,-0.5306771,-0.3227533,-0.8453937,-0.17007928,-0.43431932,-0.84550816,-0.35317943,-0.425852,-0.62247854,-0.5052089,-0.38207132,-0.40922153,-0.58935875,-0.16061923,-0.96671176,-0.19917335,-0.24450618,-1.3518366,-0.31094033,-0.2700408,-1.6191429,-0.41082007,-0.27849534,-1.8707976,-0.48679012,0.021677604,-0.93657535,-0.2508736,0.035578508,-1.3817276,-0.3734867,0.060520902,-1.6656057,-0.46840492,0.06982049,-1.9238373,-0.53083223,0.19884382,-0.7883076,-0.3105878,0.29999036,-1.1111497,-0.39415738,0.3595255,-1.3198754,-0.41724914,0.39232737,-1.531207,-0.43367547,F
0.0,0.0,0.0,-0.20801121,-0.03605746,-0.13409403,-0.41173917,-0.13168865,-0.26786175,-0.53382427,-0.15281561,-0.39594558,-0.53611505,-0.16834296,-0.52357846,-0.34398457,-0.8121245,-0.18325444,-0.46997947,-0.7825711,-0.36334732,-0.4544748,-0.57008195,-0.5094086,-0.3983043,-0.369806,-0.59106016,-0.18658888,-0.9588483,-0.21399656,-0.288187,-1.3434352,-0.32892123,-0.33097607,-1.6246971,-0.4321718,-0.3559104,-1.8939915,-0.5123402,-0.0048495973,-0.9475808,-0.26490134,-0.00047269123,-1.3956836,-0.39265317,0.01288047,-1.6888674,-0.49743593,0.01071653,-1.9599665,-0.5686934,0.17775117,-0.8111328,-0.32219186,0.2880214,-1.1315613,-0.41429794,0.34758562,-1.3499093,-0.44732404,0.3775276,-1.5756701,-0.4724434,F
0.0,0.0,0.0,-0.2173068,-0.02435431,-0.11831246,-0.42729542,-0.11268118,-0.24064854,-0.543199,-0.11928031,-0.35990706,-0.5586711,-0.11196725,-0.479915,-0.37735647,-0.8021146,-0.16978274,-0.5013427,-0.78790843,-0.3472316,-0.4732334,-0.58252084,-0.49118128,-0.40736428,-0.39342496,-0.5708043,-0.21804349,-0.95364875,-0.20739125,-0.31621683,-1.3332528,-0.3165927,-0.3606048,-1.6054406,-0.41743287,-0.39180252,-1.8669367,-0.49656484,-0.03437647,-0.9495057,-0.26456532,-0.032946184,-1.3965728,-0.38662696,-0.019445255,-1.686034,-0.49117994,-0.023453295,-1.9560375,-0.56364924,0.15100753,-0.8184843,-0.32710263,0.25768745,-1.140262,-0.41759163,0.3134464,-1.353611,-0.451194,0.33813587,-1.5720406,-0.47638395,F
0.0,0.0,0.0,-0.16193265,-0.41306776,0.012556315,-0.4404023,-0.6909014,-0.036718573,-0.7177601,-0.74642825,-0.09512457,-0.9032689,-0.6986711,-0.16110122,-0.5656196,-0.99132186,-0.11992633,-0.9449268,-0.9653251,-0.22219922,-1.1801858,-0.9417563,-0.28618392,-1.3808196,-0.9284735,-0.34140986,-0.50626236,-0.84044224,-0.19327515,-0.95263135,-0.44463855,-0.29343182,-0.8194385,-0.33875337,-0.2899081,-0.67490757,-0.40564722,-0.2964006,-0.4498353,-0.5958895,-0.26649627,-0.8258016,-0.18592632,-0.3429416,-0.6738138,-0.12741387,-0.29278246,-0.54792714,-0.23690963,-0.2715726,-0.3883943,-0.3215225,-0.34284928,-0.67928255,0.0014817752,-0.4121148,-0.5583349,0.036288418,-0.3908001,-0.44345275,-0.046804775,-0.37628236,G
0.0,0.0,0.0,-0.15061295,-0.41768977,-0.0083876895,-0.42094123,-0.73121166,-0.05664804,-0.6712334,-0.87650794,-0.10862921,-0.83325857,-0.946323,-0.1647669,-0.55224824,-0.9932762,-0.13881758,-0.9373414,-0.95974535,-0.24703114,-1.1639287,-0.93861395,-0.30969664,-1.3596013,-0.9407552,-0.36304685,-0.48884162,-0.84843314,-0.20296572,-0.93495435,-0.4535314,-0.312986,-0.8064441,-0.34913942,-0.31408763,-0.6700488,-0.41393873,-0.32244974,-0.43139043,-0.6077521,-0.26948282,-0.8096244,-0.19533329,-0.35917133,-0.6545341,-0.13697413,-0.3128742,-0.5316268,-0.24816218,-0.29109317,-0.36651284,-0.3391872,-0.3401734,-0.662795,-0.005241019,-0.41773573,-0.5410299,0.022979705,-0.40070707,-0.42893997,-0.06311737,-0.3879965,G
0.0,0.0,0.0,-0.14339502,-0.3955073,0.0018083391,-0.38715962,-0.6825163,-0.048972636,-0.63042796,-0.7445018,-0.108045705,-0.79311764,-0.6898788,-0.17234911,-0.50443363,-1.0217602,-0.103147134,-0.8535095,-1.0353274,-0.20423706,-1.0703615,-1.0353512,-0.26923677,-1.2554331,-1.0392611,-0.3223931,-0.44278112,-0.88072914,-0.16811019,-0.8671714,-0.5270097,-0.26917398,-0.73932886,-0.41766754,-0.2749835,-0.601925,-0.47975388,-0.28479627,-0.3924043,-0.6442643,-0.23495537,-0.7666608,-0.27280557,-0.31785688,-0.6231959,-0.20459792,-0.27750322,-0.5009518,-0.3074017,-0.25700602,-0.3441852,-0.376973,-0.30492046,-0.65167224,-0.095953,-0.37318328,-0.5363856,-0.04929393,-0.3505474,-0.42126748,-0.11913118,-0.33222896,G
0.0,0.0,0.0,-0.14071035,-0.3978978,0.0049282582,-0.37584823,-0.70468855,-0.041761976,-0.6120663,-0.77941626,-0.09821168,-0.7623979,-0.72723156,-0.16084525,-0.47012123,-1.0333539,-0.1004356,-0.8099456,-1.0840849,-0.20344785,-1.0246607,-1.1163818,-0.27288297,-1.2054193,-1.1401913,-0.33052537,-0.41430765,-0.8948016,-0.16637039,-0.845305,-0.5698023,-0.27247784,-0.7220536,-0.45786297,-0.28280842,-0.5820049,-0.5122677,-0.29676348,-0.368453,-0.6624594,-0.23361677,-0.75553715,-0.31357282,-0.31969172,-0.61778283,-0.23766981,-0.27636093,-0.49131325,-0.32784873,-0.25432256,-0.3279016,-0.39554527,-0.3040473,-0.65292305,-0.1341739,-0.37310576,-0.53954005,-0.08015597,-0.34745866,-0.42050177,-0.14425625,-0.32811555,G
0.0,0.0,0.0,-0.19037914,-0.35933524,0.0036298481,-0.42265072,-0.6634547,-0.046386342,-0.65441746,-0.74683166,-0.10730262,-0.8220016,-0.7263706,-0.168753,-0.38650107,-1.0529565,-0.0724531,-0.6756956,-1.1067193,-0.17528439,-0.86705625,-1.1480213,-0.24525928,-1.0313305,-1.185681,-0.30262688,-0.32738367,-0.9344505,-0.14007936,-0.75052917,-0.65018433,-0.2577127,-0.64499235,-0.52711576,-0.27881396,-0.5209446,-0.568681,-0.2941064,-0.28556338,-0.7200419,-0.21106106,-0.6814128,-0.41598418,-0.31465355,-0.5579288,-0.32389918,-0.2799245,-0.44325784,-0.40193695,-0.2554039,-0.2552914,-0.46846524,-0.2844166,-0.57367086,-0.24349701,-0.36624742,-0.48169655,-0.17526816,-0.34948933,-0.3772367,-0.23739195,-0.3315124,G
0.0,0.0,0.0,-0.09884222,-0.41354933,0.034796696,-0.27228177,-0.757063,0.00094081816,-0.45861223,-0.9093255,-0.048838712,-0.5738914,-0.94527376,-0.10460461,-0.3203266,-1.0808262,-0.07312078,-0.64837164,-1.1656682,-0.16989005,-0.85019827,-1.2095611,-0.23138654,-1.0195017,-1.2504839,-0.2788592,-0.2761299,-0.95014083,-0.14486083,-0.72867143,-0.722251,-0.23774722,-0.6446678,-0.59720325,-0.23840305,-0.5247731,-0.6203568,-0.2434625,-0.25471842,-0.7283283,-0.21680194,-0.66935855,-0.4942132,-0.29273048,-0.55844915,-0.4177277,-0.25395527,-0.43437186,-0.4880272,-0.23332809,-0.239372,-0.47694838,-0.28800216,-0.5701618,-0.3155985,-0.34489354,-0.49182922,-0.26312792,-0.32069603,-0.3868004,-0.30820492,-0.30199358,G
0.0,0.0,0.0,-0.13964683,-0.37462014,0.038245123,-0.3449038,-0.6844374,-0.005104491,-0.55218506,-0.7922752,-0.06543736,-0.70508325,-0.8006747,-0.12961705,-0.32998738,-1.0871041,-0.08235029,-0.67058957,-1.1781307,-0.18788536,-0.88722324,-1.2172761,-0.25480786,-1.0694826,-1.256086,-0.30599526,-0.27168837,-0.94846714,-0.16308136,-0.7319373,-0.7173509,-0.2670735,-0.64060557,-0.58003074,-0.2716356,-0.5141666,-0.5998252,-0.27944925,-0.24532315,-0.7199881,-0.24313548,-0.6701491,-0.47571102,-0.32337588,-0.55108213,-0.38674453,-0.27712417,-0.4219582,-0.4591931,-0.2528263,-0.23014271,-0.4651951,-0.32247657,-0.5712227,-0.3079396,-0.37968045,-0.4867766,-0.23515186,-0.34623393,-0.37296695,-0.27224198,-0.32139745,G
0.0,0.0,0.0,-0.1731139,-0.40293112,-0.0035982064,-0.42415425,-0.72054166,-0.056995448,-0.68384945,-0.83772993,-0.11658959,-0.84901386,-0.82458645,-0.18195914,-0.40076476,-1.0691136,-0.117566936,-0.73321706,-1.0973042,-0.23280233,-0.9621807,-1.1183771,-0.30610043,-1.1464298,-1.1340232,-0.36187586,-0.3377865,-0.9232988,-0.1828101,-0.7985855,-0.63861036,-0.30262676,-0.7660394,-0.46129355,-0.31616282,-0.6761955,-0.4438901,-0.32688516,-0.2979234,-0.6804326,-0.25044373,-0.72493184,-0.3712298,-0.35281226,-0.63704354,-0.26410836,-0.31691545,-0.5201889,-0.3186435,-0.29306495,-0.26853666,-0.40874112,-0.3204168,-0.6133564,-0.19026506,-0.40162992,-0.5450291,-0.12912981,-0.38417605,-0.43600446,-0.18106547,-0.3661542,G
0.0,0.0,0.0,-0.17559166,-0.4254002,0.012608317,-0.48235312,-0.7002809,-0.030037373,-0.77995026,-0.8111424,-0.08189136,-0.9785243,-0.86234194,-0.14172839,-0.6211275,-0.9612704,-0.13760586,-1.0330293,-0.8963738,-0.25460708,-1.2877378,-0.82645077,-0.32405284,-1.4964527,-0.7802944,-0.38047937,-0.55964357,-0.8026462,-0.20629609,-1.0014511,-0.30867913,-0.33010003,-0.8820824,-0.20054507,-0.3319741,-0.7458879,-0.2831018,-0.3414901,-0.5016854,-0.54014796,-0.27514488,-0.8952216,-0.063979186,-0.37601873,-0.76490045,0.009134134,-0.3224066,-0.64295936,-0.10175548,-0.29392785,-0.44017798,-0.2475796,-0.34616575,-0.7579228,0.108546965,-0.4361346,-0.66664654,0.16012625,-0.42004648,-0.56320584,0.07547979,-0.4047171,G
0.0,0.0,0.0,-0.22152025,-0.39948368,0.030670611,-0.57057834,-0.5305158,-0.030598033,-0.8877408,-0.43173096,-0.108695194,-1.0721437,-0.27733344,-0.19953991,-0.762243,-0.83865505,-0.117601454,-1.135907,-0.66904557,-0.22012796,-1.3765568,-0.54226446,-0.28786576,-1.5665162,-0.4384409,-0.34703797,-0.6870661,-0.6992717,-0.19738144,-1.0381131,-0.106663056,-0.28715083,-0.8716116,-0.033989526,-0.27218446,-0.7399338,-0.15020303,-0.27700755,-0.5896446,-0.45581436,-0.2751482,-0.9012966,0.10277275,-0.33225313,-0.74493647,0.13443086,-0.2653039,-0.6337859,0.0113516,-0.24293603,-0.48311445,-0.17513369,-0.35601145,-0.73726183,0.24973857,-0.41797638,-0.62160754,0.25610298,-0.39126128,-0.51637655,0.15503715,-0.3760211,G
0.0,0.0,0.0,-0.2232012,-0.41201004,0.035158392,-0.5721864,-0.5591177,-0.019985098,-0.89235973,-0.49012882,-0.09000079,-1.0858308,-0.3540478,-0.17293978,-0.7667768,-0.84186685,-0.12695046,-1.1522579,-0.657548,-0.2333589,-1.3978107,-0.5223011,-0.30078283,-1.5912268,-0.40966964,-0.3587118,-0.68796486,-0.6956304,-0.20688841,-1.0581424,-0.10765098,-0.2958414,-0.89538544,-0.028220063,-0.2744293,-0.7640244,-0.14377888,-0.2751553,-0.58970153,-0.44588208,-0.2840169,-0.9143876,0.10835619,-0.34147704,-0.7641426,0.14375551,-0.26794872,-0.6535845,0.017739868,-0.24110104,-0.4820619,-0.15771914,-0.3634537,-0.74539953,0.2687501,-0.4266947,-0.6353315,0.2724339,-0.39645797,-0.53152275,0.16316217,-0.3784155,G
0.0,0.0,0.0,-0.12579782,-0.41988608,0.028374206,-0.35463947,-0.7234743,-0.019762406,-0.5475892,-0.922691,-0.08173904,-0.63464373,-1.1010822,-0.1530737,-0.5395475,-0.98896605,-0.1303808,-0.9329561,-0.9697035,-0.23187383,-1.1834458,-0.9252778,-0.29229125,-1.3837161,-0.9076692,-0.3446306,-0.49182785,-0.8463228,-0.20455581,-0.930396,-0.420478,-0.2985523,-0.8081235,-0.3126539,-0.28662896,-0.663149,-0.37225357,-0.2930935,-0.44857135,-0.6011919,-0.27682313,-0.83365875,-0.17456025,-0.3477781,-0.70070976,-0.09526376,-0.28830135,-0.57521474,-0.17544508,-0.26587597,-0.4026801,-0.32463,-0.35073093,-0.73546,-0.0047139204,-0.4225913,-0.64917797,0.07487581,-0.40034342,-0.54785216,0.040134855,-0.3856771,G
0.0,0.0,0.0,-0.059893034,-0.47595498,0.02199492,-0.28536475,-0.8007515,-0.032789484,-0.56395227,-0.89565647,-0.096503556,-0.75197953,-0.8481063,-0.17287499,-0.38875917,-1.1047515,-0.14681064,-0.7926688,-1.1338588,-0.26752695,-1.0432189,-1.1452589,-0.34594828,-1.2516681,-1.1514745,-0.40779006,-0.3758972,-0.89827925,-0.22758687,-0.8734848,-0.6613081,-0.3404553,-0.7563916,-0.5348439,-0.3419877,-0.60269344,-0.5491421,-0.351481,-0.37604758,-0.6053461,-0.30554765,-0.841221,-0.36765382,-0.40329868,-0.7091177,-0.26722702,-0.34722903,-0.56014174,-0.31909984,-0.3151044,-0.3767319,-0.28371558,-0.38247156,-0.7651897,-0.12134916,-0.46157435,-0.6620272,-0.056737557,-0.42520642,-0.5265718,-0.09418924,-0.39660016,G
0.0,0.0,0.0,-0.07360164,-0.4881418,0.019949477,-0.3056981,-0.90175295,-0.016128663,-0.4889277,-1.1907783,-0.051539753,-0.5469648,-1.4232389,-0.09672874,-0.38722438,-1.1351216,-0.1990384,-0.85229546,-1.1707677,-0.33584276,-1.1459627,-1.1626496,-0.4170206,-1.3740253,-1.1454079,-0.47409183,-0.38863826,-0.8805157,-0.27138966,-0.9514045,-0.7072561,-0.3746362,-0.847723,-0.5705229,-0.35385573,-0.67672324,-0.5684583,-0.35121548,-0.4045902,-0.5618075,-0.33974132,-0.91494757,-0.38916606,-0.43651477,-0.78135824,-0.28519493,-0.3641673,-0.62118435,-0.32560053,-0.32211143,-0.41204554,-0.2223739,-0.40555167,-0.8275622,-0.10340256,-0.4862205,-0.71507615,-0.04805896,-0.43710867,-0.5696181,-0.07525369,-0.39880756,G
0.0,0.0,0.0,-0.11793061,-0.5086889,0.004918923,-0.460082,-0.9137372,-0.061646245,-0.8074727,-1.1068379,-0.11922282,-1.0052836,-1.1972643,-0.19207565,-0.44101202,-1.1600072,-0.29068944,-0.9832853,-1.1777723,-0.4596263,-1.322855,-1.1809139,-0.5619282,-1.5857958,-1.16797,-0.6339412,-0.44768077,-0.8137807,-0.3705978,-1.1153042,-0.6674599,-0.50528234,-0.9823521,-0.5635492,-0.48239857,-0.77598816,-0.5779555,-0.4744422,-0.47078958,-0.42887226,-0.44128144,-1.0690435,-0.31884307,-0.5681495,-0.91451263,-0.24431053,-0.47167104,-0.7233612,-0.28126332,-0.40420163,-0.49188069,-0.046773016,-0.50757086,-0.974745,-0.033110738,-0.6031839,-0.84528786,0.0054631317,-0.52649015,-0.6786374,-0.0012600382,-0.4637404,G
0.0,0.0,0.0,-0.04765816,-0.5270622,0.016785333,-0.30098835,-0.9424781,-0.0065825353,-0.58080035,-1.1571615,-0.023734566,-0.7872957,-1.1888325,-0.05314787,-0.4228169,-1.1074651,-0.19521677,-0.90879434,-1.2096605,-0.28485155,-1.2097952,-1.2529242,-0.3405958,-1.4503127,-1.2793936,-0.38002214,-0.53043,-0.8138554,-0.23724107,-0.989923,-0.77105016,-0.30372125,-0.9061018,-0.68238354,-0.2799271,-0.7388918,-0.6411873,-0.26847145,-0.6252565,-0.4947946,-0.26664248,-0.9869487,-0.47466198,-0.2980575,-0.89163953,-0.40516642,-0.2201052,-0.74784404,-0.38008073,-0.17830819,-0.6898284,-0.18664087,-0.2958164,-0.96235967,-0.2268438,-0.30225813,-0.8701104,-0.16666818,-0.22959982,-0.7459273,-0.12398663,-0.17899172,G
0.0,0.0,0.0,-0.06215201,-0.4203788,0.019795375,-0.26424187,-0.74034804,-0.020650223,-0.42235994,-0.9714254,-0.07185283,-0.48312134,-1.1632556,-0.13218087,-0.48426774,-1.0335246,-0.12998872,-0.87782264,-1.0526382,-0.24016659,-1.1240647,-1.0620201,-0.31216702,-1.32255,-1.0811062,-0.37259993,-0.466348,-0.8626941,-0.19564861,-0.8882713,-0.5206098,-0.30938023,-0.7730717,-0.39415506,-0.31571698,-0.6292884,-0.42548147,-0.3295181,-0.45323372,-0.6061061,-0.2594472,-0.84117645,-0.28395122,-0.36091033,-0.71340734,-0.17738263,-0.31051874,-0.57543796,-0.22909623,-0.28215018,-0.43590903,-0.32490027,-0.32349315,-0.76877755,-0.0701606,-0.41744968,-0.6710818,0.030273339,-0.39829117,-0.54664135,-0.0024036306,-0.37846157,G
0.0,0.0,0.0,-0.37368518,-0.006959107,-0.004747654,-0.6310903,-0.13074309,-0.06861181,-0.8152552,-0.22317715,-0.14911869,-0.95448375,-0.24269749,-0.22526132,-0.6869557,-0.7449019,-0.051599108,-1.0143856,-0.69205457,-0.15193954,-1.2256286,-0.6721225,-0.23122996,-1.4048176,-0.6728047,-0.29852197,-0.60069525,-0.7904054,-0.1201015,-0.8623057,-0.28563103,-0.2461271,-0.69595313,-0.15050846,-0.2763106,-0.56430596,-0.2079584,-0.2908593,-0.505226,-0.7022117,-0.1931363,-0.7259522,-0.17637308,-0.28435802,-0.57455015,-0.08095766,-0.2346675,-0.47523746,-0.16689123,-0.2020044,-0.4230785,-0.5306832,-0.27485734,-0.570957,-0.12916555,-0.34324262,-0.46415663,-0.05396229,-0.316899,-0.38374817,-0.13179637,-0.2900915,G
0.0,0.0,0.0,-0.38401252,0.017827949,-0.033779573,-0.6589598,-0.11414958,-0.09537616,-0.8506145,-0.2479455,-0.16837144,-1.0417796,-0.32171765,-0.23309743,-0.72364306,-0.717942,-0.04244795,-1.0377922,-0.65389884,-0.13573322,-1.2400305,-0.64906716,-0.20427148,-1.4146544,-0.67309386,-0.26234826,-0.62823224,-0.77246743,-0.09283489,-0.87949085,-0.28929487,-0.21767385,-0.7297757,-0.15998131,-0.24712108,-0.61813325,-0.22789368,-0.25624758,-0.52519083,-0.6939571,-0.1520805,-0.7410035,-0.17940424,-0.25225735,-0.5998814,-0.084265806,-0.20445925,-0.51678526,-0.18004124,-0.16646147,-0.43835545,-0.53088474,-0.22162463,-0.59542644,-0.11983225,-0.2909451,-0.48566976,-0.0659501,-0.264259,-0.40993717,-0.17037474,-0.2345359,G
0.0,0.0,0.0,-0.3796828,0.0052594934,-0.01161131,-0.6585176,-0.09609323,-0.07131855,-0.8523525,-0.1642109,-0.15180954,-1.0278729,-0.21840505,-0.22837573,-0.7064566,-0.7389121,-0.008290611,-1.0323743,-0.64119095,-0.093700044,-1.2347989,-0.63698906,-0.16242485,-1.4071081,-0.67604935,-0.22222094,-0.6289027,-0.7742752,-0.07056486,-0.8938039,-0.28659248,-0.19690315,-0.74174494,-0.15277149,-0.23532455,-0.62655944,-0.20943378,-0.24823844,-0.5461977,-0.6900572,-0.14032564,-0.7851753,-0.19839099,-0.2434629,-0.62902486,-0.09887182,-0.21075094,-0.5304452,-0.17923899,-0.17998706,-0.4751296,-0.5352648,-0.21803287,-0.643019,-0.17188519,-0.2927007,-0.530339,-0.10225354,-0.27486026,-0.44109675,-0.17543194,-0.24883097,G
0.0,0.0,0.0,-0.34044713,-0.106011465,0.0012439489,-0.6269333,-0.24647762,-0.053915247,-0.8311843,-0.3083428,-0.1251534,-1.0187342,-0.31985888,-0.19308852,-0.65379995,-0.8333556,-0.04857474,-0.98262537,-0.79563546,-0.13973197,-1.2012639,-0.7961321,-0.21041553,-1.3830521,-0.81174093,-0.27137738,-0.57854575,-0.807107,-0.11774158,-0.89492077,-0.36285856,-0.22914274,-0.75919074,-0.24229532,-0.2558463,-0.65107656,-0.3036674,-0.2732369,-0.5057965,-0.6740628,-0.19045994,-0.7920398,-0.22608462,-0.27660316,-0.65195847,-0.14479958,-0.2289768,-0.56229526,-0.22810915,-0.19948536,-0.4410843,-0.4806407,-0.2699048,-0.65935683,-0.15121214,-0.33435628,-0.5554992,-0.090509675,-0.30281308,-0.4695348,-0.155007,-0.27362677,G
0.0,0.0,0.0,-0.09340728,-0.43385723,0.019559963,-0.344655,-0.75849056,-0.017167784,-0.63876915,-0.8810467,-0.06086009,-0.84592474,-0.8810921,-0.11241978,-0.41761017,-1.039014,-0.11088137,-0.829495,-1.0376276,-0.20083553,-1.0704956,-1.058557,-0.2547527,-1.258928,-1.0933625,-0.3026546,-0.43178135,-0.8853471,-0.17241016,-0.8969917,-0.58127815,-0.2662951,-0.8009692,-0.43164766,-0.25708252,-0.67073196,-0.44201398,-0.25823778,-0.45227987,-0.64815754,-0.2316359,-0.8481833,-0.32363537,-0.30497086,-0.73381126,-0.20997693,-0.2500688,-0.6166558,-0.26486754,-0.2232499,-0.46937245,-0.3781228,-0.2924225,-0.76345295,-0.12535863,-0.35468233,-0.66949433,-0.0338016,-0.3324502,-0.5701608,-0.07549641,-0.31673723,G
0.0,0.0,0.0,-0.10799015,-0.44362557,0.016010283,-0.35744286,-0.74343073,-0.023623724,-0.6000619,-0.8819733,-0.06972557,-0.77895564,-0.9234532,-0.12053806,-0.5104077,-1.0110064,-0.10647291,-0.9060692,-0.9600449,-0.18802463,-1.1391965,-0.94290143,-0.24080153,-1.3298544,-0.9369756,-0.2879299,-0.5067594,-0.84626144,-0.16442801,-0.9041281,-0.51156175,-0.24537998,-0.7727331,-0.41778883,-0.23906875,-0.6411578,-0.4692671,-0.24469379,-0.5055297,-0.6021038,-0.21966527,-0.8598782,-0.26903558,-0.28010157,-0.7182329,-0.20603776,-0.228525,-0.60124964,-0.29479313,-0.20630938,-0.4947977,-0.33457977,-0.2767606,-0.7788478,-0.096292645,-0.32937807,-0.66094726,-0.05464951,-0.30077806,-0.55292654,-0.11994794,-0.28031406,G
0.0,0.0,0.0,-0.13033359,-0.4150867,0.00745226,-0.39278913,-0.69424355,-0.032075625,-0.6570272,-0.8050217,-0.075955324,-0.83367515,-0.82063806,-0.12568365,-0.53652495,-0.99258727,-0.12646109,-0.93817466,-0.97366923,-0.23520964,-1.1930156,-0.9539402,-0.30745277,-1.401174,-0.93626994,-0.36514103,-0.51822776,-0.83528745,-0.1836708,-0.9715523,-0.42297855,-0.28829977,-0.8543507,-0.3064806,-0.2833805,-0.7122018,-0.3653467,-0.2859934,-0.5004394,-0.58891857,-0.24082254,-0.86495006,-0.17794004,-0.31215113,-0.73917526,-0.114207454,-0.25742036,-0.6215824,-0.21708182,-0.23194586,-0.474569,-0.30642122,-0.3027872,-0.7386591,0.0050542806,-0.36667612,-0.6261763,0.049775917,-0.34498292,-0.5193375,-0.035869617,-0.32789576,G
0.0,0.0,0.0,-0.30515698,-0.19741504,-0.025779866,-0.5749585,-0.3354909,-0.1146232,-0.7804931,-0.36129132,-0.21794902,-0.9518466,-0.32574317,-0.322866,-0.68495315,-0.8456267,-0.12688386,-0.964148,-0.82907856,-0.24294816,-1.1677946,-0.8158435,-0.32059583,-1.3375596,-0.80798405,-0.38328567,-0.56792724,-0.798812,-0.19838849,-0.84723324,-0.32030025,-0.31150097,-0.71942306,-0.22726166,-0.32059503,-0.6165833,-0.32611293,-0.33030716,-0.43838125,-0.6169798,-0.27641344,-0.69202465,-0.1259832,-0.36734614,-0.5602242,-0.08969234,-0.31236476,-0.46093658,-0.20238918,-0.2816286,-0.31452358,-0.37886858,-0.36366248,-0.5223624,0.010507534,-0.4401605,-0.42966652,0.048662085,-0.41182935,-0.33908793,-0.029771466,-0.3865415,G
0.0,0.0,0.0,-0.36315417,-0.12625849,-0.016573317,-0.6506639,-0.2405319,-0.09509867,-0.853773,-0.22650476,-0.19360441,-0.9849748,-0.12330165,-0.29316795,-0.7476308,-0.7856884,-0.101557426,-1.0536914,-0.74968153,-0.21937633,-1.2591466,-0.738834,-0.29336447,-1.4324626,-0.75298417,-0.3539804,-0.6220477,-0.7612144,-0.18332879,-0.86814356,-0.19023961,-0.32016817,-0.7260225,-0.103712544,-0.3372161,-0.6293454,-0.23442896,-0.3435658,-0.4745157,-0.59907,-0.2713247,-0.6969517,-0.016573519,-0.37880352,-0.56206006,-0.0011966937,-0.32415757,-0.4769852,-0.15124592,-0.28604147,-0.3326237,-0.3713796,-0.3688818,-0.5088827,0.080645725,-0.4461675,-0.41536078,0.09474818,-0.41357425,-0.33974314,-0.023995386,-0.38243118,G
0.0,0.0,0.0,-0.31388697,-0.17023398,-0.0023206314,-0.5821161,-0.31743547,-0.08890761,-0.7811494,-0.3641344,-0.19164652,-0.9339022,-0.2778955,-0.29883212,-0.66472083,-0.8412553,-0.15074535,-0.9475315,-0.8544585,-0.28769436,-1.1514447,-0.87148505,-0.38281798,-1.3281137,-0.8919001,-0.459311,-0.532168,-0.8135763,-0.234288,-0.8248258,-0.31206167,-0.34751728,-0.6796458,-0.18801881,-0.33831555,-0.5735478,-0.2836645,-0.3388589,-0.39127973,-0.6268957,-0.32297757,-0.6723341,-0.10401423,-0.4048385,-0.53887564,-0.040024433,-0.33076525,-0.4302364,-0.14776653,-0.2938301,-0.2651852,-0.38668862,-0.41939497,-0.50970274,0.038380686,-0.4913049,-0.4319301,0.100241534,-0.45687583,-0.3456081,0.029786471,-0.43182263,G
0.0,0.0,0.0,-0.319744,-0.1888852,-0.0019965046,-0.5780299,-0.3466294,-0.08411305,-0.7729234,-0.3827013,-0.1843682,-0.9394825,-0.35485107,-0.2870976,-0.6049063,-0.8841425,-0.1291647,-0.89188856,-0.89625746,-0.25626826,-1.0883663,-0.93800783,-0.3431051,-1.254727,-0.99745905,-0.4163192,-0.48085067,-0.85072184,-0.21226162,-0.7857564,-0.3454537,-0.3298501,-0.6458937,-0.23501544,-0.33324498,-0.53196704,-0.33541363,-0.3430601,-0.3514398,-0.6588063,-0.30036998,-0.65409166,-0.14440982,-0.3958973,-0.51814884,-0.094822064,-0.3373533,-0.4090437,-0.20814937,-0.3082385,-0.23860314,-0.40932345,-0.39548308,-0.5110993,-0.003425238,-0.4925791,-0.45075414,0.07660589,-0.47616717,-0.3757798,0.031505015,-0.45966384,G
0.0,0.0,0.0,-0.29854432,-0.21667875,-0.013986709,-0.55172145,-0.40806723,-0.09519934,-0.7563073,-0.47905782,-0.18910359,-0.8638234,-0.47258666,-0.2828246,-0.5442434,-0.9436952,-0.11674841,-0.83033323,-0.9639611,-0.23372461,-1.0330116,-0.98308796,-0.31347743,-1.2103237,-1.0081722,-0.38015854,-0.43766096,-0.879002,-0.18923108,-0.7902289,-0.44518366,-0.3057215,-0.65758955,-0.32254723,-0.3104098,-0.5416859,-0.4043774,-0.31701174,-0.3348048,-0.6833876,-0.26622742,-0.6720891,-0.23075168,-0.3569127,-0.543085,-0.16111927,-0.29233658,-0.43777165,-0.2615073,-0.25580016,-0.24968699,-0.42813212,-0.35097593,-0.5445425,-0.07776733,-0.4265207,-0.4639557,-0.023578389,-0.39285672,-0.37335226,-0.09615126,-0.36520395,G
0.0,0.0,0.0,-0.18142933,-0.31906277,0.019709554,-0.41350907,-0.61067635,-0.031775612,-0.5837121,-0.77889967,-0.10094083,-0.6620932,-0.90265816,-0.1762805,-0.5393141,-0.9600754,-0.09683899,-0.87689024,-1.0236053,-0.20121662,-1.1011719,-1.0500265,-0.27127868,-1.2884102,-1.0722132,-0.3321623,-0.46958235,-0.86543405,-0.17468905,-0.85460025,-0.48157436,-0.28356785,-0.7147153,-0.37750402,-0.28690597,-0.57304984,-0.45496207,-0.29525474,-0.3965341,-0.6569107,-0.25257665,-0.7385281,-0.26769477,-0.33017164,-0.6003211,-0.20716985,-0.26243487,-0.48204777,-0.306627,-0.22919719,-0.32342094,-0.40429702,-0.33432794,-0.60492736,-0.110266596,-0.40197492,-0.4922073,-0.067052595,-0.36280653,-0.3806775,-0.13998747,-0.33338377,G
0.0,0.0,0.0,-0.121500224,-0.3750087,0.0262932,-0.33618474,-0.7064015,-0.0010546331,-0.49598667,-0.9269167,-0.042947736,-0.5600403,-1.1255713,-0.08958037,-0.4829989,-0.99940544,-0.07950488,-0.8502565,-1.055839,-0.1606021,-1.0808266,-1.100677,-0.21010238,-1.268644,-1.1521859,-0.2573388,-0.44067362,-0.8854478,-0.14761147,-0.8491715,-0.55659,-0.24456486,-0.73509973,-0.45230678,-0.24940571,-0.5986544,-0.49562356,-0.25810498,-0.4011427,-0.6750966,-0.2138767,-0.7490717,-0.3146474,-0.28703648,-0.614537,-0.25098038,-0.24040113,-0.4946364,-0.34105593,-0.21788447,-0.35753676,-0.42985454,-0.2820121,-0.6324967,-0.16081692,-0.34469992,-0.52152973,-0.11001993,-0.32149312,-0.411474,-0.17258804,-0.30272338,G
0.0,0.0,0.0,-0.08492981,-0.43971303,0.004708067,-0.32115704,-0.7568339,-0.05155396,-0.6049236,-0.81426936,-0.114488915,-0.81168246,-0.7353639,-0.18562163,-0.41452405,-1.0829866,-0.14037597,-0.813089,-1.1207169,-0.2612511,-1.0692695,-1.1411858,-0.33500332,-1.2776912,-1.1593031,-0.39287293,-0.38006592,-0.901811,-0.20563756,-0.8682319,-0.6114563,-0.3333561,-0.76873267,-0.46850637,-0.3401032,-0.6298189,-0.4960578,-0.3470904,-0.37260416,-0.63346726,-0.26981694,-0.82066363,-0.32498586,-0.3803098,-0.6935495,-0.22552735,-0.3304449,-0.5557741,-0.30273867,-0.29664156,-0.37213308,-0.3473285,-0.3342813,-0.7098584,-0.12315863,-0.41908997,-0.5989373,-0.047870964,-0.38999596,-0.47237182,-0.10599929,-0.36302662,G
0.0,0.0,0.0,-0.071940124,-0.43987957,0.007897865,-0.29999694,-0.7552667,-0.032653578,-0.55745906,-0.8257385,-0.08096003,-0.7503392,-0.74472946,-0.13588054,-0.40624455,-1.0765414,-0.10387789,-0.7889871,-1.1065152,-0.22252126,-1.0319626,-1.119378,-0.3029686,-1.234133,-1.124236,-0.36437407,-0.38662493,-0.9065723,-0.1692566,-0.87855446,-0.6294425,-0.28614116,-0.78038776,-0.48051327,-0.2971661,-0.63774765,-0.4979471,-0.30727968,-0.38281775,-0.64880633,-0.23667026,-0.81805515,-0.35813308,-0.33717796,-0.69700706,-0.25327733,-0.2954593,-0.56223315,-0.3193857,-0.26824534,-0.381025,-0.36267015,-0.30611283,-0.6998207,-0.13327338,-0.38560274,-0.59364396,-0.06650174,-0.36347026,-0.4688068,-0.121675566,-0.342615,G
0.0,0.0,0.0,-0.06196373,-0.44410032,0.006064574,-0.28345805,-0.77556515,-0.0415678,-0.54804367,-0.881639,-0.0958078,-0.73652446,-0.83462733,-0.15797509,-0.39353326,-1.08735,-0.11961655,-0.78857726,-1.0839771,-0.2289479,-1.0268254,-1.1064848,-0.30203202,-1.2183859,-1.1298722,-0.36161456,-0.37280756,-0.90917355,-0.18552119,-0.8399207,-0.6289254,-0.29597,-0.7366419,-0.50583154,-0.303837,-0.59927064,-0.53398,-0.3156646,-0.36927083,-0.6450563,-0.25166762,-0.7997355,-0.36386198,-0.3499916,-0.6754623,-0.2692799,-0.30769318,-0.54000485,-0.3369813,-0.28270617,-0.36732486,-0.35416213,-0.31910518,-0.7071866,-0.14799474,-0.39905256,-0.60340583,-0.083996914,-0.37759617,-0.47933918,-0.1358136,-0.35875744,G
0.0,0.0,0.0,-0.10896516,-0.43469658,0.0059371796,-0.37855163,-0.759036,-0.049679894,-0.6987835,-0.8424813,-0.1080883,-0.9149258,-0.781271,-0.17629753,-0.36779433,-1.1017932,-0.14350632,-0.75034237,-1.1256559,-0.24593283,-1.0008156,-1.1473593,-0.30653554,-1.1956055,-1.1689459,-0.35860813,-0.3359082,-0.9179667,-0.21095687,-0.86382157,-0.6613801,-0.32128087,-0.8032017,-0.4801842,-0.3205486,-0.6813156,-0.45961192,-0.3251071,-0.32914627,-0.64502853,-0.27553195,-0.80632216,-0.35603842,-0.3721956,-0.7124807,-0.24199902,-0.3283957,-0.58585393,-0.28945982,-0.3025397,-0.34026936,-0.3478006,-0.33951673,-0.72726566,-0.14673764,-0.4207171,-0.65084314,-0.07931897,-0.40064204,-0.5322683,-0.12708403,-0.38309658,G
0.0,0.0,0.0,-0.11759616,-0.45717627,0.0051489067,-0.39968827,-0.75022155,-0.0577732,-0.7009442,-0.79994184,-0.13010338,-0.9238166,-0.731224,-0.21120481,-0.45706427,-1.0807564,-0.13320982,-0.8628072,-1.033436,-0.2596117,-1.1015294,-1.0245415,-0.34273624,-1.3030227,-1.0208161,-0.40752083,-0.42180517,-0.8825007,-0.20802149,-0.9042935,-0.5743634,-0.33246514,-0.7851044,-0.45798206,-0.34344408,-0.64532274,-0.5003702,-0.35871366,-0.3978009,-0.5993916,-0.28426647,-0.85689545,-0.31192237,-0.39325753,-0.71943575,-0.22241384,-0.34347904,-0.5781342,-0.2947714,-0.3135635,-0.37233317,-0.28971565,-0.36154377,-0.75557613,-0.096363075,-0.45016873,-0.6581174,-0.04175175,-0.42260504,-0.52907836,-0.0967365,-0.39865404,G
0.0,0.0,0.0,-0.105371654,-0.46658272,-0.013375868,-0.38986602,-0.82019484,-0.059692483,-0.6444728,-1.0306698,-0.103715084,-0.8258038,-1.1884439,-0.15460953,-0.5046991,-1.0632749,-0.19950159,-0.9674957,-1.0196931,-0.34197858,-1.2417296,-0.98490226,-0.4266826,-1.4664545,-0.96281487,-0.49110755,-0.483124,-0.8342848,-0.26563162,-0.99348366,-0.5052828,-0.40363142,-0.8556043,-0.39612842,-0.40381023,-0.6869214,-0.45280337,-0.40981373,-0.47028103,-0.5223688,-0.3331152,-0.9237423,-0.19301346,-0.458776,-0.77103984,-0.11163712,-0.39384905,-0.62419796,-0.20600814,-0.35175616,-0.4457454,-0.18808419,-0.4025026,-0.8110813,0.056005497,-0.5093517,-0.6845193,0.09198635,-0.47631037,-0.54671305,0.015125444,-0.44563788,G
0.0,0.0,0.0,-0.11771206,-0.45198354,-0.023462685,-0.4570559,-0.80062604,-0.075514816,-0.7779491,-1.0141566,-0.12398874,-1.0029016,-1.223412,-0.17952582,-0.518262,-1.0646607,-0.20737337,-0.9847221,-1.0158838,-0.35146213,-1.2689366,-0.9732048,-0.43289724,-1.4972749,-0.94338375,-0.49486792,-0.48744726,-0.83250517,-0.26330644,-0.9886311,-0.47295684,-0.40781206,-0.84281844,-0.36035788,-0.40359992,-0.6776383,-0.43018645,-0.40518495,-0.46986076,-0.5140594,-0.32134864,-0.9339152,-0.17513652,-0.45588863,-0.78315026,-0.08637503,-0.38611585,-0.6357471,-0.18103826,-0.33790824,-0.45381814,-0.17144227,-0.3808243,-0.827453,0.079398096,-0.49972454,-0.7061724,0.12537944,-0.47332144,-0.56922,0.041765872,-0.4446032,G
0.0,0.0,0.0,-0.10486301,-0.45061457,-0.020040907,-0.41791892,-0.8129507,-0.06930714,-0.7051163,-1.060123,-0.116646595,-0.9028033,-1.296779,-0.17128803,-0.5029696,-1.0613965,-0.20531754,-0.97696966,-1.0213033,-0.35018814,-1.2609199,-0.98545307,-0.43222767,-1.4885697,-0.96282434,-0.4944495,-0.4805804,-0.8366629,-0.26275036,-0.97648656,-0.47430712,-0.4097112,-0.8330476,-0.3589548,-0.40698847,-0.66818565,-0.42836785,-0.4099843,-0.46847343,-0.5212653,-0.322261,-0.925834,-0.18726501,-0.45795855,-0.7766253,-0.09489303,-0.38718843,-0.62928814,-0.1890283,-0.33839926,-0.4543475,-0.179461,-0.38360444,-0.82337576,0.058621462,-0.50472885,-0.706138,0.10986646,-0.47898486,-0.5714817,0.030176673,-0.44998667,G
0.0,0.0,0.0,-0.11650396,-0.45895767,-0.016585048,-0.45432544,-0.80977106,-0.06592151,-0.78224206,-1.0251728,-0.11381519,-1.0264071,-1.2316378,-0.16824597,-0.518652,-1.0661572,-0.1957105,-0.99429476,-1.0279876,-0.34166947,-1.278831,-0.9893202,-0.4218206,-1.5049627,-0.9575426,-0.48039722,-0.4903309,-0.83326,-0.2554473,-0.9915528,-0.46690223,-0.40310925,-0.8437033,-0.35444802,-0.3979226,-0.6772071,-0.42228168,-0.39723,-0.47428858,-0.51397437,-0.31794167,-0.9386377,-0.18168817,-0.4566769,-0.78255635,-0.098071724,-0.38650844,-0.634027,-0.1973275,-0.3358231,-0.45637405,-0.17097493,-0.38110885,-0.833935,0.063246496,-0.4989929,-0.7117984,0.10728351,-0.47034517,-0.575945,0.022271639,-0.439358,G
0.0,0.0,0.0,-0.118887566,-0.45350936,-0.027396908,-0.4475944,-0.80137,-0.084392495,-0.7466722,-1.0127549,-0.13685635,-0.9533817,-1.204381,-0.19688158,-0.5209207,-1.0580299,-0.22435848,-0.9984426,-1.004462,-0.37756565,-1.288541,-0.96645457,-0.46603483,-1.5211015,-0.93687844,-0.533361,-0.48775056,-0.8247929,-0.2860352,-1.0070956,-0.4635312,-0.4352557,-0.8626724,-0.34872803,-0.43317688,-0.69352454,-0.41646478,-0.43709594,-0.46637228,-0.5018447,-0.35024056,-0.94818336,-0.16279852,-0.49098328,-0.7948225,-0.07278778,-0.41994044,-0.64383316,-0.17510395,-0.37085193,-0.4414481,-0.15448308,-0.41626385,-0.835071,0.092800304,-0.5392956,-0.71343535,0.13972113,-0.5074129,-0.5727075,0.059159845,-0.4749865,G
0.0,0.0,0.0,-0.10774128,-0.46094596,-0.019828012,-0.40182403,-0.821457,-0.069384344,-0.6391656,-1.0703489,-0.11469131,-0.7785661,-1.3171612,-0.16629767,-0.4954247,-1.069276,-0.21390726,-0.96701235,-1.0332755,-0.3654631,-1.249984,-1.0063138,-0.45610362,-1.4785696,-0.98136103,-0.5235386,-0.46992326,-0.83788043,-0.27772024,-0.9881208,-0.51183987,-0.41444123,-0.8484241,-0.3959043,-0.40815732,-0.6811232,-0.45328942,-0.41139114,-0.45602348,-0.51962316,-0.34449527,-0.9218909,-0.20215638,-0.47241208,-0.77128744,-0.11826203,-0.40204865,-0.6251722,-0.21430396,-0.35624447,-0.43277302,-0.17450748,-0.41324982,-0.81583315,0.051032234,-0.52223235,-0.6915578,0.08849914,-0.48445216,-0.5523619,0.016862707,-0.45028922,G
0.0,0.0,0.0,-0.12650396,-0.46123374,-0.012586331,-0.4712622,-0.8143947,-0.059553068,-0.7963004,-1.0377966,-0.10719184,-1.0380777,-1.2453867,-0.16334914,-0.54201746,-1.0536258,-0.18838727,-1.0089568,-0.9746231,-0.32974285,-1.2911654,-0.92324084,-0.40867803,-1.5115287,-0.88802975,-0.46795803,-0.5144537,-0.82013774,-0.25042254,-1.0195479,-0.43876755,-0.39730737,-0.8834787,-0.3363987,-0.3962326,-0.71959144,-0.4123029,-0.39893043,-0.49063557,-0.5023752,-0.31412244,-0.9637159,-0.15369979,-0.4490987,-0.8220221,-0.078203715,-0.38013512,-0.6757673,-0.18161836,-0.33179384,-0.46227986,-0.1596096,-0.37893495,-0.8547918,0.08346775,-0.49688217,-0.75493515,0.116866395,-0.47208127,-0.6268922,0.025260892,-0.4440683,G
0.0,0.0,0.0,-0.14104337,-0.47564623,-0.008358401,-0.47572148,-0.83241504,-0.06824759,-0.7911107,-1.064268,-0.13174914,-1.0178111,-1.2593397,-0.20655073,-0.56722474,-1.0410435,-0.19135804,-1.0328041,-0.97716284,-0.3382921,-1.31759,-0.94110495,-0.42017776,-1.5420538,-0.90595394,-0.47970453,-0.5316949,-0.8067796,-0.25769594,-1.0452892,-0.4371895,-0.40825272,-0.9144293,-0.32901004,-0.40488583,-0.7505313,-0.38696784,-0.40361115,-0.49875474,-0.48649433,-0.32465595,-0.97770035,-0.16223493,-0.46444356,-0.8346248,-0.082661584,-0.39112014,-0.68116957,-0.16291346,-0.33679926,-0.46416876,-0.14572011,-0.39168483,-0.8381977,0.08490929,-0.509576,-0.7249602,0.11569497,-0.4791876,-0.58755887,0.030305428,-0.44578788,G
0.0,0.0,0.0,-0.16119282,-0.4430796,0.013820619,-0.47402644,-0.6955251,-0.0458906,-0.78623605,-0.7209593,-0.11233758,-0.9874356,-0.6108409,-0.1912424,-0.62192565,-0.9928064,-0.17275265,-1.0518229,-0.9369463,-0.30659425,-1.3231823,-0.9033375,-0.39071542,-1.546734,-0.8747574,-0.45532498,-0.57881343,-0.77639437,-0.24937281,-1.0280565,-0.35042465,-0.37622088,-0.87904495,-0.25471833,-0.36995092,-0.72299755,-0.34027895,-0.3708895,-0.53992784,-0.46476924,-0.32360822,-0.94036716,-0.062837966,-0.43149677,-0.7905807,-0.0044689258,-0.3663395,-0.65102214,-0.116629146,-0.3255758,-0.5031767,-0.12464392,-0.39788613,-0.84070957,0.15746269,-0.48326233,-0.71685046,0.19141947,-0.4435733,-0.58407855,0.10485194,-0.40995178,G
0.0,0.0,0.0,-0.17894047,-0.43475094,0.012623104,-0.49843958,-0.67829907,-0.040356025,-0.8274793,-0.6623563,-0.09736133,-1.0300173,-0.54463124,-0.1631136,-0.6312994,-0.9714844,-0.15056702,-1.0369596,-0.9528036,-0.28236106,-1.3054489,-0.91769356,-0.37198782,-1.5346899,-0.8721444,-0.44202268,-0.5901684,-0.77666837,-0.22019884,-1.0310179,-0.35213742,-0.33672798,-0.87722874,-0.24549113,-0.33122155,-0.7255144,-0.3266648,-0.33558103,-0.5491824,-0.4884655,-0.28863573,-0.9278893,-0.07901662,-0.37635398,-0.77677584,-0.016205352,-0.30807188,-0.6505029,-0.12784675,-0.2716396,-0.50632316,-0.17084286,-0.35916415,-0.80167437,0.13243136,-0.42887178,-0.6709691,0.16004716,-0.3897195,-0.5523187,0.06338253,-0.36058795,G
0.0,0.0,0.0,-0.16903234,-0.44523612,0.008715989,-0.4955374,-0.71621865,-0.0540736,-0.8409944,-0.7070955,-0.120432295,-1.0508878,-0.58503497,-0.19751589,-0.59833866,-1.022156,-0.1759991,-1.0367581,-0.99527395,-0.31650525,-1.322858,-0.96585715,-0.40808406,-1.5622742,-0.92804897,-0.47970542,-0.55784595,-0.78980416,-0.2549848,-1.0589918,-0.3823933,-0.3821487,-0.90052927,-0.2655246,-0.37414363,-0.7354558,-0.3468986,-0.37540022,-0.5227195,-0.47342414,-0.33200616,-0.9589579,-0.08766877,-0.43101662,-0.795945,-0.018204011,-0.35089818,-0.6517687,-0.13244127,-0.30466875,-0.48388043,-0.13253042,-0.4108839,-0.8403562,0.13534144,-0.48915237,-0.70175606,0.17430665,-0.43669826,-0.56673425,0.08595882,-0.3966842,G
0.0,0.0,0.0,-0.15946108,-0.4643395,0.026839953,-0.49567658,-0.7384063,-0.03343556,-0.82819974,-0.7560126,-0.101510614,-1.0303053,-0.6354745,-0.18421943,-0.5790565,-1.0401949,-0.17982441,-1.0238072,-1.0152544,-0.31722948,-1.3053837,-1.0055832,-0.39761955,-1.5307896,-0.9865546,-0.45934728,-0.5223832,-0.80976593,-0.2671982,-1.0489798,-0.4478938,-0.39822158,-0.912917,-0.32069185,-0.38378277,-0.75213045,-0.37785667,-0.3777923,-0.4797718,-0.49275783,-0.3499748,-0.9594606,-0.14879997,-0.46493387,-0.8109248,-0.0769464,-0.38806453,-0.6598196,-0.17450927,-0.33710653,-0.43815,-0.16047238,-0.42974487,-0.8373964,0.075838394,-0.51627177,-0.71606326,0.114310555,-0.46482402,-0.5728964,0.03619605,-0.42364952,G
0.0,0.0,0.0,-0.15457289,-0.500625,0.0036911697,-0.47151184,-0.829537,-0.0642553,-0.79168165,-0.9129403,-0.13296115,-1.01119,-0.84503245,-0.21388893,-0.5214743,-1.0858623,-0.21823558,-0.9723546,-1.0873003,-0.37775722,-1.2510674,-1.0740247,-0.46696874,-1.4805254,-1.0483432,-0.5299539,-0.4622964,-0.8329212,-0.3041779,-1.0616558,-0.5146007,-0.45290002,-0.9228579,-0.37680414,-0.4404113,-0.743999,-0.41423678,-0.43331736,-0.42790335,-0.4983178,-0.38960123,-0.9678182,-0.2021257,-0.5279919,-0.80704933,-0.12525362,-0.45491415,-0.6366215,-0.2126726,-0.39957625,-0.39941254,-0.1509057,-0.47294134,-0.8520921,0.040885884,-0.5761288,-0.7367397,0.07557671,-0.52821034,-0.5847721,0.012431456,-0.48641378,G
0.0,0.0,0.0,-0.067024976,-0.4815734,-0.028193364,-0.33492616,-0.84252006,-0.11535393,-0.6398523,-1.0041255,-0.19847403,-0.86306924,-1.0718467,-0.3024177,-0.35590762,-1.1081935,-0.2919509,-0.8484456,-1.0884233,-0.42896336,-1.13248,-1.0682911,-0.5135357,-1.3638479,-1.0550985,-0.5749765,-0.35404733,-0.8681481,-0.3478065,-0.9388497,-0.78348935,-0.48559383,-1.2752347,-0.7354606,-0.5360089,-1.5339773,-0.7012295,-0.5871123,-0.36408177,-0.55344874,-0.38880572,-0.8778903,-0.43275324,-0.50513285,-0.7995344,-0.34496906,-0.46319407,-0.66698813,-0.30735052,-0.43302652,-0.39632508,-0.23345134,-0.42851233,-0.78933674,-0.19632186,-0.52795845,-0.74004346,-0.14534007,-0.49031225,-0.62259644,-0.1535745,-0.45400995,H
0.0,0.0,0.0,-0.0723571,-0.48385093,-0.03739495,-0.35422617,-0.8159197,-0.13988224,-0.67674285,-0.913242,-0.2382243,-0.915869,-0.91694033,-0.35835987,-0.37383947,-1.1072145,-0.30149865,-0.85947895,-1.0812087,-0.4530442,-1.142224,-1.0557992,-0.55429715,-1.3730854,-1.0428741,-0.62737536,-0.36046866,-0.86006874,-0.361032,-0.9428005,-0.7808501,-0.50613976,-1.279901,-0.73233855,-0.56316125,-1.5417582,-0.6974986,-0.6191521,-0.35983056,-0.53571206,-0.40765044,-0.8833267,-0.40751025,-0.5295352,-0.793343,-0.3324067,-0.49113733,-0.64845634,-0.31170017,-0.4632875,-0.38268673,-0.20731945,-0.45390078,-0.78337425,-0.15875836,-0.5559196,-0.71550924,-0.120369025,-0.5169093,-0.5790531,-0.13955353,-0.48000684,H
0.0,0.0,0.0,-0.065543346,-0.4819986,0.0029568477,-0.3252696,-0.77395016,-0.085214116,-0.6517779,-0.8015373,-0.17941117,-0.8970161,-0.73341715,-0.29668948,-0.3314933,-1.1156517,-0.24649951,-0.8224497,-1.1273216,-0.38286653,-1.111269,-1.112562,-0.4786658,-1.3499497,-1.1088002,-0.5480533,-0.32871142,-0.8874439,-0.3230976,-0.9268041,-0.82359695,-0.45315185,-1.266507,-0.76814336,-0.50375676,-1.5235103,-0.72656506,-0.5538671,-0.33938503,-0.57514596,-0.38456917,-0.8575339,-0.43717754,-0.48356542,-0.7554855,-0.34704265,-0.4400503,-0.60063183,-0.32232434,-0.411691,-0.37051368,-0.25098062,-0.44402578,-0.7709692,-0.1918046,-0.52249485,-0.70097756,-0.13214064,-0.47287005,-0.56423414,-0.14238201,-0.43152282,H
0.0,0.0,0.0,-0.07112736,-0.45287713,-0.011355137,-0.33235112,-0.7475639,-0.103076726,-0.65046513,-0.78256685,-0.20071533,-0.881713,-0.7176876,-0.31750977,-0.34107393,-1.1103158,-0.2275642,-0.8186263,-1.1128111,-0.3648551,-1.0862433,-1.1019125,-0.4611661,-1.3127576,-1.1008302,-0.5306689,-0.33202755,-0.89311486,-0.30348578,-0.9052371,-0.8519562,-0.4373437,-1.2252266,-0.80725527,-0.4942971,-1.4771568,-0.77305937,-0.546087,-0.33827567,-0.5946377,-0.3686608,-0.843351,-0.46848732,-0.47750443,-0.72106206,-0.36346588,-0.43934798,-0.5624995,-0.3368076,-0.41032875,-0.36584374,-0.28201297,-0.4333043,-0.7642334,-0.2300472,-0.5174385,-0.6762353,-0.16126776,-0.47195005,-0.53366303,-0.16633955,-0.4322618,H
0.0,0.0,0.0,-0.06611834,-0.43591538,0.014832421,-0.32667378,-0.74693257,-0.04328016,-0.6332834,-0.79707915,-0.11479698,-0.85890007,-0.7426182,-0.20321381,-0.32739672,-1.1208361,-0.12766133,-0.7846234,-1.1137182,-0.23075476,-1.0296742,-1.098448,-0.30670613,-1.2328662,-1.0882603,-0.36186975,-0.33498695,-0.9195943,-0.20525628,-0.85960454,-0.8795167,-0.30850157,-1.1483321,-0.8417831,-0.3622417,-1.3844444,-0.8163914,-0.4104635,-0.35231444,-0.64252543,-0.27445668,-0.7947853,-0.5047153,-0.37030658,-0.67490566,-0.39133543,-0.35314018,-0.53348875,-0.3566423,-0.33691195,-0.3857691,-0.3438655,-0.3409159,-0.7231259,-0.27715996,-0.41726753,-0.63111943,-0.20496531,-0.3858747,-0.50225097,-0.20149858,-0.35587102,H
0.0,0.0,0.0,-0.07519385,-0.44253168,0.01880153,-0.30186293,-0.75163734,-0.035688948,-0.5706951,-0.8216068,-0.105063386,-0.77812856,-0.7860552,-0.18917009,-0.35661888,-1.0957564,-0.11877098,-0.7783684,-1.1073321,-0.22025497,-1.0064646,-1.0936041,-0.29461008,-1.2000688,-1.0881667,-0.34835637,-0.34744588,-0.9169448,-0.19619797,-0.8354082,-0.88604987,-0.29995945,-1.1207565,-0.840268,-0.35244763,-1.3537866,-0.80541307,-0.39821282,-0.34698343,-0.6554028,-0.26551187,-0.7763725,-0.49886858,-0.3531151,-0.6615649,-0.38319638,-0.32938787,-0.52273196,-0.35494727,-0.3110315,-0.36360213,-0.36461306,-0.3334928,-0.70113987,-0.27696988,-0.40013197,-0.6152684,-0.20023885,-0.36323595,-0.48795235,-0.19661105,-0.33113664,H
0.0,0.0,0.0,-0.1151292,-0.41342905,0.016585968,-0.39878905,-0.6905758,-0.041340135,-0.72030485,-0.708951,-0.113614015,-0.96169645,-0.65682834,-0.19729438,-0.35947016,-1.0871955,-0.10682857,-0.76957595,-1.106972,-0.20893963,-0.99409527,-1.0993605,-0.28769526,-1.1773108,-1.108263,-0.34570017,-0.34835687,-0.9197824,-0.18068707,-0.8139453,-0.8881878,-0.28305674,-1.0840527,-0.85489684,-0.3369449,-1.3016382,-0.8347454,-0.38457337,-0.34996223,-0.67674005,-0.24816613,-0.7775745,-0.47992122,-0.33432823,-0.6832634,-0.34434313,-0.31507826,-0.55889803,-0.30411124,-0.30095413,-0.3682542,-0.40322003,-0.31511888,-0.6913171,-0.27102095,-0.38077152,-0.6167825,-0.17875898,-0.3511837,-0.49800318,-0.16670123,-0.32532233,H
0.0,0.0,0.0,-0.07918949,-0.38258228,0.021512361,-0.29331887,-0.6884852,-0.01988232,-0.5499047,-0.74650836,-0.08088995,-0.74674094,-0.7004373,-0.15102412,-0.3303284,-1.0808941,-0.05909123,-0.67726445,-1.1477954,-0.14691079,-0.8835975,-1.1603398,-0.21084167,-1.0631961,-1.1799754,-0.25829083,-0.31768566,-0.93786865,-0.13956456,-0.7466447,-0.9637447,-0.23194748,-0.9781943,-0.9574591,-0.28458703,-1.1767528,-0.9786658,-0.3256859,-0.32294235,-0.7143751,-0.21665604,-0.7233865,-0.5085309,-0.3016477,-0.61419696,-0.37056312,-0.29144242,-0.49186584,-0.36162832,-0.278507,-0.3509558,-0.45630303,-0.2938043,-0.6540467,-0.31300703,-0.35247898,-0.56523883,-0.21241255,-0.32500073,-0.4475931,-0.21027997,-0.2999437,H
0.0,0.0,0.0,-0.09569263,-0.41480923,0.012411753,-0.3232379,-0.74465275,-0.032356907,-0.59255826,-0.79925704,-0.0963252,-0.7981928,-0.72547746,-0.17078787,-0.31802115,-1.0894878,-0.06526146,-0.6869128,-1.1500192,-0.1657122,-0.90496975,-1.1710621,-0.2394665,-1.0935771,-1.1951333,-0.29251856,-0.3118508,-0.93919647,-0.1437325,-0.7561915,-0.9642311,-0.24664018,-1.0144293,-0.95526326,-0.3034824,-1.2313918,-0.9638635,-0.34691414,-0.31965944,-0.70665145,-0.2211881,-0.7497465,-0.5107116,-0.3182778,-0.6535739,-0.35647222,-0.31117564,-0.5291555,-0.32863146,-0.2971223,-0.3504975,-0.43450552,-0.2994003,-0.68230844,-0.28978306,-0.3649444,-0.6099023,-0.1825833,-0.33948565,-0.49236855,-0.17232357,-0.31516767,H
0.0,0.0,0.0,-0.12563932,-0.3417298,0.009874528,-0.35191154,-0.65373075,-0.031306144,-0.6119433,-0.7247728,-0.09018314,-0.79325265,-0.7030928,-0.15483098,-0.28259203,-1.0744025,-0.047096923,-0.62790895,-1.1533309,-0.13882059,-0.8405121,-1.1760188,-0.21444978,-1.020284,-1.1992701,-0.27001613,-0.26972768,-0.9557407,-0.11750185,-0.6999074,-1.0148445,-0.21881524,-0.95357305,-1.0318507,-0.28599674,-1.1600145,-1.0547482,-0.33502337,-0.28000987,-0.75381666,-0.18528539,-0.70076334,-0.57067996,-0.27296022,-0.6389949,-0.39530683,-0.26306733,-0.54095113,-0.34096262,-0.24733913,-0.32004747,-0.50852937,-0.255371,-0.64070547,-0.35667852,-0.31398585,-0.59187347,-0.2305241,-0.2868325,-0.4929452,-0.20032005,-0.26029387,H
0.0,0.0,0.0,-0.086550996,-0.40092722,0.014153727,-0.3095537,-0.7372274,-0.03072103,-0.5972791,-0.79706645,-0.093447454,-0.8142956,-0.737309,-0.16694887,-0.27378353,-1.0839982,-0.077394076,-0.6211578,-1.1869124,-0.17436019,-0.84046125,-1.2169807,-0.24615201,-1.0212314,-1.246122,-0.29631472,-0.2688944,-0.9515646,-0.14906585,-0.6989021,-1.0285695,-0.250602,-0.9627071,-1.0599184,-0.31249553,-1.1739551,-1.0876712,-0.35926253,-0.28381047,-0.7351435,-0.21526536,-0.7360361,-0.57066965,-0.30630144,-0.719385,-0.35631117,-0.29975,-0.64467555,-0.25684425,-0.28644928,-0.3255658,-0.48102218,-0.28159085,-0.6759644,-0.33125338,-0.34518906,-0.66034895,-0.19043368,-0.32329375,-0.58061326,-0.13470131,-0.30024695,H
0.0,0.0,0.0,-0.07734477,-0.40941328,0.02189967,-0.2814452,-0.74295187,-0.02261381,-0.55958927,-0.82032406,-0.086574614,-0.7827068,-0.77489275,-0.1631062,-0.25814712,-1.0736569,-0.08074525,-0.609515,-1.165001,-0.18326643,-0.8323885,-1.1977402,-0.25986746,-1.0193554,-1.2289034,-0.3120194,-0.25749892,-0.95377576,-0.154939,-0.684093,-1.027868,-0.25661656,-0.94590616,-1.0603912,-0.3171785,-1.154797,-1.0869341,-0.363347,-0.27096745,-0.7476269,-0.22307046,-0.72017837,-0.60781235,-0.31492308,-0.7313783,-0.39114994,-0.3133383,-0.6771615,-0.2730548,-0.30387658,-0.30719972,-0.50115395,-0.29041114,-0.65398115,-0.3678543,-0.356114,-0.6685291,-0.22970982,-0.34043735,-0.61569136,-0.15763135,-0.32144457,H
0.0,0.0,0.0,-0.08142588,-0.39398852,0.010490087,-0.29830182,-0.7429626,-0.03071487,-0.58142084,-0.8187758,-0.09008142,-0.80189574,-0.7617079,-0.16075715,-0.28593767,-1.0689257,-0.07435034,-0.6483337,-1.1705637,-0.17896152,-0.8728523,-1.2108445,-0.2563311,-1.0542351,-1.2478445,-0.30919775,-0.2848116,-0.9473104,-0.14657918,-0.7160894,-1.0230964,-0.25664163,-0.982944,-1.0571351,-0.3210033,-1.2021606,-1.0883912,-0.3653696,-0.29447088,-0.74067867,-0.21552086,-0.75379246,-0.56357837,-0.32135665,-0.71734667,-0.34927973,-0.32227615,-0.62808913,-0.2595439,-0.30835435,-0.32985598,-0.49427384,-0.28482965,-0.6864511,-0.32541558,-0.36395073,-0.6657607,-0.18763028,-0.3509391,-0.58413255,-0.14076291,-0.33031234,H
0.0,0.0,0.0,-0.090949364,-0.4154322,0.023718873,-0.29263183,-0.7526628,-0.026498236,-0.57129395,-0.8270442,-0.09547282,-0.7910828,-0.7743475,-0.17808369,-0.2795545,-1.0559298,-0.11138113,-0.65580475,-1.1653643,-0.22146186,-0.8885705,-1.1916511,-0.29612234,-1.0755593,-1.2107095,-0.34431484,-0.274513,-0.9428652,-0.18880633,-0.7189616,-1.0256568,-0.2987263,-0.9897406,-1.0515852,-0.35977414,-1.202017,-1.0687381,-0.40472442,-0.2827133,-0.74243325,-0.25699547,-0.74939656,-0.59548074,-0.3546509,-0.7528634,-0.3496326,-0.34529474,-0.6855063,-0.21566461,-0.32860568,-0.31486067,-0.5038535,-0.32334056,-0.68294173,-0.35519812,-0.39564875,-0.6923644,-0.20109047,-0.374027,-0.6275017,-0.12039402,-0.34832978,H
0.0,0.0,0.0,-0.09021532,-0.4326714,-0.009843154,-0.33217463,-0.7531594,-0.076383844,-0.64847106,-0.76127577,-0.15407908,-0.8788633,-0.65982646,-0.2441565,-0.31690884,-1.0936491,-0.12611055,-0.7087307,-1.1515181,-0.23295641,-0.9464096,-1.1555718,-0.31707537,-1.1465417,-1.1751966,-0.37972763,-0.30906588,-0.9312209,-0.19314723,-0.7656211,-0.96889764,-0.29492706,-1.0437117,-0.9677253,-0.35882524,-1.2729702,-0.9797926,-0.41521922,-0.31196806,-0.6837848,-0.25419933,-0.75717753,-0.55525875,-0.33822492,-0.6971241,-0.39436918,-0.32135987,-0.58678454,-0.33226353,-0.30999172,-0.3392119,-0.41119763,-0.3174567,-0.6855585,-0.31723642,-0.37516817,-0.64325106,-0.21772686,-0.33930406,-0.5386845,-0.19189261,-0.31136078,H
0.0,0.0,0.0,-0.10977863,-0.39926738,-0.000911456,-0.34940168,-0.690815,-0.066571474,-0.6224562,-0.7250909,-0.15066774,-0.83090925,-0.67183965,-0.24559173,-0.40174994,-1.0810026,-0.0945427,-0.80141616,-1.0783162,-0.21466894,-1.0339463,-1.0528368,-0.30109823,-1.2288072,-1.0458539,-0.36082238,-0.37446773,-0.9099801,-0.17807351,-0.8865763,-0.86541504,-0.29644093,-1.1763371,-0.8120038,-0.35904896,-1.4164673,-0.79059577,-0.40656042,-0.35252234,-0.6571522,-0.26156375,-0.7925108,-0.42057166,-0.3788738,-0.6667832,-0.2803264,-0.36681718,-0.52666396,-0.2821482,-0.3460125,-0.34772703,-0.37342587,-0.34550253,-0.696237,-0.21920405,-0.42637512,-0.6043379,-0.12128394,-0.39225757,-0.4752625,-0.12961653,-0.3587128,H
0.0,0.0,0.0,-0.10789002,-0.45981827,-0.022521146,-0.38092473,-0.7734923,-0.11056882,-0.67832977,-0.8255351,-0.2058682,-0.90024906,-0.7563219,-0.31732997,-0.47006264,-1.0902864,-0.2183759,-0.944524,-1.050178,-0.35744417,-1.2080708,-1.0330938,-0.4500697,-1.427959,-1.040016,-0.5169539,-0.45030072,-0.84112537,-0.2995621,-1.0030463,-0.74818784,-0.43981332,-1.2948717,-0.7140327,-0.50137556,-1.5299399,-0.70701724,-0.5521394,-0.41951245,-0.5149288,-0.37350497,-0.885025,-0.29523328,-0.51448107,-0.73649377,-0.22761558,-0.4959594,-0.5760765,-0.25218454,-0.47001317,-0.39106464,-0.1755684,-0.4462131,-0.7409422,-0.050677896,-0.5639876,-0.6309718,0.003979737,-0.5330123,-0.4893429,-0.016504657,-0.49647155,H
0.0,0.0,0.0,-0.10652735,-0.4436908,0.032403585,-0.38261807,-0.7406753,-0.0054436885,-0.6729829,-0.8320784,-0.059989143,-0.87205076,-0.8608247,-0.12932384,-0.43431327,-1.0740473,-0.10043404,-0.8670874,-1.0366756,-0.21137267,-1.1080403,-0.998728,-0.2933044,-1.3132601,-0.97262007,-0.3510847,-0.43397954,-0.88256824,-0.1809283,-0.9543059,-0.77624154,-0.2833088,-1.232749,-0.70132744,-0.33284283,-1.4566348,-0.6592291,-0.377458,-0.43065843,-0.6135855,-0.25443435,-0.85682976,-0.38335982,-0.34594876,-0.72629845,-0.28934774,-0.32280174,-0.58521307,-0.30202353,-0.30426502,-0.4311717,-0.3145891,-0.32582095,-0.7519482,-0.16359778,-0.4012259,-0.6537803,-0.094206415,-0.37066242,-0.52801275,-0.11691525,-0.3413116,H
0.0,0.0,0.0,-0.14117388,-0.4430433,0.0120686265,-0.40825486,-0.7231928,-0.051776625,-0.69620603,-0.8114854,-0.1303897,-0.89055246,-0.85437554,-0.22553451,-0.51136804,-1.0405018,-0.16493624,-0.9710834,-0.96486306,-0.30781287,-1.2330717,-0.8806763,-0.4026455,-1.4494251,-0.8141751,-0.4644315,-0.47649196,-0.84299,-0.24964654,-1.0192443,-0.6772505,-0.38495246,-1.3251898,-0.55847937,-0.44584233,-1.5689682,-0.4875666,-0.4948447,-0.44197625,-0.5595401,-0.3271452,-0.8856309,-0.23489743,-0.4555606,-0.75583905,-0.099470325,-0.43343198,-0.60580105,-0.10263606,-0.40744352,-0.41797924,-0.24433856,-0.4021699,-0.7824126,-0.005343653,-0.5055553,-0.68777657,0.113360174,-0.47235018,-0.550846,0.11027786,-0.43545875,H
0.0,0.0,0.0,-0.13186103,-0.44157448,0.003270458,-0.44428796,-0.6646588,-0.06941923,-0.7585573,-0.6082589,-0.15416585,-0.9589929,-0.488541,-0.2562157,-0.5676721,-1.0525237,-0.16067727,-1.0305485,-0.9146647,-0.27695778,-1.282017,-0.81468076,-0.3685558,-1.4959418,-0.74695086,-0.43403038,-0.5563002,-0.7958823,-0.23895906,-1.1020875,-0.6302837,-0.3453455,-1.4102122,-0.5182425,-0.41173556,-1.6536645,-0.4319861,-0.47136497,-0.53256565,-0.47481605,-0.30585548,-0.94323593,-0.2019763,-0.39857262,-0.78996414,-0.13993947,-0.38148618,-0.63431615,-0.15905651,-0.3669523,-0.51594836,-0.1326415,-0.37171784,-0.82213455,0.036960576,-0.4424563,-0.6978281,0.09003843,-0.4025659,-0.5581203,0.06304531,-0.36735797,H
0.0,0.0,0.0,-0.22705655,-0.4480276,0.00991225,-0.5853162,-0.6348932,-0.06274349,-0.91325915,-0.5728757,-0.14283326,-1.117311,-0.4277684,-0.24043153,-0.70994496,-0.94464016,-0.21243984,-1.1964487,-0.7367872,-0.33416346,-1.4456185,-0.56879103,-0.4167825,-1.6633757,-0.43822673,-0.47439516,-0.6664889,-0.68926513,-0.2840882,-1.2094724,-0.39168224,-0.401169,-1.5089537,-0.18720205,-0.4569205,-1.7611531,-0.0389268,-0.5080399,-0.6122924,-0.36292368,-0.3377499,-1.0100297,-0.012061723,-0.42656982,-0.8493535,0.0028447926,-0.39409164,-0.6964964,-0.07505639,-0.3710213,-0.5680289,-0.029547699,-0.3884692,-0.867964,0.19738589,-0.44730458,-0.7422807,0.20082416,-0.3931951,-0.60913736,0.11419713,-0.34857932,H
0.0,0.0,0.0,-0.320663,-0.41577536,0.000728639,-0.7466876,-0.47852576,-0.0707462,-1.0813227,-0.23176587,-0.14697178,-1.2499031,0.04293107,-0.24057257,-0.94308156,-0.7030336,-0.21951278,-1.4205662,-0.25411424,-0.33473468,-1.6562521,0.025733363,-0.41141775,-1.8591129,0.2298792,-0.46477267,-0.8623079,-0.41610697,-0.28858277,-1.3962392,0.101356715,-0.40284088,-1.6830047,0.41389704,-0.46163246,-1.9148635,0.65194815,-0.5124626,-0.7474784,-0.084344216,-0.33759412,-1.0942035,0.40344843,-0.43791413,-0.9258417,0.35309625,-0.4089528,-0.7776079,0.23658368,-0.37978733,-0.63191146,0.24786527,-0.3829549,-0.909497,0.5441381,-0.45149273,-0.7679652,0.505435,-0.39154065,-0.63678646,0.39820307,-0.3372749,H
0.0,0.0,0.0,-0.3280637,-0.39362514,0.0031375028,-0.76023775,-0.45618653,-0.07062464,-1.1064987,-0.19799039,-0.14790888,-1.2750418,0.088074535,-0.24195294,-0.93677515,-0.7059714,-0.2362235,-1.4381201,-0.25521886,-0.36372253,-1.6871458,0.02945996,-0.4445387,-1.893624,0.2401332,-0.49758607,-0.8568377,-0.41267237,-0.30908012,-1.4165001,0.10727339,-0.43300572,-1.705533,0.4230173,-0.48939052,-1.9322919,0.65915185,-0.5356212,-0.74615365,-0.07597584,-0.3617639,-1.1127099,0.3998223,-0.46662328,-0.9460688,0.36644456,-0.43011513,-0.7949363,0.26163042,-0.39303333,-0.63299936,0.26457274,-0.41077492,-0.9257231,0.54497457,-0.47730237,-0.7860845,0.5211996,-0.4118672,-0.6541327,0.4253767,-0.35266864,H
0.0,0.0,0.0,-0.12633495,-0.42747498,-0.032665566,-0.38632512,-0.6810312,-0.13388531,-0.6911817,-0.67444366,-0.23906061,-0.899464,-0.5940542,-0.3599341,-0.4646209,-1.0832517,-0.22934909,-0.9070511,-0.9858737,-0.35254064,-1.1649996,-0.9157617,-0.43964887,-1.384089,-0.87422734,-0.50547475,-0.4247073,-0.8563347,-0.2937936,-0.97017825,-0.70360744,-0.41609752,-1.2892127,-0.6230742,-0.47889546,-1.539062,-0.5671101,-0.53819746,-0.3962301,-0.5428143,-0.34755108,-0.88540906,-0.27053425,-0.446829,-0.76822513,-0.1902482,-0.42306826,-0.6125343,-0.19563723,-0.40757403,-0.39575166,-0.2123533,-0.4029787,-0.77190536,-0.023022184,-0.48955923,-0.6801393,0.024274537,-0.4613914,-0.53888994,-0.01268801,-0.43454486,H
0.0,0.0,0.0,-0.06240845,-0.4126513,0.02741256,-0.20962517,-0.7936585,-0.02202475,-0.4241243,-0.9644486,-0.09119416,-0.6150962,-1.0134724,-0.17015865,-0.19644544,-1.0968916,-0.10939482,-0.5883978,-1.261423,-0.22540258,-0.81541276,-1.3175371,-0.30380446,-1.0042881,-1.3565937,-0.35330266,-0.21617202,-0.95753825,-0.1907622,-0.6594783,-1.096179,-0.31118459,-0.9338006,-1.1784265,-0.38033566,-1.1556996,-1.2461607,-0.4297867,-0.25669822,-0.7361125,-0.2626232,-0.6893691,-0.6614473,-0.35183424,-0.62935394,-0.48353952,-0.3292234,-0.51760274,-0.4091974,-0.30502728,-0.3209669,-0.49407247,-0.33392292,-0.6556302,-0.44041747,-0.3905437,-0.60010594,-0.33181763,-0.35348555,-0.48508227,-0.2946307,-0.31829104,H
0.0,0.0,0.0,-0.023352455,-0.40913546,0.055638764,-0.11644719,-0.761015,0.019071508,-0.2837977,-0.93735194,-0.044861518,-0.42387065,-1.023514,-0.117460504,-0.087228194,-1.074052,-0.0837232,-0.45812666,-1.290845,-0.18417864,-0.66735816,-1.3771843,-0.25013202,-0.84076583,-1.4406619,-0.29380223,-0.12099141,-0.9775338,-0.17259409,-0.5181956,-1.166938,-0.28979754,-0.7775799,-1.2862422,-0.3636901,-0.9859012,-1.3714306,-0.41575882,-0.1934964,-0.78830075,-0.24785165,-0.5662916,-0.7621011,-0.32099184,-0.5199225,-0.559051,-0.29540733,-0.41892484,-0.4548925,-0.27244577,-0.28476694,-0.57782555,-0.32138586,-0.5729718,-0.5443099,-0.3664261,-0.5324234,-0.4138495,-0.3324941,-0.4386336,-0.34165844,-0.3005792,H
0.0,0.0,0.0,0.06379844,-0.43559408,0.059307344,-0.015961424,-0.8266858,0.03553752,-0.19520251,-1.0467583,-0.0054199933,-0.37597486,-1.1099905,-0.060190473,0.04028669,-1.1130849,-0.08849925,-0.33111376,-1.3781649,-0.14910497,-0.539239,-1.502771,-0.19150075,-0.7002091,-1.6289629,-0.22185165,-0.113141656,-0.98038226,-0.16139878,-0.49896973,-1.242365,-0.21394144,-0.74028236,-1.3915073,-0.24575524,-0.92474896,-1.5282141,-0.27617535,-0.27111965,-0.79726434,-0.21789344,-0.5570371,-0.86704063,-0.24578373,-0.49761292,-0.71572334,-0.22117694,-0.4061324,-0.61439717,-0.20607673,-0.4273349,-0.59706116,-0.27184477,-0.5986092,-0.63954675,-0.27653244,-0.55707735,-0.51684874,-0.23317777,-0.4880626,-0.44349042,-0.19974804,H
0.0,0.0,0.0,0.07376065,-0.43368146,0.043172926,-0.016600197,-0.83637816,0.014022911,-0.21475096,-1.0562053,-0.028872311,-0.4128557,-1.1137537,-0.08340023,0.040905356,-1.1107931,-0.11449458,-0.34257352,-1.4094018,-0.18336499,-0.5560786,-1.5379473,-0.22666839,-0.7212773,-1.6635499,-0.2547817,-0.115402855,-0.97748417,-0.17665462,-0.49819827,-1.2727118,-0.23926866,-0.7375103,-1.4348649,-0.27607566,-0.922154,-1.5745931,-0.30574882,-0.27344552,-0.7927248,-0.22191715,-0.52701205,-0.8543685,-0.25800997,-0.44797078,-0.70328486,-0.24021438,-0.34638783,-0.598519,-0.22486793,-0.4252048,-0.59566045,-0.26535073,-0.5390902,-0.6167945,-0.2761284,-0.47333294,-0.49603915,-0.24150982,-0.3920073,-0.42674562,-0.2115659,H
0.0,0.0,0.0,0.0709316,-0.43109512,0.014151971,-0.025585562,-0.8458868,-0.020943582,-0.27516168,-1.0336585,-0.065279596,-0.48977023,-1.0599594,-0.11871778,0.052377634,-1.1209751,-0.11189074,-0.33402497,-1.4075774,-0.19164294,-0.5495944,-1.5474403,-0.24470855,-0.7190361,-1.6829633,-0.2800463,-0.11614757,-0.9790861,-0.16703348,-0.49143437,-1.2902248,-0.24159122,-0.7254585,-1.4689335,-0.2880194,-0.9097419,-1.6246612,-0.32281134,-0.2762619,-0.7931296,-0.21091612,-0.54275036,-0.88018435,-0.2760774,-0.45813224,-0.7201302,-0.27138504,-0.34923625,-0.61094904,-0.25694916,-0.43213788,-0.590705,-0.25441658,-0.5549153,-0.6344177,-0.2956117,-0.4846809,-0.51084256,-0.2747904,-0.39851907,-0.4390943,-0.2504301,H
0.0,0.0,0.0,0.08976859,-0.41023368,0.0030465273,0.009941381,-0.8569513,-0.035738084,-0.25675634,-1.0948448,-0.07724203,-0.4898774,-1.1615024,-0.12643899,0.18302761,-1.088579,-0.1221113,-0.19228257,-1.4443842,-0.19474745,-0.4010172,-1.6144261,-0.24311572,-0.5571032,-1.771643,-0.27550992,0.00038992424,-0.9863054,-0.16492882,-0.36936653,-1.3559682,-0.23223987,-0.58863413,-1.5559905,-0.27665296,-0.7570362,-1.7382158,-0.31163028,-0.18073359,-0.8541977,-0.19608547,-0.4741037,-0.9918632,-0.25647217,-0.420453,-0.80503637,-0.2537121,-0.33862323,-0.6822618,-0.24116571,-0.3659719,-0.7072092,-0.22632283,-0.51198334,-0.78805643,-0.26145503,-0.46708503,-0.64491713,-0.23909354,-0.40149614,-0.5576409,-0.21455507,H
0.0,0.0,0.0,0.1263475,-0.40475264,0.029691154,0.07017004,-0.79864866,0.0006076583,-0.12592334,-1.0527552,-0.03940005,-0.31857064,-1.1523701,-0.08713733,0.22217055,-1.0275024,-0.091425784,-0.10655917,-1.4077171,-0.15728317,-0.2919691,-1.5721496,-0.19474727,-0.42796788,-1.7155479,-0.21563907,0.07776429,-0.9873107,-0.13845685,-0.28912115,-1.3287048,-0.19326557,-0.4791574,-1.4984723,-0.22052667,-0.60708445,-1.6665514,-0.24299811,-0.08815316,-0.89826995,-0.17375359,-0.40217218,-0.98141843,-0.21170989,-0.417218,-0.77772266,-0.20024396,-0.37326175,-0.6413001,-0.18920991,-0.26523155,-0.780587,-0.20782405,-0.4647531,-0.74581385,-0.2242474,-0.46776092,-0.588643,-0.20228931,-0.42170966,-0.49809384,-0.18131919,H
0.0,0.0,0.0,0.049894005,-0.40927225,0.0044179307,-0.03605938,-0.79608625,-0.043148007,-0.24468726,-1.0182393,-0.10121004,-0.4327561,-1.1209062,-0.16787666,0.15378468,-1.0603938,-0.105324216,-0.19209434,-1.3676664,-0.21589193,-0.4068633,-1.4956425,-0.2900028,-0.56914294,-1.6013674,-0.33207682,0.0529395,-0.98588586,-0.15882875,-0.3157616,-1.2638319,-0.25185087,-0.5352365,-1.4063083,-0.30414605,-0.6938468,-1.5366604,-0.3403518,-0.0774833,-0.8618364,-0.20742764,-0.43389136,-0.9076825,-0.28885457,-0.4599512,-0.7016129,-0.28783065,-0.4154348,-0.5529849,-0.27506405,-0.23044227,-0.71205634,-0.25744292,-0.4868215,-0.66901654,-0.31935576,-0.50298357,-0.51567084,-0.31182927,-0.4633162,-0.41057706,-0.29312593,H
0.0,0.0,0.0,-0.0023451035,-0.47273156,0.026113328,-0.1358235,-0.852603,-0.028667532,-0.3422657,-1.0405788,-0.0971078,-0.5349509,-1.0739113,-0.18131365,-0.12883897,-1.1484505,-0.14748198,-0.5624625,-1.3192896,-0.26995158,-0.81444824,-1.3654214,-0.36033273,-1.0197251,-1.3948437,-0.41636488,-0.21131256,-0.9507518,-0.22675544,-0.66093624,-1.1084077,-0.32934433,-0.95344174,-1.1741346,-0.38196206,-1.1837698,-1.2373918,-0.4268135,-0.30872118,-0.6977527,-0.29566494,-0.6886043,-0.7401869,-0.3737942,-0.63951975,-0.6136948,-0.3482656,-0.5346864,-0.54623586,-0.32791328,-0.4182678,-0.4358938,-0.36344573,-0.7047702,-0.51531094,-0.4121818,-0.65478766,-0.42629206,-0.36501354,-0.55352026,-0.3801168,-0.32460073,H
0.0,0.0,0.0,-0.073175974,-0.48905474,0.01854783,-0.2675433,-0.9317748,-0.025149157,-0.44206655,-1.231745,-0.07253652,-0.5281156,-1.448502,-0.13547675,-0.34690145,-1.128726,-0.2201795,-0.8217917,-1.1746621,-0.35500905,-1.1097876,-1.1627357,-0.45309272,-1.345594,-1.1511184,-0.5197021,-0.40430075,-0.8676584,-0.28932637,-0.9614051,-0.87765443,-0.38536882,-1.2958896,-0.85444945,-0.43270132,-1.5508353,-0.84578747,-0.48670906,-0.45892456,-0.56696707,-0.34369606,-0.9417895,-0.51228315,-0.4197811,-0.82002866,-0.40324652,-0.37489924,-0.66184604,-0.36935702,-0.34928623,-0.5172778,-0.2540108,-0.3962681,-0.8704144,-0.24803197,-0.46235684,-0.7766211,-0.1710358,-0.41155103,-0.641641,-0.16946338,-0.3683521,H
0.0,0.0,0.0,-0.11248265,-0.47187865,-0.011801618,-0.35501808,-0.86347747,-0.08614006,-0.60385466,-1.0758026,-0.16187373,-0.7493797,-1.2412914,-0.25261497,-0.38307613,-1.1163019,-0.23037818,-0.85130143,-1.1292042,-0.3618011,-1.1273651,-1.1070716,-0.45073003,-1.3535311,-1.095413,-0.51204765,-0.40255186,-0.8675673,-0.2920258,-0.95218855,-0.8184039,-0.40837634,-1.2856934,-0.7730014,-0.4599187,-1.5399743,-0.74064,-0.5114387,-0.43380484,-0.5625381,-0.34122825,-0.931383,-0.46982276,-0.4356385,-0.82696426,-0.3852274,-0.392806,-0.67963845,-0.35539135,-0.36215577,-0.4789491,-0.25066328,-0.38990468,-0.86567706,-0.22684065,-0.46750137,-0.7901916,-0.17480257,-0.4209133,-0.6611985,-0.17308305,-0.37695697,H
0.0,0.0,0.0,-0.08814009,-0.4516212,-0.03579467,-0.34700844,-0.80313545,-0.1328026,-0.6392989,-0.93209285,-0.22969519,-0.8130355,-0.9566506,-0.34451315,-0.34176603,-1.1298345,-0.27179766,-0.8270546,-1.1624291,-0.4249885,-1.113751,-1.1308632,-0.5314946,-1.3515099,-1.1028044,-0.60504353,-0.3573423,-0.869988,-0.33974606,-0.9258681,-0.86289185,-0.48154193,-1.275514,-0.8218335,-0.5527412,-1.5539918,-0.7861818,-0.6163931,-0.39159113,-0.5410402,-0.3960745,-0.9233445,-0.49033162,-0.5221961,-0.8141884,-0.39581954,-0.48930216,-0.6552727,-0.3588969,-0.45972547,-0.44987762,-0.2083554,-0.45230445,-0.88489354,-0.231827,-0.5561939,-0.81487584,-0.16786428,-0.5100876,-0.676866,-0.1501928,-0.4646992,H
0.0,0.0,0.0,-0.120481975,-0.43826216,0.0062595746,-0.37907332,-0.7370569,-0.07384374,-0.67932546,-0.80007577,-0.16474177,-0.88773644,-0.76341844,-0.27244988,-0.32744756,-1.1505803,-0.19014458,-0.7846183,-1.1755794,-0.33145216,-1.0549661,-1.1621726,-0.43886238,-1.2713791,-1.147468,-0.5141392,-0.30327594,-0.91223246,-0.27541912,-0.8494996,-0.9063695,-0.39999282,-1.1601825,-0.86476237,-0.46785095,-1.3884304,-0.8220923,-0.53129554,-0.3112708,-0.6026286,-0.3511541,-0.8469908,-0.5545529,-0.45837584,-0.7844681,-0.41429362,-0.42831105,-0.64424413,-0.34093374,-0.40609798,-0.3524386,-0.28028822,-0.42506132,-0.7974337,-0.27924412,-0.51511544,-0.7604195,-0.19744681,-0.47663125,-0.62671447,-0.16968508,-0.44073004,H
0.0,0.0,0.0,-0.070875496,-0.44604617,-0.005554756,-0.3600111,-0.73308116,-0.061837487,-0.68746704,-0.74782544,-0.121421665,-0.9098415,-0.64835876,-0.19244468,-0.32138184,-1.1064452,-0.13612425,-0.7839955,-1.0964824,-0.23447695,-1.0366844,-1.0640984,-0.31191498,-1.2441602,-1.0574402,-0.36644483,-0.40880948,-0.89375335,-0.18460687,-0.9090791,-0.8431216,-0.2722862,-1.2056746,-0.7891887,-0.32404426,-1.4303477,-0.7742649,-0.37201557,-0.49172604,-0.6356218,-0.22360078,-0.88282067,-0.52825975,-0.29541326,-0.7824207,-0.37629128,-0.27596074,-0.65063024,-0.3051922,-0.2602149,-0.574373,-0.35919595,-0.2637004,-0.83179456,-0.28556445,-0.32074106,-0.74679303,-0.1798245,-0.29231447,-0.6337537,-0.15566206,-0.2640706,H
0.0,0.0,0.0,-0.093775906,-0.46322176,-0.013404609,-0.38137758,-0.73795027,-0.08547542,-0.7181585,-0.74955344,-0.16153757,-0.93091655,-0.6707781,-0.25051513,-0.39739862,-1.0817823,-0.19871964,-0.88242793,-1.0773389,-0.3293985,-1.1497412,-1.039989,-0.4169235,-1.3750961,-1.0229204,-0.47276318,-0.47242662,-0.8433699,-0.25600836,-1.0067693,-0.79644346,-0.3760764,-1.3227677,-0.73971564,-0.43418652,-1.5730145,-0.7253062,-0.47997418,-0.5343419,-0.5569788,-0.30149254,-0.92942667,-0.34876072,-0.39177996,-0.8060187,-0.23356898,-0.3656027,-0.65977234,-0.22427383,-0.34012,-0.5953931,-0.251666,-0.3485012,-0.87221056,-0.12208651,-0.40083823,-0.7705065,-0.038567256,-0.35322174,-0.64468354,-0.049726035,-0.31136838,H
0.0,0.0,0.0,-0.1383062,-0.43808892,-0.0011433421,-0.46024808,-0.7231745,-0.08477449,-0.82185435,-0.7394824,-0.17292988,-1.0929259,-0.7432693,-0.27523857,-0.41899115,-1.1142366,-0.23278205,-0.9167504,-1.1005956,-0.36970186,-1.2173935,-1.0661542,-0.46319112,-1.4620595,-1.0545008,-0.5304753,-0.42549282,-0.847632,-0.3169791,-1.0532779,-0.82097274,-0.4329548,-1.392813,-0.77090347,-0.48801094,-1.6382403,-0.75419194,-0.5449225,-0.43594941,-0.5223568,-0.38725317,-0.9706194,-0.3994848,-0.49120829,-0.84696436,-0.29715022,-0.44766274,-0.6773383,-0.283256,-0.4171304,-0.46619576,-0.18586983,-0.45544925,-0.86827415,-0.13991559,-0.54985577,-0.77030927,-0.05563578,-0.5009571,-0.62144876,-0.053256184,-0.45593923,H
0.0,0.0,0.0,-0.113422506,-0.48832363,-0.02656629,-0.39487582,-0.94147855,-0.12076124,-0.6597628,-1.2265815,-0.21114567,-0.7881427,-1.4422586,-0.32201484,-0.3676102,-1.1291105,-0.34579948,-0.88119334,-1.1690778,-0.51184314,-1.1916116,-1.1469467,-0.6161546,-1.4514416,-1.1333168,-0.6905481,-0.38595703,-0.8208071,-0.42108533,-1.0159929,-0.81660116,-0.55864745,-1.3782762,-0.79530495,-0.61241865,-1.6497083,-0.77749735,-0.6739475,-0.41432002,-0.4583826,-0.48079303,-0.9861367,-0.43060726,-0.59815705,-0.90530384,-0.3737996,-0.54742867,-0.76038855,-0.34679967,-0.51467687,-0.46352768,-0.1032721,-0.5396052,-0.912968,-0.13165079,-0.646463,-0.88874537,-0.09713804,-0.60330355,-0.7879116,-0.08175307,-0.563606,H
0.0,0.0,0.0,-0.13353656,-0.4753908,-0.060119577,-0.4173243,-0.88549,-0.17310962,-0.6771246,-1.1032305,-0.28677893,-0.79703623,-1.2796644,-0.41696763,-0.39141142,-1.1202586,-0.3112951,-0.8847734,-1.1532321,-0.5046552,-1.1899642,-1.1393559,-0.63129395,-1.4434437,-1.1213979,-0.7202199,-0.4055185,-0.82900673,-0.38510084,-1.0267388,-0.8092515,-0.5561715,-1.3699659,-0.79290223,-0.63106924,-1.6315058,-0.8026681,-0.700488,-0.41727114,-0.48353612,-0.4541799,-0.9637726,-0.3597872,-0.60701996,-0.81313694,-0.27744743,-0.5649079,-0.62500805,-0.28151056,-0.5316943,-0.43714225,-0.13326026,-0.52626806,-0.83773375,-0.072175846,-0.6561414,-0.7136113,-0.02048008,-0.6152177,-0.5437267,-0.041239183,-0.5755067,H
0.0,0.0,0.0,-0.1027319,-0.47012633,-0.008536362,-0.33115065,-0.86267954,-0.09244033,-0.5917149,-1.0896142,-0.18270811,-0.7610895,-1.2509681,-0.28941062,-0.36341614,-1.1101228,-0.2551367,-0.8631401,-1.1644404,-0.41674036,-1.1508647,-1.1453365,-0.5173836,-1.3852637,-1.1246269,-0.5840571,-0.36728516,-0.8668717,-0.33709812,-0.95928013,-0.8598043,-0.48055172,-1.2935301,-0.8171726,-0.5369444,-1.5565625,-0.8004489,-0.58971936,-0.38000882,-0.55528206,-0.4090523,-0.93002266,-0.44157276,-0.528376,-0.80460215,-0.33289266,-0.48041105,-0.6438945,-0.32070124,-0.44503725,-0.41161525,-0.23439941,-0.48084527,-0.84556526,-0.1786599,-0.5770662,-0.75724524,-0.1177465,-0.5303103,-0.6156973,-0.1337164,-0.4880253,H
0.0,0.0,0.0,-0.08912622,-0.46110088,0.015177929,-0.28942478,-0.8678741,-0.035932045,-0.49171093,-1.1414022,-0.09673829,-0.6070467,-1.3583069,-0.17543195,-0.3321863,-1.1126158,-0.18660764,-0.7903887,-1.1553899,-0.30948162,-1.0604745,-1.1446896,-0.3858247,-1.2730579,-1.1562468,-0.4366224,-0.3350441,-0.9047424,-0.26303366,-0.87374496,-0.9110511,-0.36879066,-1.2013023,-0.8903056,-0.41097894,-1.4464849,-0.8799355,-0.45257378,-0.35642508,-0.6207061,-0.32857022,-0.86249965,-0.5164321,-0.42581794,-0.83090323,-0.3567455,-0.39283565,-0.7302476,-0.26902628,-0.36606908,-0.4001405,-0.30932325,-0.39177945,-0.8193488,-0.23216929,-0.47426203,-0.82809,-0.13313198,-0.44172493,-0.7633849,-0.08085022,-0.4078111,H
0.0,0.0,0.0,-0.10257267,-0.4531994,0.028997123,-0.2806445,-0.88112533,-0.014394425,-0.4026864,-1.1987058,-0.07311095,-0.44140077,-1.4704134,-0.14880513,-0.35673967,-1.1009706,-0.15985167,-0.7819096,-1.1937469,-0.28340912,-1.0327524,-1.2180023,-0.3622824,-1.2362547,-1.2462536,-0.4150235,-0.3721588,-0.89454705,-0.247555,-0.9131608,-0.9391244,-0.36185345,-1.2269511,-0.93435216,-0.41240484,-1.4589298,-0.9356771,-0.4552448,-0.3958076,-0.6149775,-0.32486305,-0.902372,-0.5159387,-0.4363165,-0.821851,-0.36475816,-0.4019315,-0.6872699,-0.30242735,-0.36716393,-0.43327987,-0.30026168,-0.39910442,-0.8423183,-0.24654837,-0.4925709,-0.805581,-0.11880391,-0.4536733,-0.70357156,-0.062933594,-0.41080314,H
0.0,0.0,0.0,-0.093656704,-0.4180659,-0.013279888,-0.3352649,-0.76520133,-0.080307625,-0.62715846,-0.86818826,-0.15282442,-0.8537057,-0.8873395,-0.2340916,-0.32258177,-1.1272057,-0.14703791,-0.75214064,-1.1702706,-0.25947,-0.9979739,-1.1807858,-0.3425423,-1.1950146,-1.1937217,-0.4018382,-0.32731572,-0.9218028,-0.20771141,-0.81310004,-0.93647444,-0.31985927,-1.0924709,-0.936181,-0.38383737,-1.3234026,-0.9472038,-0.437271,-0.34795156,-0.6546144,-0.26165757,-0.80483615,-0.55699056,-0.3616272,-0.7061716,-0.4374754,-0.3418476,-0.576036,-0.40397868,-0.32185626,-0.38570395,-0.36855334,-0.3152315,-0.74857056,-0.33898187,-0.39012504,-0.67432374,-0.26077887,-0.3526878,-0.550284,-0.24970675,-0.3165023,H
0.0,0.0,0.0,-0.08127008,-0.4438475,0.020021504,-0.27394888,-0.7899607,-0.028873062,-0.5191665,-0.9071931,-0.09367631,-0.7166668,-0.91273785,-0.17253427,-0.25725535,-1.1499121,-0.0967167,-0.6284106,-1.1968265,-0.18256305,-0.84880835,-1.1908882,-0.25077102,-1.0338943,-1.1907513,-0.3022262,-0.24958995,-0.9537778,-0.16737041,-0.71631277,-0.93300563,-0.2604018,-0.9825658,-0.8873803,-0.3197896,-1.1970236,-0.87078834,-0.3708561,-0.25712693,-0.68329656,-0.22868572,-0.6836203,-0.5892821,-0.30823743,-0.60169566,-0.47684398,-0.2964739,-0.47859484,-0.43774948,-0.2877956,-0.289089,-0.40071374,-0.2869764,-0.62616795,-0.37678868,-0.34933865,-0.5818356,-0.31870613,-0.31930065,-0.47976658,-0.32155505,-0.2917988,H
0.0,0.0,0.0,-0.09232473,-0.43903744,0.025194405,-0.28479794,-0.7514725,-0.03136921,-0.5396276,-0.8081568,-0.10737627,-0.73123044,-0.7845307,-0.19718508,-0.23248516,-1.1663904,-0.08879462,-0.6160154,-1.2040871,-0.1873988,-0.83941096,-1.1996975,-0.26746574,-1.0200688,-1.2040622,-0.32696933,-0.2058614,-0.9625151,-0.17659456,-0.69205767,-0.9552591,-0.26490772,-0.9532561,-0.95274043,-0.32433552,-1.1578087,-0.95635897,-0.3809919,-0.20465846,-0.68571585,-0.25947547,-0.65942353,-0.5763945,-0.33648244,-0.5686041,-0.5000771,-0.32831728,-0.43630588,-0.48891705,-0.32713717,-0.22958769,-0.39688823,-0.3402034,-0.60187954,-0.35570818,-0.40187153,-0.5688436,-0.30256233,-0.3750519,-0.47541362,-0.30070657,-0.35452247,H
0.0,0.0,0.0,-0.078214966,-0.45978498,0.018489799,-0.3084544,-0.77850014,-0.04318763,-0.5907789,-0.84771824,-0.11765737,-0.79675084,-0.7916084,-0.2087597,-0.2850978,-1.1557024,-0.14765105,-0.68829465,-1.1591116,-0.24745235,-0.93365633,-1.140438,-0.32100946,-1.1331109,-1.1346529,-0.3779762,-0.26164475,-0.9377125,-0.2285546,-0.7669766,-0.90138394,-0.3300747,-1.0635267,-0.86536676,-0.38264757,-1.3009266,-0.83511895,-0.43433017,-0.26420793,-0.63569295,-0.2980599,-0.74810255,-0.51969045,-0.38116327,-0.687626,-0.4030796,-0.35439026,-0.57420313,-0.34958738,-0.33869398,-0.29136345,-0.31906265,-0.36571094,-0.68500763,-0.27667418,-0.4319599,-0.6830233,-0.23159063,-0.39764744,-0.61002344,-0.23663552,-0.3700951,H
0.0,0.0,0.0,-0.064068675,-0.47025877,0.003257884,-0.2891014,-0.7985995,-0.068076156,-0.5639133,-0.86501336,-0.15281536,-0.77745754,-0.80162877,-0.25502107,-0.33256108,-1.1361588,-0.14986038,-0.77991724,-1.0966941,-0.2602033,-1.0267681,-1.0720018,-0.33485386,-1.2322195,-1.0586381,-0.39064118,-0.34019968,-0.91156065,-0.23091412,-0.85749424,-0.84054595,-0.34607458,-1.1447486,-0.77820456,-0.4005427,-1.3777857,-0.7490966,-0.4484987,-0.3533443,-0.61214197,-0.30458042,-0.81166553,-0.48085374,-0.41397685,-0.6885503,-0.3663289,-0.3952363,-0.5365628,-0.35035092,-0.37727484,-0.37445602,-0.30133864,-0.37623873,-0.7201354,-0.23426345,-0.46373776,-0.630447,-0.17043442,-0.43345174,-0.49685624,-0.18750426,-0.4039366,H
0.0,0.0,0.0,-0.08904414,-0.48292455,0.012879885,-0.33149472,-0.79204214,-0.039752707,-0.6181772,-0.8762525,-0.1042328,-0.8397386,-0.84712744,-0.18484841,-0.39739475,-1.0993952,-0.12884258,-0.8470324,-1.073601,-0.23956923,-1.0969161,-1.0467765,-0.32517055,-1.2985739,-1.034547,-0.38445637,-0.41528827,-0.88809526,-0.19703397,-0.9392145,-0.7865322,-0.29434705,-1.233793,-0.729039,-0.34597158,-1.460112,-0.68996215,-0.39453208,-0.4343745,-0.60674286,-0.25781873,-0.87629735,-0.42099366,-0.33976093,-0.8005474,-0.33241224,-0.32126296,-0.6819828,-0.31029582,-0.30797902,-0.46289077,-0.30524343,-0.31831488,-0.8038635,-0.20271277,-0.38406268,-0.7546715,-0.1401772,-0.35517251,-0.6577064,-0.1353289,-0.32714674,H
0.0,0.0,0.0,-0.07256757,-0.47522116,0.0073643033,-0.2866486,-0.85532176,-0.03716779,-0.5125463,-1.0891838,-0.08947335,-0.6571596,-1.2821649,-0.15864417,-0.36095884,-1.0876105,-0.16383246,-0.815779,-1.0739888,-0.28137493,-1.0719718,-1.0383024,-0.3591073,-1.2860479,-1.0225111,-0.41165614,-0.39142096,-0.89132404,-0.22875991,-0.9258527,-0.8062512,-0.3301906,-1.2322893,-0.7408518,-0.37712747,-1.4693649,-0.7085691,-0.42271048,-0.42404658,-0.6198198,-0.28483084,-0.87236434,-0.41235748,-0.37765676,-0.764035,-0.29746985,-0.35029802,-0.624405,-0.2839717,-0.32981983,-0.46464178,-0.31332168,-0.33962274,-0.83070946,-0.1597486,-0.41825044,-0.7670719,-0.057963528,-0.38517338,-0.65387523,-0.048135933,-0.35316816,H
0.0,0.0,0.0,-0.12917505,-0.45492744,0.013048012,-0.4504359,-0.71959215,-0.07274938,-0.8113591,-0.69240546,-0.1685438,-1.0395865,-0.5497987,-0.28352007,-0.43067443,-1.0949817,-0.23529166,-0.9419556,-1.065204,-0.3798981,-1.2378848,-1.00334,-0.48949134,-1.4740211,-0.95089424,-0.56773764,-0.4465728,-0.83541757,-0.32039058,-1.0348446,-0.7523286,-0.46166474,-1.3858843,-0.6640192,-0.5388088,-1.6461061,-0.5970163,-0.6073158,-0.47339436,-0.51642436,-0.38705134,-0.9909974,-0.37593213,-0.48070908,-0.8683493,-0.2562831,-0.43197367,-0.7081857,-0.21311177,-0.3985632,-0.5105604,-0.19780461,-0.45295072,-0.89906585,-0.12377617,-0.5162458,-0.82251674,-0.06339748,-0.45826057,-0.6966865,-0.07110464,-0.41155,H
0.0,0.0,0.0,-0.15998219,-0.49472287,0.013904127,-0.4782755,-0.798068,-0.08520875,-0.84172255,-0.81616914,-0.18748085,-1.069981,-0.69835025,-0.31010607,-0.53007895,-1.0919071,-0.30510214,-1.0736275,-1.005606,-0.46969375,-1.3871144,-0.9293763,-0.5904631,-1.6343341,-0.85608804,-0.6762756,-0.51633143,-0.7605611,-0.3936351,-1.1425632,-0.65904933,-0.5372815,-1.5176109,-0.5733635,-0.6055228,-1.7943832,-0.49769294,-0.6760769,-0.5146737,-0.39216474,-0.45985726,-1.0801628,-0.25687513,-0.5484016,-0.9416329,-0.20327216,-0.47974673,-0.7547968,-0.2169813,-0.44144163,-0.52138966,-0.046839252,-0.5242032,-0.95826083,0.014227654,-0.5865912,-0.8522705,0.040647697,-0.5133795,-0.69949263,-0.008807204,-0.45942447,H
0.0,0.0,0.0,-0.09973294,-0.48336908,0.015121489,-0.3411504,-0.84544426,-0.062400628,-0.61041933,-0.99877894,-0.1432081,-0.7667789,-1.0555043,-0.2409749,-0.42424917,-1.128364,-0.28535324,-0.92734474,-1.0617743,-0.43381304,-1.2202382,-0.9967571,-0.5367281,-1.4456296,-0.9420251,-0.6101622,-0.42368156,-0.829035,-0.36495885,-0.9898748,-0.7710111,-0.5047283,-1.3352091,-0.7150815,-0.571499,-1.5923384,-0.6719035,-0.6370843,-0.43874687,-0.49462456,-0.42318922,-0.9548379,-0.39071414,-0.5182441,-0.8330755,-0.32514805,-0.45902815,-0.66216606,-0.32002738,-0.4205639,-0.46342495,-0.16963328,-0.4787846,-0.8792608,-0.14484169,-0.54963183,-0.79415566,-0.1131249,-0.48820662,-0.64793974,-0.14842701,-0.43765152,H
0.0,0.0,0.0,-0.10341174,-0.49050543,-0.004830525,-0.31073958,-1.0088128,-0.0730435,-0.4381915,-1.4148989,-0.14862694,-0.47202322,-1.7743295,-0.24437265,-0.34041637,-1.1168133,-0.23191507,-0.8347648,-1.157595,-0.36883605,-1.1179653,-1.1530721,-0.45228088,-1.3422239,-1.1680702,-0.50933737,-0.3697519,-0.8780066,-0.3039539,-0.9306994,-0.8909114,-0.42457965,-1.267805,-0.8891302,-0.4764525,-1.5259033,-0.90859956,-0.5295041,-0.4091749,-0.58062685,-0.36546564,-0.93430793,-0.47560433,-0.47422233,-0.8247069,-0.34470117,-0.43337503,-0.66732955,-0.3080546,-0.40242374,-0.46906173,-0.27432638,-0.4257858,-0.88061917,-0.2295389,-0.5102992,-0.8016309,-0.15116584,-0.46738055,-0.6592493,-0.15467998,-0.4290866,H
0.0,0.0,0.0,-0.049659993,-0.46623185,0.01534021,-0.21643326,-0.8719967,-0.03437463,-0.40356666,-1.1503732,-0.09415753,-0.5255797,-1.3570087,-0.17138663,-0.26419806,-1.1132982,-0.16704135,-0.69257045,-1.213214,-0.28631678,-0.95003676,-1.233275,-0.36165127,-1.1594384,-1.2624669,-0.41064936,-0.28666806,-0.92791617,-0.23831268,-0.8237809,-0.96432763,-0.3409085,-1.1368675,-0.95984536,-0.38323092,-1.3699749,-0.9691754,-0.42296478,-0.328977,-0.671812,-0.2998826,-0.8164867,-0.5434243,-0.39249346,-0.7426857,-0.3831531,-0.3617706,-0.6160224,-0.31947765,-0.33705193,-0.39100966,-0.3886104,-0.35948208,-0.785071,-0.28526753,-0.43636772,-0.7399774,-0.16065797,-0.40084675,-0.6326993,-0.11640009,-0.36546263,H
0.0,0.0,0.0,-0.06828099,-0.45168158,0.03129056,-0.23571919,-0.86370426,0.0023854016,-0.37122574,-1.1625576,-0.040732283,-0.4208725,-1.4145029,-0.0976165,-0.2996152,-1.1065809,-0.12616302,-0.7234436,-1.1945146,-0.23506932,-0.97007805,-1.223919,-0.30223483,-1.1692258,-1.2587293,-0.34708145,-0.33345285,-0.920109,-0.20544748,-0.84633523,-0.9668935,-0.3008815,-1.1287539,-0.9701211,-0.3407466,-1.3373079,-0.9952398,-0.37684232,-0.36829117,-0.6647194,-0.27639505,-0.8308088,-0.5386364,-0.369767,-0.7369756,-0.38477698,-0.34100962,-0.60180926,-0.3430537,-0.31481037,-0.41005337,-0.37064996,-0.3452544,-0.7688556,-0.26884437,-0.42397594,-0.70345956,-0.14771412,-0.39400664,-0.5885738,-0.12196219,-0.36232406,H
0.0,0.0,0.0,-0.03517822,-0.45689744,0.018339755,-0.22323011,-0.8068036,-0.028121628,-0.48098361,-0.93994635,-0.08558825,-0.68141985,-0.9488622,-0.1563307,-0.25037786,-1.1082232,-0.12613416,-0.6958692,-1.209858,-0.23016489,-0.9435241,-1.2436161,-0.30382702,-1.1455702,-1.2796876,-0.35173944,-0.2975203,-0.93577343,-0.18923455,-0.7806989,-0.9960192,-0.28642628,-1.0758086,-1.0090431,-0.33546606,-1.3079164,-1.0340141,-0.3746618,-0.35192814,-0.69599366,-0.24209496,-0.76362926,-0.59428144,-0.31644115,-0.68059623,-0.46315062,-0.29680964,-0.5578106,-0.42369235,-0.27827057,-0.41723222,-0.4297171,-0.2937241,-0.720501,-0.36936492,-0.3395745,-0.6471297,-0.28617105,-0.30050173,-0.53184074,-0.2751726,-0.26538864,H
0.0,0.0,0.0,-0.036520995,-0.4183323,0.029723695,-0.20720154,-0.77297163,-0.006110298,-0.42841345,-0.91252804,-0.061299507,-0.610606,-0.91308147,-0.12837246,-0.22245148,-1.114939,-0.0612974,-0.58555496,-1.2213997,-0.15707944,-0.79626304,-1.2635142,-0.2296357,-0.97985774,-1.2980262,-0.27999055,-0.24669819,-0.95865995,-0.14181338,-0.6802639,-1.0385087,-0.23554152,-0.93489236,-1.0595057,-0.2880042,-1.1474872,-1.094168,-0.32889897,-0.28735265,-0.72775173,-0.21824543,-0.7100551,-0.630332,-0.3071581,-0.61191505,-0.4835774,-0.29875386,-0.479337,-0.44773495,-0.28531048,-0.34419045,-0.46884283,-0.29286456,-0.6640382,-0.417956,-0.35822186,-0.58918595,-0.31193995,-0.33186722,-0.4675473,-0.28767735,-0.30501044,H
0.0,0.0,0.0,-0.04697541,-0.4026941,0.022345657,-0.2406185,-0.73252445,-0.021335706,-0.49553937,-0.8407259,-0.08492074,-0.68418056,-0.8085899,-0.15875271,-0.2202313,-1.1112723,-0.060365677,-0.58500445,-1.2091489,-0.16242494,-0.80737907,-1.2500545,-0.23862587,-0.9936062,-1.2845513,-0.2917315,-0.24607274,-0.95874786,-0.14230491,-0.7101827,-1.0351177,-0.23814018,-0.9525799,-1.0602944,-0.2895942,-1.1448251,-1.1051309,-0.33156365,-0.28664973,-0.7299322,-0.22247173,-0.73295933,-0.61724156,-0.31463653,-0.6374444,-0.45910335,-0.3064737,-0.506135,-0.41873232,-0.29372346,-0.34629142,-0.47073153,-0.3025006,-0.6827254,-0.4065294,-0.36980054,-0.6148484,-0.2987663,-0.3488108,-0.49664664,-0.2778191,-0.327745,H
0.0,0.0,0.0,-0.29236165,-0.13032919,-0.09386486,-0.50648034,-0.3808865,-0.16244182,-0.37918416,-0.67204237,-0.22572897,-0.12708189,-0.73421884,-0.25788957,-0.4144888,-0.8744148,-0.08198537,-0.35947353,-1.0887392,-0.2263263,-0.31076092,-0.7855285,-0.32271072,-0.30547577,-0.5850706,-0.3754635,-0.22746703,-0.9705104,-0.07980164,-0.20449656,-1.1847782,-0.22878282,-0.16286756,-0.776316,-0.2755977,-0.17554705,-0.61372936,-0.28943828,-0.060034342,-1.0161426,-0.095027685,-0.016310655,-1.2889518,-0.2157294,-0.036514148,-0.92234886,-0.17361681,-0.057804253,-0.6504077,-0.11706209,0.112660445,-1.0217761,-0.121785544,0.099995516,-1.4132565,-0.19367701,0.0798868,-1.6458641,-0.1898733,0.04947358,-1.8853872,-0.17420313,I
0.0,0.0,0.0,-0.2927058,-0.11408585,-0.100242764,-0.5153838,-0.38947767,-0.16827126,-0.38810694,-0.6959933,-0.22899333,-0.12659231,-0.7466138,-0.2585665,-0.40814775,-0.87207586,-0.09614392,-0.3795712,-1.090026,-0.2480781,-0.3238942,-0.78909236,-0.34427932,-0.30877793,-0.6042571,-0.39474818,-0.22548707,-0.9701596,-0.08913992,-0.22006305,-1.1873394,-0.23504624,-0.17436531,-0.7828536,-0.26513255,-0.18953192,-0.64506704,-0.26671433,-0.06322049,-1.0157121,-0.10218935,-0.035233237,-1.2819539,-0.22192594,-0.04618841,-0.91514707,-0.16763492,-0.058903303,-0.66109294,-0.10231718,0.10945549,-1.0262731,-0.12788397,0.09519204,-1.4270955,-0.19717471,0.07639581,-1.6607574,-0.18832703,0.05043589,-1.9031025,-0.16886279,I
0.0,0.0,0.0,-0.26703554,-0.15308696,-0.1187889,-0.44473198,-0.47969553,-0.18081786,-0.26656348,-0.7497053,-0.22664894,-0.0058632446,-0.7626855,-0.23713017,-0.30630714,-0.91457576,-0.11960822,-0.22916885,-1.0951347,-0.2544064,-0.2163441,-0.7842583,-0.33425537,-0.2468313,-0.6563664,-0.3847676,-0.12030383,-0.987494,-0.10189461,-0.060193423,-1.1456234,-0.2263722,-0.06953066,-0.75931513,-0.23807694,-0.12285333,-0.7006885,-0.23729719,0.044158556,-0.9947842,-0.10625674,0.13284926,-1.2289925,-0.22116667,0.07904745,-0.8638994,-0.16122814,0.021116497,-0.6508858,-0.09945194,0.21171683,-0.9607628,-0.12470885,0.25152487,-1.317531,-0.20836657,0.26041287,-1.5179796,-0.20780991,0.2582389,-1.7485627,-0.195465,I
0.0,0.0,0.0,-0.2973346,-0.20682453,-0.11111816,-0.46379396,-0.5408161,-0.16526788,-0.25244212,-0.8083166,-0.19905515,0.013305085,-0.821264,-0.19483523,-0.28759617,-0.9564834,-0.12608501,-0.18656275,-1.1609148,-0.27812022,-0.19308768,-0.84450895,-0.37363318,-0.23248239,-0.68320024,-0.43164635,-0.07206658,-0.9915574,-0.10779759,-0.009496889,-1.200289,-0.2478923,-0.043046623,-0.77731436,-0.26985016,-0.09557685,-0.6831796,-0.2748564,0.09788666,-0.987479,-0.11023083,0.19720353,-1.2402307,-0.22916055,0.1200223,-0.86600757,-0.16507721,0.05584793,-0.6404805,-0.10075672,0.27686623,-0.94106257,-0.12638819,0.3406242,-1.3150778,-0.22167142,0.3700235,-1.5253692,-0.22667271,0.38615614,-1.7684404,-0.21740994,I
0.0,0.0,0.0,-0.26287416,-0.2588755,-0.13335228,-0.38002554,-0.60881364,-0.20929258,-0.16135533,-0.7925974,-0.2692767,0.10089692,-0.7666074,-0.29633987,-0.1479688,-0.9842016,-0.14379042,-0.052019056,-1.1102995,-0.28128648,-0.08583786,-0.8078236,-0.3545028,-0.11847193,-0.65946144,-0.3933286,0.050433945,-0.99096143,-0.12430489,0.14005192,-1.1051321,-0.26217842,0.053577144,-0.75472224,-0.28622591,0.0046242126,-0.6650402,-0.2834425,0.21820946,-0.9408893,-0.12560983,0.35270065,-1.1044148,-0.25470528,0.23170175,-0.77133304,-0.21281178,0.14760914,-0.5712704,-0.15152782,0.36921835,-0.8402708,-0.1401007,0.49435702,-1.157326,-0.22724485,0.5474137,-1.347963,-0.22724026,0.60312843,-1.5608671,-0.20826308,I
0.0,0.0,0.0,-0.25381884,-0.26328138,-0.14869402,-0.36077315,-0.61275893,-0.2348684,-0.14339626,-0.7992158,-0.3026779,0.11368968,-0.7639347,-0.33567995,-0.13424931,-0.9955188,-0.18003231,-0.023520047,-1.1305702,-0.31946176,-0.06400372,-0.79908806,-0.37886554,-0.10590374,-0.6390659,-0.41117427,0.074234016,-0.9842846,-0.16022833,0.17022645,-1.1085844,-0.30926144,0.080707446,-0.724062,-0.32527167,0.022835957,-0.6293524,-0.31842378,0.24849126,-0.9145178,-0.161777,0.38339052,-1.072912,-0.2995864,0.2624569,-0.7264565,-0.2525495,0.16283977,-0.52882844,-0.19188476,0.4025386,-0.7954838,-0.17816062,0.5555169,-1.1039227,-0.2826102,0.6361318,-1.2907917,-0.29621997,0.7058996,-1.5109887,-0.28969646,I
0.0,0.0,0.0,-0.2441253,-0.26093313,-0.15998545,-0.34155607,-0.6341233,-0.25607893,-0.120326474,-0.806634,-0.3415223,0.14009674,-0.7498097,-0.39984643,-0.11687193,-1.0138998,-0.15671046,0.0127579775,-1.1281577,-0.30433956,-0.039758675,-0.8093359,-0.38181224,-0.08175203,-0.64178735,-0.42226216,0.09594433,-0.9853403,-0.14106461,0.21602409,-1.0818973,-0.31772205,0.12119305,-0.718948,-0.36590534,0.060585435,-0.54300666,-0.36497906,0.27803645,-0.8963511,-0.14928465,0.43386197,-1.0342404,-0.30629715,0.3101761,-0.7192637,-0.29151687,0.19799067,-0.5097221,-0.23878966,0.42991498,-0.7610284,-0.17281793,0.5855412,-1.0479987,-0.26905265,0.67860717,-1.2305737,-0.2851085,0.76348835,-1.4308383,-0.27643025,I
0.0,0.0,0.0,-0.2541004,-0.22611581,-0.16558851,-0.3663848,-0.60913545,-0.26166123,-0.12935427,-0.79885715,-0.34221107,0.13848343,-0.74281496,-0.39639327,-0.15036735,-1.0106592,-0.17304148,-0.021557897,-1.1300068,-0.3313613,-0.056699917,-0.8111991,-0.42269158,-0.08619339,-0.6405215,-0.4693167,0.056356777,-0.9868075,-0.15177228,0.18495455,-1.1179415,-0.33486733,0.10833879,-0.74842906,-0.38859817,0.058270372,-0.56606644,-0.38803467,0.23846573,-0.91003776,-0.1538205,0.41285318,-1.078575,-0.30844238,0.3055486,-0.76858926,-0.29622293,0.20400412,-0.55629957,-0.2438064,0.39628026,-0.7906194,-0.17145625,0.5259491,-1.1129162,-0.2597448,0.59628165,-1.3133643,-0.27077642,0.66626006,-1.5239193,-0.25819847,I
0.0,0.0,0.0,-0.30033198,-0.13386989,-0.104624346,-0.51650274,-0.4633605,-0.17382884,-0.34095198,-0.74489367,-0.23986495,-0.04998239,-0.77871394,-0.28045818,-0.37135532,-0.9002496,-0.10394738,-0.30728653,-1.1156518,-0.25840917,-0.27522367,-0.8125795,-0.3482133,-0.2734953,-0.62140286,-0.39192995,-0.16877061,-0.98027605,-0.1028369,-0.12544183,-1.1941506,-0.26164648,-0.10908064,-0.8042581,-0.29309392,-0.119373776,-0.6275239,-0.283823,0.016289037,-1.0032179,-0.12360916,0.07711387,-1.2720248,-0.25843376,0.055752773,-0.90134186,-0.21561725,0.028176779,-0.6343258,-0.14742813,0.19621861,-0.97467947,-0.15647882,0.21399094,-1.3616165,-0.24308209,0.21272302,-1.5885195,-0.24643683,0.20845951,-1.8254273,-0.22938102,I
0.0,0.0,0.0,-0.32312238,-0.12999988,-0.104910776,-0.54782283,-0.3763845,-0.18728001,-0.40862766,-0.66961175,-0.2696043,-0.14411049,-0.7832942,-0.326513,-0.4620621,-0.8256024,-0.10343218,-0.41475096,-1.0462308,-0.2604445,-0.33311677,-0.7625426,-0.35846987,-0.30097565,-0.5555299,-0.40778902,-0.2562359,-0.9608633,-0.10528439,-0.24299683,-1.182636,-0.2621362,-0.17696007,-0.7933585,-0.3017982,-0.16737169,-0.60000193,-0.3031699,-0.065807134,-1.0320411,-0.12855594,-0.04383457,-1.3245565,-0.262146,-0.039656222,-0.9537547,-0.22257797,-0.04989983,-0.66556686,-0.15986793,0.11526916,-1.0407428,-0.1641205,0.10410447,-1.440759,-0.24782023,0.0831336,-1.6805013,-0.24864483,0.051557858,-1.9190354,-0.2312895,I
0.0,0.0,0.0,-0.3164649,-0.06596924,-0.10614437,-0.5602341,-0.31890106,-0.18350638,-0.47298297,-0.61738074,-0.26935568,-0.22408296,-0.7411577,-0.3325748,-0.48895073,-0.8377744,-0.07083365,-0.4768261,-1.0749693,-0.21978715,-0.38686004,-0.78182715,-0.301239,-0.34046918,-0.5684707,-0.32948306,-0.29851988,-0.9512253,-0.077821955,-0.2940445,-1.1773304,-0.2555379,-0.21448673,-0.80468154,-0.31223977,-0.18513519,-0.5624157,-0.30514935,-0.111073494,-1.0217509,-0.1067771,-0.115920916,-1.3053706,-0.26085916,-0.08653768,-0.9399302,-0.24971534,-0.08049371,-0.6462378,-0.18633412,0.06389798,-1.0426843,-0.14618073,0.01026019,-1.4366434,-0.22022013,-0.029848892,-1.6774064,-0.22319025,-0.07305205,-1.9058533,-0.19984429,I
0.0,0.0,0.0,-0.33360836,-0.05397758,-0.12919593,-0.56863666,-0.28376117,-0.2139733,-0.4749267,-0.5887432,-0.3014572,-0.24477085,-0.7480956,-0.36193964,-0.55668986,-0.7868175,-0.07962796,-0.532477,-1.0090095,-0.23738116,-0.4136078,-0.73649,-0.32846454,-0.3617261,-0.5473869,-0.36334354,-0.36508724,-0.92796713,-0.074754655,-0.35648903,-1.1393508,-0.259474,-0.2573855,-0.7757306,-0.3246157,-0.2269073,-0.5486633,-0.3243206,-0.17628388,-1.0188266,-0.094735175,-0.17603013,-1.2832079,-0.2635023,-0.13397914,-0.9082709,-0.26379895,-0.12945104,-0.61484003,-0.20540987,0.0021589638,-1.0554615,-0.12607148,-0.056104474,-1.433072,-0.21029915,-0.107962474,-1.6580193,-0.22013232,-0.1711113,-1.8746257,-0.19972026,I
0.0,0.0,0.0,-0.3739432,0.055614498,-0.13422044,-0.6896632,-0.08730476,-0.22867016,-0.65628076,-0.40545428,-0.33281025,-0.40939367,-0.62291294,-0.41437113,-0.71293116,-0.64221215,-0.063886575,-0.764227,-0.89666134,-0.24144103,-0.60574895,-0.64228404,-0.34870157,-0.49445584,-0.45007017,-0.38852748,-0.5357202,-0.8418479,-0.065543056,-0.5921987,-1.0924616,-0.2813657,-0.436423,-0.7261484,-0.36159676,-0.33681604,-0.47678584,-0.35817164,-0.3619114,-0.9901454,-0.096218355,-0.41960973,-1.2874292,-0.28404143,-0.32388732,-0.9005764,-0.28951758,-0.25312778,-0.5786184,-0.2213616,-0.19282722,-1.0787159,-0.1399465,-0.3287271,-1.460271,-0.22273587,-0.4268219,-1.6872548,-0.22912236,-0.5126326,-1.8927782,-0.20163597,I
0.0,0.0,0.0,-0.37502372,0.12204143,-0.12891838,-0.74197483,0.01023325,-0.21337093,-0.7447179,-0.3313758,-0.30915213,-0.488182,-0.5716072,-0.3806542,-0.7762714,-0.57819885,-0.053365827,-0.8792958,-0.83241224,-0.22817858,-0.6983212,-0.5696519,-0.33192533,-0.57792336,-0.40260553,-0.37465757,-0.60286444,-0.79551286,-0.060940456,-0.6886915,-1.0393227,-0.2807478,-0.51060665,-0.6731911,-0.3585283,-0.4053738,-0.44841695,-0.35534555,-0.42973986,-0.9683998,-0.09962563,-0.5052653,-1.260716,-0.29125378,-0.39398688,-0.85947853,-0.29230604,-0.3150933,-0.5378604,-0.22450851,-0.25718912,-1.0938346,-0.15210928,-0.4017754,-1.4769413,-0.24376786,-0.5025064,-1.7164855,-0.2576434,-0.59736985,-1.947521,-0.23837107,I
0.0,0.0,0.0,-0.35518858,0.085531496,-0.12115805,-0.68977916,-0.05439971,-0.20888132,-0.6741445,-0.37202764,-0.30472732,-0.43935207,-0.60112965,-0.378066,-0.73022205,-0.63468176,-0.08387505,-0.79600656,-0.88516474,-0.24788769,-0.6325816,-0.61447513,-0.3389266,-0.5165985,-0.42220283,-0.37483457,-0.54152054,-0.8354574,-0.09362848,-0.60831726,-1.0741206,-0.30515173,-0.45585433,-0.7038889,-0.37630284,-0.3562959,-0.45537496,-0.37124714,-0.35117325,-0.98621196,-0.12934145,-0.41924134,-1.2639278,-0.31319872,-0.33348244,-0.8725264,-0.31549102,-0.26998433,-0.5497382,-0.25332096,-0.16614278,-1.0802939,-0.17636947,-0.29035458,-1.4633787,-0.26834756,-0.38678154,-1.7029978,-0.28526327,-0.48339155,-1.9307346,-0.27072844,I
0.0,0.0,0.0,-0.35969192,0.07830242,-0.11356388,-0.6899641,-0.052495643,-0.19496587,-0.66582984,-0.36616534,-0.29043272,-0.419008,-0.57649493,-0.3640251,-0.70397365,-0.6828947,-0.048005536,-0.7638276,-0.90501237,-0.21932256,-0.6086692,-0.6236008,-0.3189011,-0.49724954,-0.44038966,-0.35574752,-0.5114152,-0.85715246,-0.061188992,-0.5746355,-1.0688735,-0.28121,-0.41871592,-0.68066853,-0.35761172,-0.31188574,-0.43192717,-0.35071513,-0.32124692,-0.9948405,-0.10283829,-0.3929135,-1.240442,-0.29974762,-0.3016164,-0.82870024,-0.30380383,-0.22242041,-0.50681543,-0.2331572,-0.13592741,-1.0944341,-0.15510899,-0.2664109,-1.481931,-0.24996908,-0.3690021,-1.7225944,-0.26439473,-0.4621547,-1.9505701,-0.24270044,I
0.0,0.0,0.0,-0.3336608,0.005222165,-0.10735987,-0.61564595,-0.20537898,-0.18432395,-0.53927696,-0.5287245,-0.269285,-0.28838006,-0.6801764,-0.33602902,-0.59514964,-0.77074474,-0.0746412,-0.60835755,-0.9963867,-0.23111893,-0.48576036,-0.71716136,-0.32686806,-0.4108399,-0.5059869,-0.36839014,-0.3970287,-0.9138572,-0.08504745,-0.42036834,-1.1354198,-0.2743002,-0.31901684,-0.7569965,-0.34594944,-0.26775092,-0.49798337,-0.3510649,-0.19848362,-1.0107833,-0.11834652,-0.2215258,-1.2815832,-0.2852641,-0.18734422,-0.8877935,-0.28721663,-0.1729806,-0.5645849,-0.23311068,-0.00578862,-1.0547309,-0.16161758,-0.08586637,-1.4373106,-0.24618082,-0.14652376,-1.6779286,-0.25926587,-0.20572044,-1.9034541,-0.24508707,I
0.0,0.0,0.0,-0.33720997,-0.038402397,-0.10559175,-0.6080062,-0.28516924,-0.17878221,-0.5050816,-0.57854223,-0.25863254,-0.23172265,-0.7025573,-0.31740388,-0.5347538,-0.8196086,-0.07360079,-0.5422639,-1.0585449,-0.22407295,-0.44342864,-0.7462407,-0.31600696,-0.37587634,-0.53871566,-0.3587817,-0.33354017,-0.93913394,-0.082331486,-0.3395173,-1.1652074,-0.26957557,-0.26141694,-0.7654557,-0.3326192,-0.21396883,-0.5196266,-0.3310487,-0.13444316,-1.0079613,-0.11453274,-0.13166584,-1.2882006,-0.27328452,-0.117662586,-0.88540584,-0.26214668,-0.10777072,-0.5656794,-0.20018163,0.05677242,-1.0307415,-0.15814063,0.021209784,-1.4224565,-0.24236833,-0.017498089,-1.6691986,-0.2544086,-0.05504725,-1.9132619,-0.2390149,I
0.0,0.0,0.0,-0.31335634,-0.104916155,-0.09424646,-0.5415628,-0.38642725,-0.16043353,-0.41884014,-0.65320134,-0.23396176,-0.1526851,-0.70393443,-0.2868016,-0.40046233,-0.9006911,-0.06285408,-0.37643284,-1.1271079,-0.19603306,-0.33653617,-0.80666465,-0.27241847,-0.30542895,-0.59899855,-0.30711958,-0.1999612,-0.9769793,-0.074343026,-0.18755318,-1.1875876,-0.24009739,-0.16481951,-0.79328257,-0.2873737,-0.14312519,-0.5603926,-0.28070307,-0.009814194,-1.0048054,-0.10794079,0.018072097,-1.2523812,-0.25319824,-0.0115113035,-0.88046336,-0.2387538,-0.029120453,-0.5936081,-0.18054272,0.16682927,-0.9874677,-0.15209123,0.19168834,-1.3714719,-0.23218696,0.18711323,-1.6178155,-0.24447484,0.18398276,-1.853046,-0.23212467,I
0.0,0.0,0.0,-0.32804233,-0.08735836,-0.10266916,-0.5715162,-0.3719583,-0.17544453,-0.4378498,-0.66185486,-0.2572071,-0.15767483,-0.730024,-0.3193455,-0.4239008,-0.8824884,-0.07365381,-0.3955528,-1.1268842,-0.22940792,-0.3539606,-0.8048933,-0.31616527,-0.31535876,-0.5874386,-0.35203484,-0.22026563,-0.9717455,-0.084816806,-0.21603563,-1.2019083,-0.273164,-0.18974905,-0.8003143,-0.3256443,-0.15988012,-0.55714536,-0.3171484,-0.024594583,-1.0169654,-0.12054124,-0.013014026,-1.2885604,-0.28721568,-0.03978323,-0.9027277,-0.2753619,-0.048606995,-0.60463005,-0.21199018,0.16273268,-1.0220077,-0.16688578,0.16478238,-1.4280176,-0.25473663,0.15158741,-1.6835591,-0.26742858,0.14523464,-1.9253464,-0.25315747,I
0.0,0.0,0.0,-0.3139963,-0.11321176,-0.1262705,-0.51949054,-0.38210723,-0.21447177,-0.38129368,-0.64639777,-0.30399597,-0.1317863,-0.71293795,-0.36818886,-0.3969682,-0.89461446,-0.113147214,-0.32574642,-1.1062114,-0.27705464,-0.27096826,-0.7723874,-0.3664085,-0.26193067,-0.57302177,-0.40521824,-0.19011985,-0.9752006,-0.11330574,-0.13024403,-1.1621845,-0.29460597,-0.10971602,-0.7692465,-0.34596023,-0.12873845,-0.58310294,-0.34495598,0.010765807,-1.0032195,-0.13761555,0.07911127,-1.2522926,-0.3083458,0.05256018,-0.8512626,-0.29036248,0.0035172254,-0.5766975,-0.225794,0.19384713,-0.9756422,-0.1730125,0.2198177,-1.3497747,-0.2670474,0.22244617,-1.5740547,-0.27145645,0.21372165,-1.8121377,-0.24898036,I
0.0,0.0,0.0,-0.35198963,-0.16754512,-0.11324878,-0.5447304,-0.4597522,-0.19109185,-0.3672092,-0.7283886,-0.26917103,-0.11596426,-0.7844604,-0.3200982,-0.42279497,-0.899625,-0.095686644,-0.35634765,-1.1345102,-0.26751816,-0.31364405,-0.8122255,-0.37228742,-0.29690748,-0.6277787,-0.4256388,-0.19946261,-0.974801,-0.09988848,-0.17867745,-1.1942418,-0.2801411,-0.16915253,-0.79825294,-0.33114207,-0.1643939,-0.6400313,-0.33453754,0.003927928,-1.001005,-0.13063446,0.046459164,-1.2803253,-0.2900488,-0.004005292,-0.8918771,-0.26471168,-0.03685037,-0.6365656,-0.20111023,0.18898098,-0.9819311,-0.17423595,0.22642154,-1.3840826,-0.26749846,0.22256792,-1.6179695,-0.2776304,0.22562799,-1.8641857,-0.26205203,I
0.0,0.0,0.0,-0.33846417,-0.09873719,-0.13489409,-0.5745363,-0.40947583,-0.22314884,-0.40145934,-0.6882976,-0.31065047,-0.11392895,-0.74270743,-0.37575346,-0.4262318,-0.88178927,-0.14276494,-0.35884678,-1.1017164,-0.30958813,-0.30364487,-0.7746617,-0.39381507,-0.2717427,-0.554818,-0.4299607,-0.198769,-0.96984464,-0.14103968,-0.16831712,-1.1818858,-0.33585,-0.13642423,-0.7814427,-0.3784881,-0.116889365,-0.5479949,-0.36620352,0.01663547,-0.9951014,-0.16359726,0.052727785,-1.2775729,-0.33790034,0.038280662,-0.89148194,-0.31038886,0.021055426,-0.598712,-0.23898152,0.22274275,-0.96477544,-0.19903955,0.23209865,-1.3641047,-0.30355468,0.22166981,-1.6104033,-0.31583872,0.20565887,-1.8615723,-0.30057094,I
0.0,0.0,0.0,-0.3183803,-0.025036717,-0.19293393,-0.5852204,-0.2676538,-0.32026595,-0.4782701,-0.5852973,-0.43288204,-0.20023842,-0.728471,-0.5126666,-0.5475568,-0.7881677,-0.20929167,-0.4810714,-1.0198361,-0.3928741,-0.36254504,-0.7183897,-0.4752447,-0.3130675,-0.5231167,-0.50786763,-0.3373405,-0.92296094,-0.18532257,-0.2841703,-1.1421039,-0.38889986,-0.18951544,-0.7482854,-0.4273695,-0.17911445,-0.556399,-0.41147035,-0.12857129,-0.9894206,-0.18914771,-0.07450784,-1.2604942,-0.37555656,-0.035466883,-0.8539595,-0.34209967,-0.054881293,-0.5584556,-0.264202,0.06752258,-0.9943641,-0.20942686,0.042987783,-1.3670913,-0.3242103,0.022113057,-1.5973397,-0.3338357,-0.019480703,-1.835322,-0.3121856,I
0.0,0.0,0.0,-0.28069857,0.010741065,-0.23453194,-0.53212637,-0.19640136,-0.37943903,-0.43203077,-0.5058248,-0.49671713,-0.17013057,-0.6666456,-0.58043104,-0.5551997,-0.73349774,-0.29560018,-0.4364646,-0.98643166,-0.47969112,-0.27795786,-0.70463306,-0.55568737,-0.20815441,-0.48000214,-0.58290637,-0.35581183,-0.900215,-0.2510197,-0.26289085,-1.1322457,-0.45702735,-0.13560802,-0.74310505,-0.5050346,-0.12308576,-0.5267974,-0.49897653,-0.15134794,-0.98444664,-0.22981924,-0.057334013,-1.2727957,-0.42090762,0.018963968,-0.87450135,-0.39727175,0.006554118,-0.5736084,-0.32857576,0.042403005,-0.9948464,-0.22565499,0.031579137,-1.3693041,-0.34132218,0.027186494,-1.5946695,-0.34770435,-0.00400748,-1.8188865,-0.3242012,I
0.0,0.0,0.0,-0.29523855,-0.013451293,-0.19378802,-0.5333581,-0.25389415,-0.3104928,-0.38141048,-0.5548671,-0.40741727,-0.10899809,-0.6851944,-0.4745792,-0.555239,-0.7569321,-0.22877495,-0.41928262,-0.9689041,-0.38981614,-0.30143493,-0.65884495,-0.46269804,-0.27002144,-0.46346653,-0.495972,-0.3550433,-0.9125813,-0.20282906,-0.24865754,-1.1094949,-0.3874366,-0.16007262,-0.7411756,-0.4308367,-0.15889399,-0.55348766,-0.42671028,-0.14928287,-0.9847003,-0.19929628,-0.041802764,-1.2473136,-0.37234992,0.012983526,-0.8722571,-0.35383278,-0.009536229,-0.60750777,-0.29317835,0.050157093,-0.99221283,-0.21077742,0.046163525,-1.3542991,-0.31117937,0.04032747,-1.5712942,-0.3141891,0.0115693705,-1.7951247,-0.2915489,I
0.0,0.0,0.0,-0.2866257,-0.023997208,-0.24257365,-0.49798763,-0.2635775,-0.3668137,-0.31909314,-0.5580399,-0.45729524,-0.030507784,-0.69067657,-0.5121675,-0.51877725,-0.7769953,-0.2693488,-0.3480646,-1.0165899,-0.45040518,-0.23988183,-0.70667535,-0.5327114,-0.21780868,-0.4857475,-0.566473,-0.31521752,-0.9260339,-0.20760332,-0.1723289,-1.1372414,-0.3991792,-0.07963095,-0.75884616,-0.43723935,-0.08392475,-0.5742793,-0.42759997,-0.11480157,-0.9958216,-0.17407475,0.031312987,-1.2349457,-0.35847646,0.07869956,-0.84342754,-0.33822322,0.052083153,-0.5808207,-0.2725851,0.07757888,-0.9987566,-0.15913512,0.09643453,-1.3513571,-0.27788082,0.09882813,-1.553619,-0.29206595,0.077407196,-1.7631049,-0.27333003,I
0.0,0.0,0.0,-0.28080896,-0.044909798,-0.19727018,-0.47976485,-0.27624708,-0.31581244,-0.29330733,-0.5655306,-0.40858486,-0.008746949,-0.69700545,-0.4688348,-0.5156553,-0.7882428,-0.23211566,-0.35807937,-0.9475218,-0.41776422,-0.24259485,-0.6501527,-0.5138045,-0.20248608,-0.44643438,-0.5584562,-0.30459493,-0.93228954,-0.1950853,-0.18138087,-1.0778112,-0.38519418,-0.0862426,-0.7026183,-0.4249179,-0.067811735,-0.5118892,-0.4173271,-0.09431462,-0.9781796,-0.18296003,0.02904782,-1.1734022,-0.35881528,0.0762062,-0.7852893,-0.32362813,0.06614764,-0.5210112,-0.25165778,0.10798307,-0.95036846,-0.18685156,0.11855962,-1.2652504,-0.30501667,0.1160036,-1.4540809,-0.30917627,0.10079868,-1.662686,-0.28296605,I
0.0,0.0,0.0,-0.28813446,-0.039436664,-0.22018918,-0.5094325,-0.3080077,-0.33245644,-0.3509765,-0.62899613,-0.4060645,-0.08157812,-0.76653993,-0.44693995,-0.49497536,-0.8008111,-0.28846908,-0.3104829,-1.0239488,-0.47285333,-0.19954816,-0.7114108,-0.5665406,-0.18105234,-0.4988047,-0.6169191,-0.27606657,-0.9319342,-0.23512958,-0.129086,-1.1545613,-0.43549028,-0.030999511,-0.7459375,-0.47530237,-0.03695571,-0.5256196,-0.4692057,-0.070422046,-0.976235,-0.20503306,0.0676336,-1.2503004,-0.38382074,0.117670946,-0.86133873,-0.3473325,0.08950839,-0.5908884,-0.28018448,0.128463,-0.9479508,-0.1916959,0.16922207,-1.2904887,-0.33169702,0.18748182,-1.4994149,-0.3552656,0.16571283,-1.7357293,-0.3458924,I
0.0,0.0,0.0,-0.3125515,-0.09694264,-0.18309702,-0.50086474,-0.40830532,-0.29858685,-0.3301701,-0.7304221,-0.39703953,-0.09404565,-0.92300594,-0.46516165,-0.4158695,-0.8666588,-0.18369992,-0.27880058,-1.0493584,-0.3753467,-0.20103781,-0.7385036,-0.484502,-0.17956553,-0.5229955,-0.5264495,-0.22017568,-0.96396494,-0.1493125,-0.10400379,-1.1452203,-0.34762633,-0.045904376,-0.78092474,-0.41929838,-0.04171085,-0.5777528,-0.4260463,-0.031289667,-1.0132354,-0.13775402,0.094134174,-1.2876896,-0.3088437,0.12108957,-0.9283194,-0.29321688,0.097311854,-0.6676249,-0.22826265,0.13765438,-1.0124831,-0.14009196,0.14936556,-1.3771676,-0.22510399,0.16372529,-1.5901688,-0.2153673,0.16814238,-1.8191999,-0.17924802,I
0.0,0.0,0.0,-0.27348015,-0.076663464,-0.16265874,-0.46452746,-0.39387968,-0.26808316,-0.3111176,-0.6588249,-0.36334756,-0.04041587,-0.70479184,-0.43774354,-0.32311982,-0.90653235,-0.16806707,-0.32305858,-1.1296695,-0.33575863,-0.38929427,-0.87451017,-0.42676005,-0.43321785,-0.6738427,-0.46252885,-0.15016884,-0.9769918,-0.1514477,-0.08512254,-1.1828735,-0.3341409,-0.10765216,-0.8287437,-0.37656757,-0.1172727,-0.65206283,-0.35966668,0.011096235,-0.98271155,-0.1582108,0.09648216,-1.2337955,-0.3193707,0.06440284,-0.86597145,-0.2817969,0.0337888,-0.5988325,-0.20110124,0.16244279,-0.9361916,-0.18068522,0.16091959,-1.313249,-0.27214825,0.15417083,-1.5417416,-0.25970834,0.16138051,-1.7775775,-0.2209878,I
0.0,0.0,0.0,-0.2857691,-0.044726327,-0.1536457,-0.52394927,-0.32483196,-0.25005984,-0.39149097,-0.6076994,-0.33182892,-0.11123399,-0.69170344,-0.38599116,-0.4423432,-0.8614307,-0.17730097,-0.36264637,-0.9892743,-0.332128,-0.29597497,-0.66415924,-0.4146353,-0.27975547,-0.5158018,-0.4613524,-0.24857423,-0.9541214,-0.16692273,-0.1803193,-1.1097977,-0.3362099,-0.14497378,-0.7234514,-0.36742005,-0.1571049,-0.56940436,-0.35962775,-0.055628087,-0.95819026,-0.17891459,0.016351309,-1.1897093,-0.33651116,0.019839214,-0.79749274,-0.29647124,-0.0083134575,-0.5521845,-0.22833206,0.12817156,-0.9023527,-0.20491248,0.13021176,-1.2448198,-0.3170416,0.12510572,-1.4745439,-0.32564086,0.11473565,-1.743644,-0.3085303,I
0.0,0.0,0.0,-0.30892432,-0.049340818,-0.12259973,-0.57309365,-0.31840914,-0.20298102,-0.45924386,-0.63450646,-0.28418973,-0.18468852,-0.74677575,-0.34250307,-0.49751887,-0.82789594,-0.09975621,-0.44945028,-1.0249162,-0.24785309,-0.35799566,-0.7327331,-0.33169895,-0.3245794,-0.5566871,-0.37124872,-0.30805406,-0.94611907,-0.09980677,-0.28148833,-1.1341335,-0.26560548,-0.20379807,-0.7594245,-0.30689448,-0.19142912,-0.56609,-0.30043128,-0.11548033,-1.0013194,-0.12369314,-0.09169416,-1.2700812,-0.27658653,-0.056059808,-0.8937734,-0.25115883,-0.05662819,-0.61661124,-0.18533425,0.07410522,-1.0050536,-0.15948524,0.04264833,-1.386757,-0.24633114,0.014322949,-1.6153408,-0.24922824,-0.0231157,-1.8455198,-0.22774461,I
0.0,0.0,0.0,-0.31612208,-0.054984804,-0.11387774,-0.5773153,-0.30207446,-0.19568071,-0.48265693,-0.58077365,-0.27846763,-0.23136242,-0.67684615,-0.33947355,-0.5275915,-0.83483243,-0.114308655,-0.5144963,-1.0197062,-0.25657016,-0.40974864,-0.7162222,-0.33004966,-0.36568817,-0.5364691,-0.3608446,-0.31840324,-0.9401466,-0.12142364,-0.31910753,-1.1264809,-0.2897432,-0.23810527,-0.7426216,-0.3300502,-0.21053736,-0.52320814,-0.3194943,-0.117946625,-0.98952967,-0.1501526,-0.11478928,-1.2317712,-0.30603933,-0.09100367,-0.8664939,-0.2920614,-0.09206239,-0.5885671,-0.23213024,0.070186235,-0.98542094,-0.18853694,0.039950673,-1.3671552,-0.27392846,0.01868982,-1.6109918,-0.28223738,-0.005744651,-1.8484772,-0.2652472,I
0.0,0.0,0.0,-0.32661745,-0.07121112,-0.097493745,-0.582419,-0.34182015,-0.16864142,-0.49013418,-0.6039997,-0.24835011,-0.23926032,-0.67198044,-0.30945897,-0.48978993,-0.8740076,-0.06459967,-0.48870257,-1.0514218,-0.21109417,-0.4068467,-0.75307554,-0.2964719,-0.3578481,-0.56487775,-0.33101228,-0.28167602,-0.9562654,-0.07883602,-0.29037383,-1.1485937,-0.25921968,-0.2352281,-0.7763614,-0.3175304,-0.20768021,-0.5413293,-0.31190488,-0.08374249,-0.9923156,-0.11581157,-0.08886102,-1.2249243,-0.27764323,-0.08880381,-0.85210806,-0.2743451,-0.09452504,-0.5616069,-0.21458095,0.10076161,-0.9836672,-0.1620538,0.0787108,-1.3674033,-0.24499965,0.05923669,-1.6153661,-0.2568447,0.04082185,-1.8548968,-0.24014145,I
0.0,0.0,0.0,-0.31837636,-0.05242124,-0.10349124,-0.5835865,-0.30149215,-0.17684366,-0.51925415,-0.5716669,-0.26118115,-0.27899572,-0.6718021,-0.32565254,-0.48635402,-0.86639726,-0.046398945,-0.52509665,-1.0240104,-0.19009869,-0.42936265,-0.722288,-0.27135003,-0.35814622,-0.5406471,-0.30306116,-0.2883139,-0.95570785,-0.059140645,-0.32860583,-1.1254001,-0.23698506,-0.25918174,-0.7491073,-0.2923979,-0.21109714,-0.5164102,-0.2841876,-0.09327233,-0.9990497,-0.097417966,-0.1306917,-1.2190902,-0.2615704,-0.123243205,-0.8398809,-0.25675812,-0.1101232,-0.5522792,-0.19536853,0.09759042,-1.0028653,-0.14600702,0.060231924,-1.3706973,-0.22783856,0.0266509,-1.6055031,-0.23816107,-0.0028931994,-1.8319343,-0.22073865,I
0.0,0.0,0.0,-0.32211167,-0.03935246,-0.106241554,-0.5986998,-0.30207008,-0.17899437,-0.53166246,-0.588764,-0.25815925,-0.2872854,-0.69704264,-0.31763902,-0.50010765,-0.85764945,-0.06547335,-0.5372793,-1.0323713,-0.21241002,-0.4336623,-0.7408544,-0.30080962,-0.357877,-0.54209095,-0.3368733,-0.29895568,-0.9514937,-0.072699815,-0.33602318,-1.1315625,-0.25031516,-0.26382932,-0.75576806,-0.30985504,-0.219261,-0.50992686,-0.3055647,-0.10433421,-0.998688,-0.103510834,-0.13036771,-1.2435653,-0.2605275,-0.1247282,-0.8645086,-0.25340283,-0.120572776,-0.56276774,-0.19361013,0.08334983,-1.0023216,-0.14478348,0.048601262,-1.3782715,-0.22391498,0.019481951,-1.6224167,-0.23311666,-0.009789546,-1.864879,-0.2161554,I
0.0,0.0,0.0,-0.32847834,-0.05044162,-0.106901936,-0.5883184,-0.3139755,-0.17934608,-0.49538013,-0.607581,-0.2564062,-0.24723469,-0.7139813,-0.3129838,-0.4959112,-0.8588712,-0.07753916,-0.52524626,-1.0457109,-0.22615601,-0.42846176,-0.7492825,-0.31604597,-0.35221663,-0.54982156,-0.35526398,-0.29117423,-0.9530759,-0.08284847,-0.32284167,-1.1542463,-0.26065814,-0.2621287,-0.7718111,-0.31909686,-0.21594587,-0.5344211,-0.31716812,-0.091248386,-1.0014654,-0.11124097,-0.10588834,-1.2566801,-0.26650044,-0.11288706,-0.8693409,-0.25689697,-0.107123084,-0.5627558,-0.19798554,0.10271569,-1.0082637,-0.1505408,0.082505174,-1.3960918,-0.23254287,0.052922044,-1.6380993,-0.24529186,0.02699617,-1.8807417,-0.23176393,I
0.0,0.0,0.0,-0.33915654,-0.061027,-0.10416952,-0.5868617,-0.3164274,-0.17436516,-0.49399987,-0.6018262,-0.25087708,-0.25696015,-0.70852965,-0.30546814,-0.5047791,-0.84777564,-0.06299362,-0.5278771,-1.0164896,-0.21406695,-0.41867524,-0.72625107,-0.31181738,-0.3434112,-0.54034066,-0.35848626,-0.30421847,-0.9497841,-0.07322008,-0.32760656,-1.1389238,-0.24310686,-0.25845438,-0.76244646,-0.30292565,-0.2219876,-0.54448795,-0.30773774,-0.10566772,-0.9942091,-0.10820282,-0.114501595,-1.2440149,-0.2592885,-0.11198692,-0.8574305,-0.24626526,-0.108323246,-0.5591983,-0.18906212,0.08547494,-0.9919023,-0.1551598,0.075732894,-1.3836056,-0.2388452,0.05492302,-1.62706,-0.250195,0.03203531,-1.8713152,-0.23671,I
0.0,0.0,0.0,-0.33661044,-0.07876541,-0.11019597,-0.5786384,-0.33586648,-0.18391228,-0.46402866,-0.6237291,-0.2627229,-0.22394893,-0.73796105,-0.31807518,-0.49981833,-0.8432908,-0.08523451,-0.49715614,-1.0625101,-0.24126656,-0.4011395,-0.7508878,-0.3324729,-0.33634287,-0.5425695,-0.37465638,-0.28872672,-0.9530087,-0.09171249,-0.29716903,-1.1564127,-0.2786835,-0.2379594,-0.7565927,-0.3402275,-0.20405567,-0.5285617,-0.3434478,-0.08563507,-1.0102938,-0.12231235,-0.078557454,-1.2843459,-0.28486288,-0.09333924,-0.8875533,-0.27447864,-0.10573359,-0.5814776,-0.21785666,0.10487712,-1.0185838,-0.16458717,0.09181947,-1.4088256,-0.2577797,0.06501173,-1.6448599,-0.27563995,0.03590574,-1.8829235,-0.26635408,I
0.0,0.0,0.0,-0.34394702,-0.08486337,-0.13820986,-0.57465595,-0.33886734,-0.2280023,-0.4368233,-0.6258093,-0.31141105,-0.20081936,-0.7352496,-0.36520982,-0.5133883,-0.83576506,-0.14518942,-0.46159583,-1.0849391,-0.30392268,-0.36555338,-0.7661117,-0.38280132,-0.31588033,-0.53423494,-0.4159288,-0.28300014,-0.9490377,-0.1387024,-0.26381347,-1.184204,-0.33102098,-0.20448229,-0.77494127,-0.3865974,-0.1889089,-0.5333338,-0.38654226,-0.06882813,-1.0046352,-0.15509965,-0.037861437,-1.3082112,-0.31981865,-0.05035148,-0.91176933,-0.30679455,-0.080628246,-0.5963837,-0.25070325,0.12178549,-1.000947,-0.18419418,0.12710884,-1.4033704,-0.2819997,0.11120936,-1.6535503,-0.30388334,0.082316145,-1.9095551,-0.29843897,I
0.0,0.0,0.0,-0.31944102,-0.084942855,-0.12602864,-0.5547915,-0.36620042,-0.20798922,-0.39822486,-0.63153934,-0.28988767,-0.1329481,-0.7101074,-0.34885904,-0.4576455,-0.88200533,-0.113363765,-0.40956798,-1.1075927,-0.2692844,-0.3426339,-0.7927154,-0.36014503,-0.31439167,-0.57541066,-0.40266606,-0.23795877,-0.9646165,-0.11353742,-0.21216841,-1.1741769,-0.3007345,-0.17563793,-0.7692089,-0.36437953,-0.16879664,-0.52602303,-0.36861733,-0.03280449,-0.9949698,-0.13739571,0.0116210645,-1.2745241,-0.30368924,-0.015860682,-0.8791533,-0.30102256,-0.055540673,-0.5712981,-0.2484066,0.15667836,-0.97496355,-0.17272392,0.16036385,-1.3615836,-0.26683277,0.15290174,-1.6044985,-0.28670108,0.14337918,-1.8524966,-0.27868018,I
0.0,0.0,0.0,-0.34041724,-0.0827109,-0.12672827,-0.5909095,-0.35785052,-0.2110229,-0.45491895,-0.6288701,-0.29550725,-0.16918048,-0.6797776,-0.35567668,-0.48904967,-0.87004256,-0.1137271,-0.45129225,-1.1143657,-0.2708122,-0.38093045,-0.7934166,-0.3534222,-0.35097674,-0.58767295,-0.3884733,-0.26974705,-0.9559271,-0.11593068,-0.23867987,-1.1962363,-0.30688772,-0.20207424,-0.79269403,-0.35793215,-0.20058829,-0.5626378,-0.349097,-0.062054634,-0.98797506,-0.14299798,-0.016450783,-1.2504085,-0.3140023,-0.039539214,-0.8445389,-0.2998212,-0.079182245,-0.54536194,-0.23381539,0.13364455,-0.970766,-0.18211673,0.13169922,-1.364711,-0.27475506,0.11861256,-1.6165277,-0.2870317,0.10293359,-1.8689834,-0.27085605,I
0.0,0.0,0.0,-0.32514176,-0.06609207,-0.12737137,-0.58151007,-0.35007787,-0.2085533,-0.47587565,-0.6454813,-0.28700146,-0.19972259,-0.67220706,-0.34124598,-0.4730303,-0.87429035,-0.11403616,-0.4441274,-1.1224265,-0.24964912,-0.3811441,-0.8110963,-0.32151434,-0.35100493,-0.6055616,-0.35475633,-0.26132464,-0.95875347,-0.111808576,-0.23774688,-1.1900054,-0.28960183,-0.20702259,-0.7972967,-0.3415406,-0.19937441,-0.5598188,-0.33631685,-0.0637785,-0.9936695,-0.13121231,-0.026797114,-1.2546989,-0.28739554,-0.059607536,-0.8697774,-0.28110027,-0.09981057,-0.5716258,-0.22631459,0.11800855,-0.97960144,-0.16256021,0.12165659,-1.3624713,-0.2470404,0.10876509,-1.6078838,-0.26433367,0.09237509,-1.8546346,-0.25584605,I
0.0,0.0,0.0,-0.33791885,-0.06870559,-0.12063879,-0.6034011,-0.35614255,-0.19546823,-0.4965498,-0.65182096,-0.26978543,-0.21372063,-0.67991775,-0.31996214,-0.49660304,-0.86654025,-0.09565131,-0.4755235,-1.134805,-0.23877347,-0.41761324,-0.8203776,-0.31822732,-0.38689947,-0.61780554,-0.35472566,-0.2799184,-0.95516396,-0.09647516,-0.2583003,-1.1959949,-0.2805153,-0.23066688,-0.79803663,-0.3380282,-0.22225814,-0.56097305,-0.33397493,-0.07722316,-0.9945447,-0.12014972,-0.04465254,-1.2545763,-0.28119975,-0.08026954,-0.8682654,-0.276916,-0.11818848,-0.573021,-0.22103259,0.11215324,-0.9871016,-0.15509373,0.12195021,-1.3731567,-0.23817337,0.10758171,-1.6210575,-0.25301203,0.089060634,-1.8682438,-0.2420311,I
0.0,0.0,0.0,-0.33206758,-0.06724383,-0.10873359,-0.60509163,-0.36198497,-0.17925385,-0.5146384,-0.66398203,-0.2513747,-0.2324541,-0.7019369,-0.2999489,-0.49192628,-0.8714859,-0.089453936,-0.4808018,-1.1311922,-0.22160381,-0.4249482,-0.8165235,-0.29014358,-0.3920166,-0.60912174,-0.321349,-0.2773167,-0.95601577,-0.09554664,-0.27050588,-1.1947873,-0.27308977,-0.23906533,-0.8017647,-0.32506755,-0.2219259,-0.55524415,-0.31876406,-0.073240146,-0.9921612,-0.12283384,-0.054205924,-1.2554101,-0.2795674,-0.08906729,-0.8656831,-0.2737724,-0.123862214,-0.55564433,-0.21930146,0.11780299,-0.9803337,-0.1603103,0.12211377,-1.3635337,-0.24552773,0.106490746,-1.6171141,-0.26544133,0.08673795,-1.8645611,-0.2600779,I
0.0,0.0,0.0,-0.33092415,-0.07917052,-0.105263494,-0.5931753,-0.37194437,-0.17227168,-0.5086421,-0.6839303,-0.23987474,-0.24026027,-0.69712585,-0.28365678,-0.4748156,-0.885048,-0.07678209,-0.46733958,-1.1261135,-0.20578106,-0.4145905,-0.81598973,-0.2795056,-0.38730484,-0.6211309,-0.31643265,-0.26836184,-0.95983577,-0.08183668,-0.26598635,-1.187497,-0.25270095,-0.23603049,-0.8008685,-0.30716142,-0.22328506,-0.56980896,-0.30638582,-0.0718543,-0.9894447,-0.10771344,-0.05607852,-1.2383332,-0.25781688,-0.09363783,-0.85571396,-0.25145644,-0.12807675,-0.55616254,-0.19992909,0.11477273,-0.97547364,-0.14409854,0.11816883,-1.3491349,-0.22532785,0.10486855,-1.5950586,-0.24391314,0.0864643,-1.8371606,-0.2389269,I
0.0,0.0,0.0,-0.3406607,-0.08075657,-0.11914127,-0.5980077,-0.35329157,-0.19967063,-0.48880595,-0.64610636,-0.2805663,-0.20814037,-0.689452,-0.3381368,-0.47548926,-0.876544,-0.11385294,-0.47699645,-1.134366,-0.26035184,-0.4172309,-0.8188095,-0.3376305,-0.3876247,-0.62132466,-0.3736577,-0.25605714,-0.9593648,-0.11854912,-0.26198056,-1.1940094,-0.30036718,-0.23189043,-0.7997062,-0.35383916,-0.22098601,-0.5729024,-0.35236418,-0.04930963,-0.9938509,-0.14531434,-0.035470378,-1.2558972,-0.31037092,-0.07540047,-0.8637509,-0.30323657,-0.115362756,-0.56214124,-0.24830632,0.14446184,-0.9817115,-0.18285678,0.14672631,-1.3799037,-0.2756447,0.12832977,-1.6408327,-0.29551876,0.10441937,-1.8959007,-0.28928688,I
0.0,0.0,0.0,-0.3551257,-0.11504336,-0.11168318,-0.5892659,-0.41002947,-0.18983623,-0.43884858,-0.6528638,-0.2699231,-0.14361152,-0.66812086,-0.33045068,-0.41963097,-0.907378,-0.0963499,-0.38884455,-1.1133531,-0.2434584,-0.37051758,-0.80242705,-0.32880542,-0.3575458,-0.5920542,-0.36841458,-0.2077346,-0.9730249,-0.10034376,-0.19912018,-1.1708636,-0.28024653,-0.2071714,-0.77961445,-0.33583787,-0.19462171,-0.5396047,-0.33271992,-0.015050151,-0.9860479,-0.12666968,0.010937771,-1.21065,-0.28706008,-0.048911873,-0.82563174,-0.28094035,-0.0829775,-0.5301536,-0.22379234,0.16408026,-0.9411162,-0.16352943,0.17896222,-1.3160598,-0.2496886,0.16880168,-1.5557283,-0.2634785,0.16885258,-1.7905277,-0.25056195,I
0.0,0.0,0.0,-0.35163426,-0.09898022,-0.12270933,-0.59045494,-0.38038442,-0.2076663,-0.43505374,-0.6411725,-0.29276586,-0.14055571,-0.7124892,-0.3535312,-0.4832725,-0.868304,-0.10817412,-0.45064226,-1.0928297,-0.26625162,-0.381206,-0.77801096,-0.35328948,-0.3354431,-0.5710415,-0.39144698,-0.26745504,-0.9573543,-0.10927275,-0.2543076,-1.1871142,-0.2961777,-0.22702548,-0.7840223,-0.34841925,-0.20660152,-0.55171615,-0.34235045,-0.067038715,-0.9929923,-0.13503277,-0.034111876,-1.261538,-0.2983249,-0.06493965,-0.8706321,-0.2858702,-0.08688025,-0.57882315,-0.22493301,0.11796453,-0.9713934,-0.17305507,0.12716594,-1.3605236,-0.26447755,0.11467822,-1.6079444,-0.28125966,0.10880224,-1.856518,-0.27034128,I
0.0,0.0,0.0,-0.32396126,-0.070297465,-0.13039167,-0.5637049,-0.29393348,-0.20832856,-0.45135993,-0.5866475,-0.27496696,-0.20697342,-0.6748947,-0.30971852,-0.5187264,-0.82933295,-0.12359979,-0.4550779,-1.060504,-0.26975226,-0.3820655,-0.7354633,-0.3460949,-0.3613621,-0.5256109,-0.38254696,-0.31775314,-0.9415998,-0.11145699,-0.27619314,-1.1367064,-0.27632895,-0.22826767,-0.72856206,-0.31377116,-0.23528618,-0.5493168,-0.31169784,-0.12627697,-0.9884458,-0.12202934,-0.0686177,-1.2224302,-0.2734397,-0.078128465,-0.8288252,-0.2442132,-0.108995944,-0.5574347,-0.18423288,0.061496936,-0.9784946,-0.1447169,0.06642769,-1.3473788,-0.24069129,0.059996907,-1.5714661,-0.25008097,0.041967962,-1.804237,-0.23668867,I
0.0,0.0,0.0,-0.32841814,-0.049166568,-0.16144349,-0.5673393,-0.2651273,-0.26108387,-0.45293307,-0.51845384,-0.34759855,-0.20041662,-0.60918605,-0.40099946,-0.49896783,-0.83561206,-0.1702336,-0.42796147,-1.0084952,-0.31456888,-0.33136907,-0.67545325,-0.3726772,-0.3034134,-0.49924928,-0.3957729,-0.29427955,-0.9435952,-0.15174846,-0.23285872,-1.0969993,-0.32102972,-0.18351127,-0.6966907,-0.3546428,-0.1971802,-0.5293557,-0.3464821,-0.09853944,-0.9866444,-0.15612964,-0.033028595,-1.1930373,-0.3195355,-0.03584431,-0.79305065,-0.2972742,-0.07273379,-0.5333212,-0.2350191,0.08338879,-0.9706715,-0.17371503,0.08559038,-1.3250563,-0.26925418,0.07115186,-1.529431,-0.2754364,0.04228108,-1.7519453,-0.25587597,I
0.0,0.0,0.0,-0.3003357,0.0025553354,-0.24045275,-0.48968408,-0.2166808,-0.3967607,-0.325205,-0.51903665,-0.51871175,-0.06543472,-0.6803044,-0.609465,-0.5268831,-0.72307634,-0.35173142,-0.32586172,-0.9308269,-0.53214926,-0.23944755,-0.6045116,-0.60171205,-0.25314853,-0.4103843,-0.64271057,-0.3098218,-0.8968063,-0.3158306,-0.15748343,-1.0896242,-0.52760375,-0.10256267,-0.70516086,-0.5706504,-0.144261,-0.5234726,-0.578343,-0.08508591,-0.9805323,-0.29992747,0.041576844,-1.2421243,-0.5029649,0.07209593,-0.8359389,-0.4791517,0.015498435,-0.56358486,-0.42690372,0.1306069,-0.9751982,-0.30103847,0.164038,-1.3248881,-0.44904307,0.17518327,-1.559296,-0.47356078,0.141349,-1.8233986,-0.472157,I
0.0,0.0,0.0,-0.2862952,-0.0038966709,-0.24063072,-0.47410125,-0.2655176,-0.38312075,-0.2745304,-0.5534501,-0.4960102,0.0006430082,-0.669319,-0.57684654,-0.44682044,-0.8031255,-0.2975883,-0.30650207,-0.98854727,-0.48562938,-0.19879349,-0.6669618,-0.57501805,-0.16376987,-0.4724245,-0.61931914,-0.23167114,-0.93823856,-0.25697646,-0.1117121,-1.1360933,-0.4771554,-0.047169276,-0.74778897,-0.5407848,-0.058526482,-0.5558615,-0.5484669,-0.022471186,-0.9971718,-0.24159575,0.10786679,-1.2569282,-0.44328657,0.12287784,-0.86175835,-0.4339177,0.072525576,-0.59044135,-0.37924427,0.17710131,-0.98906416,-0.24471301,0.19241025,-1.3413072,-0.37843332,0.19730574,-1.5650208,-0.40314937,0.17872135,-1.8090528,-0.39662254,I
0.0,0.0,0.0,-0.3039999,-0.046349425,-0.19370034,-0.4781426,-0.34626707,-0.30812302,-0.26662806,-0.6250089,-0.3995301,0.020500146,-0.70069027,-0.4604192,-0.40840197,-0.8767483,-0.21524054,-0.2680816,-1.0432372,-0.3836057,-0.21267569,-0.701684,-0.48264775,-0.21426621,-0.51319814,-0.5332982,-0.2066869,-0.96152174,-0.18098739,-0.08180953,-1.1287589,-0.3700451,-0.055756774,-0.75579816,-0.43932095,-0.09138189,-0.58440876,-0.45184225,-0.019489998,-0.9935537,-0.16717054,0.11020701,-1.2609081,-0.32784685,0.1150771,-0.8782671,-0.3097996,0.07049203,-0.61983,-0.25138098,0.15324761,-0.9747398,-0.16949739,0.16386978,-1.3231053,-0.25621837,0.16908994,-1.5260773,-0.25135264,0.1663567,-1.7593776,-0.22368763,I
0.0,0.0,0.0,-0.26707593,-0.07332623,-0.19116667,-0.46308044,-0.36576274,-0.29991686,-0.3295363,-0.6494528,-0.38724706,-0.06381134,-0.72813773,-0.443009,-0.38051084,-0.8542058,-0.22818549,-0.3201119,-1.0905896,-0.39160305,-0.29375744,-0.7499501,-0.45972365,-0.32235765,-0.5351758,-0.48591673,-0.19167963,-0.9614921,-0.19695643,-0.10079143,-1.1776693,-0.3868529,-0.06785894,-0.7704625,-0.4243666,-0.11730313,-0.60431826,-0.4106791,-0.0020515695,-0.9970032,-0.18775526,0.11019401,-1.2727324,-0.36374167,0.12169218,-0.8723519,-0.32582384,0.06617803,-0.6094404,-0.25069365,0.18268266,-0.9688477,-0.19445749,0.20739242,-1.3337379,-0.30809906,0.22521356,-1.5512787,-0.3116483,0.21779837,-1.7953061,-0.28683516,I
0.0,0.0,0.0,-0.2731016,-0.04572685,-0.15734053,-0.52161086,-0.31795615,-0.25371292,-0.4561718,-0.6237557,-0.33835062,-0.19623435,-0.7508439,-0.39600196,-0.4306679,-0.8579135,-0.11989154,-0.3591795,-1.0532646,-0.27694356,-0.2916842,-0.7594773,-0.37153918,-0.25387222,-0.54817253,-0.4132576,-0.24021359,-0.9657995,-0.09761575,-0.17746624,-1.170555,-0.274948,-0.13524595,-0.7955462,-0.3262333,-0.12753849,-0.5505367,-0.3162475,-0.05506179,-0.9991015,-0.10019136,-0.0019032549,-1.2811478,-0.25137794,0.0015360529,-0.918832,-0.22517863,-0.012895893,-0.6273174,-0.1562849,0.11689755,-0.9604792,-0.11724176,0.109387666,-1.3055484,-0.20208816,0.08969098,-1.5275623,-0.20133331,0.064610936,-1.754888,-0.174769,I
0.0,0.0,0.0,-0.33487695,-0.0929819,-0.1103044,-0.58595175,-0.34341207,-0.18550165,-0.4708331,-0.65287113,-0.2626455,-0.22103786,-0.7835205,-0.31254897,-0.48654446,-0.8351212,-0.07581172,-0.45304132,-1.0699503,-0.24363804,-0.35604316,-0.78427136,-0.35073853,-0.30847803,-0.5482094,-0.40046725,-0.2808325,-0.95653254,-0.07860358,-0.27416608,-1.1870391,-0.2643938,-0.21077567,-0.7955862,-0.33498597,-0.20391168,-0.5652986,-0.34810603,-0.092124395,-1.0118029,-0.10512298,-0.05734406,-1.30062,-0.27070186,-0.0656289,-0.91089684,-0.25367513,-0.09124074,-0.601765,-0.19289862,0.09400276,-1.0023162,-0.14292379,0.08551471,-1.3929837,-0.23691192,0.06321013,-1.6189,-0.24105915,0.030096497,-1.8456511,-0.21967627,I
0.0,0.0,0.0,-0.33898178,-0.113842264,-0.111861505,-0.57526505,-0.41265538,-0.182778,-0.44788742,-0.7121542,-0.2553858,-0.17873368,-0.79034066,-0.3092595,-0.41175455,-0.89145786,-0.08575069,-0.39985862,-1.1138425,-0.23211218,-0.3408543,-0.8217063,-0.32739532,-0.3164772,-0.602256,-0.37429294,-0.2069419,-0.9742545,-0.0894609,-0.2009639,-1.1845205,-0.2605832,-0.17421962,-0.80570966,-0.32511914,-0.17447196,-0.5527216,-0.3333655,-0.02303529,-0.9984535,-0.11635135,-0.0031582352,-1.2692049,-0.26563245,-0.039348766,-0.9022002,-0.26440763,-0.0764325,-0.5913446,-0.2175427,0.147356,-0.9666559,-0.15458038,0.16103835,-1.3735017,-0.241255,0.15050142,-1.6296594,-0.2616097,0.13133973,-1.8765336,-0.2567358,I
0.0,0.0,0.0,-0.33327982,-0.106953494,-0.0997616,-0.5740097,-0.42521906,-0.15778255,-0.46724752,-0.73083806,-0.22784266,-0.19687219,-0.79052407,-0.27768156,-0.41340765,-0.90514165,-0.018104939,-0.42235982,-1.1424137,-0.15944579,-0.36010778,-0.8447368,-0.24968532,-0.311872,-0.6476105,-0.28739893,-0.21085447,-0.97714996,-0.026799494,-0.20806982,-1.2168597,-0.20891012,-0.18478435,-0.8340702,-0.28011218,-0.17448789,-0.58464664,-0.2784896,-0.021359384,-1.0094161,-0.06077018,-0.007325951,-1.2798955,-0.22272818,-0.043432508,-0.8826012,-0.22481485,-0.06920784,-0.56932783,-0.16362675,0.15631571,-1.0006112,-0.10554577,0.15860373,-1.3908521,-0.18320194,0.13733688,-1.6385432,-0.19517279,0.11706528,-1.8808925,-0.17624658,I
0.0,0.0,0.0,-0.32851562,-0.10578839,-0.08758996,-0.57072145,-0.43816763,-0.13955016,-0.4587433,-0.7285282,-0.2051596,-0.19140753,-0.7739137,-0.25132814,-0.4084846,-0.90973246,-0.015043414,-0.41418582,-1.1495384,-0.15056638,-0.36163428,-0.8524195,-0.2362425,-0.3160634,-0.6520308,-0.27233005,-0.20215306,-0.97894514,-0.028292505,-0.2036338,-1.2203728,-0.2059154,-0.18497065,-0.8454383,-0.2743484,-0.17154896,-0.59530836,-0.27176997,-0.0063078348,-1.0074506,-0.064806014,-0.0030091726,-1.290119,-0.21721238,-0.042023975,-0.9040935,-0.21345375,-0.06709411,-0.5922519,-0.1517275,0.17791204,-0.99612266,-0.111652285,0.17392541,-1.390183,-0.18513285,0.14667106,-1.6415794,-0.1953761,0.12069348,-1.8833429,-0.17699502,I
0.0,0.0,0.0,-0.32710204,-0.09543435,-0.09313923,-0.57158273,-0.43287098,-0.14859523,-0.45486444,-0.7332259,-0.21716765,-0.18524927,-0.7862693,-0.2683317,-0.42516953,-0.8926706,-0.020336509,-0.43523058,-1.1318463,-0.15818435,-0.36802524,-0.84024274,-0.24776733,-0.31110656,-0.63293284,-0.28663823,-0.2201647,-0.9749599,-0.0313171,-0.22359565,-1.213987,-0.21252488,-0.19683181,-0.8365357,-0.2843684,-0.17456698,-0.5737708,-0.2832342,-0.024570644,-1.0137061,-0.06599156,-0.018090937,-1.2981894,-0.22144759,-0.054660082,-0.90700614,-0.22170033,-0.07775902,-0.5839311,-0.16228163,0.15765639,-1.0099814,-0.111220874,0.15182008,-1.398789,-0.18644944,0.12847082,-1.6494805,-0.19961569,0.10747427,-1.8942059,-0.1841564,I
0.0,0.0,0.0,-0.331211,-0.09570564,-0.10172064,-0.5821858,-0.39713287,-0.16663687,-0.46997595,-0.6935036,-0.24057764,-0.19950527,-0.7572753,-0.2965118,-0.44525737,-0.89174396,-0.05128745,-0.4332137,-1.1395643,-0.19163181,-0.37200508,-0.840109,-0.277716,-0.32807577,-0.6209176,-0.31418198,-0.22955005,-0.971474,-0.05954066,-0.22288015,-1.2116165,-0.24643439,-0.19159985,-0.8189999,-0.3165834,-0.17141713,-0.5447331,-0.31437898,-0.027336434,-1.0123779,-0.0905675,-0.0112685,-1.2804276,-0.25321013,-0.04391308,-0.88554513,-0.25627646,-0.07078623,-0.5596484,-0.19786806,0.16220728,-1.0103644,-0.13146731,0.14845578,-1.4002868,-0.21200185,0.12676026,-1.6525702,-0.22703566,0.105336234,-1.8953935,-0.21244033,I
0.0,0.0,0.0,-0.2477995,-0.0005278145,-0.25010565,-0.538955,-0.06720387,-0.42131683,-0.63233364,-0.03796374,-0.5550574,-0.41793412,0.012074457,-0.6543281,-0.40526986,-0.87899834,-0.33759326,-0.44075048,-0.40292224,-0.5049395,-0.3883429,-0.15799224,-0.5670205,-0.36105147,-0.21454653,-0.6082313,-0.13029303,-0.94576836,-0.2975666,-0.16455877,-0.30753255,-0.458869,-0.16414635,-0.09174181,-0.46789292,-0.17461066,-0.21198031,-0.46663016,0.12647602,-0.8805053,-0.2807044,0.09114739,-0.2736367,-0.4248719,0.06192342,-0.10792075,-0.37545198,0.047048017,-0.22228341,-0.32986158,0.34057254,-0.75084096,-0.29227424,0.30485457,-0.29523456,-0.38607424,0.262093,-0.13618669,-0.3692596,0.23877193,-0.19202457,-0.34288758,YES
0.0,0.0,0.0,-0.25618416,0.021527782,-0.25577942,-0.5597686,-0.025762739,-0.43334115,-0.6524526,0.017270183,-0.57249826,-0.43044415,0.051747087,-0.6757106,-0.43295768,-0.85068184,-0.36367977,-0.46746132,-0.3696673,-0.55184466,-0.3994444,-0.108628266,-0.6280456,-0.36234385,-0.16121617,-0.6778132,-0.1452705,-0.93495697,-0.32365406,-0.16874476,-0.27890542,-0.49361536,-0.16127278,-0.043060366,-0.49880734,-0.17094816,-0.15744124,-0.49543217,0.12487788,-0.8766353,-0.307865,0.10041358,-0.24449988,-0.4568239,0.07440453,-0.067244045,-0.39447355,0.060198817,-0.18069251,-0.34023467,0.35322112,-0.74610674,-0.32195833,0.31908587,-0.27421284,-0.42287898,0.27688965,-0.10964404,-0.4022743,0.2542336,-0.16949192,-0.37142155,YES
0.0,0.0,0.0,-0.2529637,-0.0054162364,-0.22547098,-0.5222437,-0.0660269,-0.38453782,-0.59710675,-0.10051798,-0.5101038,-0.39096633,-0.10728097,-0.6026954,-0.3850146,-0.8839601,-0.31056026,-0.3730984,-0.45813832,-0.44958383,-0.35326183,-0.21893832,-0.4911988,-0.35999495,-0.25844944,-0.52216893,-0.12361054,-0.95189786,-0.28037655,-0.1323279,-0.34459937,-0.43580174,-0.15889077,-0.11319343,-0.4523972,-0.18242922,-0.18908699,-0.45449206,0.119960964,-0.8944477,-0.2671255,0.09976845,-0.30152115,-0.411501,0.059654593,-0.10174035,-0.3737744,0.038158845,-0.17177342,-0.33386922,0.32731923,-0.7666764,-0.2778179,0.29892117,-0.32511836,-0.37475637,0.2613482,-0.16386567,-0.36362302,0.23720959,-0.20993811,-0.33892,YES
0.0,0.0,0.0,-0.273075,-0.003713699,-0.226494,-0.56076854,-0.07408553,-0.389508,-0.6040318,-0.06340403,-0.5176228,-0.3771362,-0.04199256,-0.61048317,-0.43133208,-0.8775152,-0.32335618,-0.43840495,-0.412447,-0.4785597,-0.40570697,-0.17695165,-0.531975,-0.3984887,-0.26026738,-0.5706965,-0.15925048,-0.942399,-0.2941486,-0.16627048,-0.31153417,-0.44749576,-0.17919505,-0.092130035,-0.45039842,-0.19657592,-0.23720868,-0.44585848,0.096289776,-0.88318086,-0.28494224,0.08559438,-0.2694718,-0.41874462,0.042611454,-0.10506138,-0.361579,0.013088951,-0.24148263,-0.3134475,0.31538582,-0.7580142,-0.30222204,0.28307083,-0.30413932,-0.39227968,0.2375832,-0.15841739,-0.37314162,0.20768447,-0.24240047,-0.34537628,YES
0.0,0.0,0.0,-0.2292028,-0.05871332,-0.16804469,-0.4715566,-0.14699541,-0.29680905,-0.6002849,-0.22100659,-0.40622565,-0.5063651,-0.25573736,-0.48926336,-0.42422336,-0.89525646,-0.21515274,-0.45966965,-0.5592051,-0.35724637,-0.43212554,-0.33204746,-0.42866933,-0.42097703,-0.3216665,-0.47540107,-0.19262163,-0.95870924,-0.20922124,-0.22421786,-0.4326376,-0.34820855,-0.2488378,-0.20682487,-0.38021556,-0.27070922,-0.22358185,-0.39326715,0.02878731,-0.89674544,-0.22052522,-0.006031306,-0.36240256,-0.34735027,-0.04493814,-0.1720736,-0.3188999,-0.06953586,-0.21085443,-0.28750125,0.22566937,-0.76851153,-0.25211963,0.18742909,-0.35731348,-0.33243707,0.14505407,-0.20037176,-0.3170031,0.11422785,-0.22193629,-0.29091743,YES
0.0,0.0,0.0,0.23192772,0.025283858,-0.139431,0.47230068,-0.035865933,-0.23986906,0.61138624,-0.088335946,-0.3336433,0.6848876,-0.11656598,-0.41548222,0.5652322,-0.78624356,-0.17095596,0.6358416,-0.44911417,-0.36610532,0.58295393,-0.2443012,-0.49499044,0.5387872,-0.19278572,-0.56596446,0.3521236,-0.9179988,-0.18244813,0.35682645,-0.4404248,-0.34189916,0.3133047,-0.21809751,-0.39829952,0.29701135,-0.21413974,-0.42317012,0.11825128,-0.924807,-0.21615183,0.08897935,-0.40840775,-0.36207238,0.054908805,-0.19647942,-0.35643846,0.05353823,-0.21299414,-0.33331847,-0.10818457,-0.8489893,-0.26800513,-0.14469151,-0.37786257,-0.36292922,-0.15253243,-0.16722703,-0.35522446,-0.13801813,-0.14475255,-0.32874683,YES
0.0,0.0,0.0,-0.2875073,0.036373433,-0.21033832,-0.5881189,0.013864902,-0.36959755,-0.7441344,0.0030887718,-0.49129906,-0.66394645,-0.03733253,-0.5773444,-0.61049926,-0.83205503,-0.30092764,-0.6680081,-0.20835038,-0.46343273,-0.56183946,-0.061702657,-0.5553914,-0.4843521,-0.17926684,-0.6215298,-0.3670394,-0.88709414,-0.27990356,-0.4003524,-0.1790125,-0.41411787,-0.33760855,-0.09674176,-0.43790483,-0.29794943,-0.23875572,-0.4550125,-0.11158072,-0.8208022,-0.27617574,-0.15328056,-0.15933801,-0.39010388,-0.116903484,-0.093394615,-0.33004802,-0.087831266,-0.2443138,-0.28514874,0.12897755,-0.68774766,-0.29895514,0.06620946,-0.20133705,-0.3898547,0.081093706,-0.1347831,-0.36718026,0.11039236,-0.25815403,-0.33296102,YES
0.0,0.0,0.0,-0.34894842,0.046724066,-0.192645,-0.6638922,0.059194032,-0.33170757,-0.8295401,0.06944989,-0.44290718,-0.7154509,-0.0009950582,-0.5268738,-0.6434347,-0.8248939,-0.26329362,-0.6468121,-0.20658152,-0.411754,-0.5885225,-0.0021562963,-0.49041858,-0.5747502,-0.0654648,-0.54659516,-0.3657233,-0.8935,-0.26058453,-0.40678713,-0.1757889,-0.3947761,-0.3934143,-0.032209396,-0.42109427,-0.408867,-0.14716834,-0.43949422,-0.097992,-0.823442,-0.27608812,-0.15561318,-0.13146251,-0.4087084,-0.15051983,-0.019025788,-0.37224355,-0.15100867,-0.14053853,-0.33716443,0.12649894,-0.68096143,-0.31412238,0.080026776,-0.13584061,-0.41064778,0.06913208,-0.04366773,-0.39717335,0.05623312,-0.1451107,-0.37175897,YES
0.0,0.0,0.0,-0.28370535,0.024274986,-0.20865826,-0.5753313,0.072914675,-0.37609565,-0.69282377,0.17903462,-0.5108423,-0.5890108,0.19672321,-0.6150758,-0.5996565,-0.79239184,-0.35802525,-0.5894768,-0.17734659,-0.50792557,-0.53314257,-0.021567658,-0.57249415,-0.5106598,-0.112583384,-0.6237328,-0.29884943,-0.8873996,-0.35101414,-0.25448674,-0.021439312,-0.48827907,-0.23370536,0.04912857,-0.50660264,-0.23490907,-0.12360626,-0.52814084,0.003041694,-0.83936757,-0.35628268,0.0131246,-0.013128338,-0.473855,0.008639939,0.039198518,-0.4123322,0.006409447,-0.12154814,-0.37148756,0.27424923,-0.7196587,-0.38928345,0.25742167,-0.07440915,-0.49256304,0.23493981,-0.0012203328,-0.47405463,0.22816817,-0.12592688,-0.44585896,YES
0.0,0.0,0.0,-0.45246896,0.1875111,-0.30474886,-0.8041439,0.44569767,-0.5676783,-0.8458328,0.7454393,-0.7835663,-0.57321227,0.8666834,-0.9648997,-0.7649682,-0.590494,-0.5947811,-0.6641339,0.5142763,-0.8815172,-0.5821663,0.51829416,-1.0072672,-0.5500242,0.2357973,-1.0716947,-0.32841575,-0.7379364,-0.58957016,-0.20251642,0.6214533,-0.81636596,-0.19473141,0.45166352,-0.8023948,-0.21388018,0.08992944,-0.7750282,0.09459956,-0.70170146,-0.60591596,0.13880621,0.612513,-0.8096809,0.074686125,0.4544732,-0.67043793,0.019380698,0.10636383,-0.53451616,0.45889652,-0.5704737,-0.66652936,0.44214094,0.4996164,-0.8420903,0.3472125,0.468288,-0.7903455,0.28542387,0.21335956,-0.70160973,YES
0.0,0.0,0.0,-0.5003439,0.23544283,-0.31435513,-0.8729899,0.56450486,-0.5924647,-0.964167,0.92111224,-0.811703,-0.68982357,1.0508337,-0.9889067,-0.8896846,-0.46583325,-0.65224874,-0.7471607,0.784036,-0.94991344,-0.62350863,0.7603637,-1.0933447,-0.5914645,0.4105808,-1.180402,-0.4332821,-0.6265608,-0.64783347,-0.25677085,0.8159107,-0.8726087,-0.2501443,0.57063836,-0.8578516,-0.2867856,0.13296106,-0.8469273,0.016757011,-0.59455633,-0.66239476,0.14682774,0.7553392,-0.8558766,0.07252581,0.54840744,-0.68661326,0.011332594,0.13772243,-0.54251057,0.41454637,-0.4578241,-0.7244661,0.4784745,0.61778796,-0.89941573,0.40435886,0.5010308,-0.8400438,0.33880016,0.15396133,-0.75502443,YES
0.0,0.0,0.0,-0.3358216,0.16830432,-0.26479042,-0.758624,0.3147684,-0.43211147,-0.91436017,0.53425395,-0.5455901,-0.62226,0.5429436,-0.61792374,-0.80811965,-0.58508056,-0.40246284,-0.7329733,0.3103247,-0.600008,-0.5967513,0.26940775,-0.7208815,-0.57347447,-0.006928641,-0.80357677,-0.43504715,-0.8251158,-0.36044115,-0.2714666,0.48460737,-0.493492,-0.24354494,0.19997981,-0.48772374,-0.2937162,-0.21848989,-0.47966984,-0.037935417,-0.8156519,-0.3400768,0.09282653,0.394897,-0.44650412,0.038952768,0.17850891,-0.30333185,-0.026528558,-0.19085275,-0.17737989,0.31772232,-0.6643038,-0.36135182,0.37354252,0.22448155,-0.49927893,0.33379084,0.050619517,-0.4684229,0.28819397,-0.29403967,-0.39879948,YES
0.0,0.0,0.0,-0.49257964,0.23182434,-0.3284893,-0.8763347,0.5674772,-0.5986414,-0.9267698,0.98229706,-0.8042303,-0.6923611,1.1758602,-0.9727408,-0.8206372,-0.49642062,-0.6923927,-0.68406016,0.81321573,-0.97160983,-0.5887178,0.8556819,-1.0864316,-0.5393181,0.5831245,-1.1492056,-0.3369565,-0.6601017,-0.6713614,-0.21796432,0.89426315,-0.8845488,-0.21009287,0.7016751,-0.85752505,-0.2209962,0.31353283,-0.83342135,0.11023341,-0.6195341,-0.66441685,0.1417878,0.8416691,-0.85926247,0.070995264,0.6553163,-0.6973147,0.016530951,0.25930133,-0.5528482,0.47661656,-0.46889612,-0.7027511,0.45655203,0.69395286,-0.88591844,0.36949444,0.612423,-0.8241557,0.30865115,0.28878936,-0.7301481,YES
0.0,0.0,0.0,-0.31752473,0.078148425,-0.26185155,-0.6328645,0.15068345,-0.46691778,-0.71566164,0.2635813,-0.628516,-0.5158423,0.2848211,-0.7602567,-0.58619535,-0.76097816,-0.4502712,-0.5089142,-0.099720486,-0.6434522,-0.46678644,0.0886385,-0.7240405,-0.4702244,0.0031235362,-0.781505,-0.2587738,-0.8672806,-0.42527702,-0.16819255,0.0025216183,-0.6174504,-0.20782824,0.14196998,-0.6397406,-0.26324427,-0.017579133,-0.6516465,0.052909624,-0.8199713,-0.41604996,0.10846699,0.0076061715,-0.5831041,0.04836523,0.10277965,-0.52310014,-0.0032031252,-0.056638557,-0.46993357,0.31523666,-0.69837606,-0.43784097,0.34093863,-0.04827477,-0.5680501,0.29087377,0.074438624,-0.553445,0.25098714,-0.030843507,-0.522349,YES
0.0,0.0,0.0,-0.22396095,-0.04504266,-0.19815478,-0.4734373,-0.16401412,-0.3381417,-0.51734424,-0.2039659,-0.45189923,-0.29619595,-0.18117785,-0.53621024,-0.35765606,-0.8939695,-0.24877302,-0.3321554,-0.52676314,-0.4079519,-0.3180112,-0.27752596,-0.48344162,-0.33154678,-0.31301308,-0.5328968,-0.12341226,-0.9658066,-0.22800688,-0.10323109,-0.43623814,-0.38428238,-0.13819458,-0.18584834,-0.40655014,-0.17242478,-0.23805071,-0.40712306,0.094657816,-0.90506744,-0.22889863,0.11024436,-0.36935598,-0.37009993,0.043120593,-0.16547997,-0.33846006,-0.007107396,-0.22927305,-0.29846948,0.2808261,-0.7714658,-0.2529151,0.27871507,-0.36524564,-0.34916508,0.2127218,-0.20054355,-0.34369293,0.15870656,-0.22895594,-0.3194114,YES
0.0,0.0,0.0,-0.40202865,0.021698432,-0.30805436,-0.73896086,0.07718761,-0.5684805,-0.7017803,0.46923712,-0.7770803,-0.39740294,0.77779907,-0.96186095,-0.4667114,-0.813715,-0.60595304,-0.4377641,0.12965085,-0.90413594,-0.4223061,0.43349823,-1.0739202,-0.42514923,0.3003596,-1.1928502,-0.045677926,-0.8040579,-0.5927937,-0.046603873,0.262244,-0.8510916,-0.12049853,0.4500518,-0.88519245,-0.15631077,0.20946732,-0.9098668,0.3089928,-0.6326707,-0.59873646,0.27073562,0.36588064,-0.80653363,0.1622429,0.45274028,-0.7230579,0.107646435,0.18668708,-0.65658885,0.57755053,-0.40045065,-0.6423525,0.51230794,0.3537614,-0.8083964,0.42510742,0.44186842,-0.7792649,0.39645523,0.25986263,-0.73636913,YES
0.0,0.0,0.0,-0.32044396,-0.0050031636,-0.32434115,-0.6409728,-0.029644985,-0.55729735,-0.6790243,0.09735525,-0.7317682,-0.3954704,0.14796348,-0.8678685,-0.35016617,-0.90614307,-0.53661865,-0.35709867,-0.04274049,-0.78252065,-0.3807986,0.07343226,-0.9127083,-0.36045238,-0.0818019,-1.0021662,0.0060514794,-0.8713593,-0.49060813,-0.033082068,0.1904502,-0.6971415,-0.123931006,0.16905259,-0.70469487,-0.15962133,-0.08394407,-0.7066977,0.29924637,-0.67749405,-0.4684326,0.2042625,0.3265732,-0.65046406,0.08796696,0.2735378,-0.53433156,0.057807285,0.00857327,-0.43571404,0.5094867,-0.42309552,-0.4887979,0.40268022,0.31153455,-0.6684166,0.29615465,0.29879716,-0.64394605,0.27449813,0.09936644,-0.5883127,YES
0.0,0.0,0.0,-0.38803852,0.0011679021,-0.2957049,-0.7201916,0.080370806,-0.5451107,-0.72506976,0.504037,-0.743591,-0.5004812,0.87917346,-0.9198632,-0.45430425,-0.81996965,-0.61675334,-0.41613418,0.17792092,-0.87296844,-0.42547137,0.34774166,-1.0023949,-0.42921674,0.19714831,-1.0951704,-0.03902235,-0.7967352,-0.60306746,-0.06682545,0.40596592,-0.825253,-0.18227087,0.48885852,-0.8431044,-0.24042611,0.23521295,-0.8629906,0.318787,-0.6043009,-0.6013553,0.23037355,0.53471565,-0.7809202,0.06553942,0.586445,-0.68678576,-0.009706066,0.32934842,-0.61497647,0.594762,-0.34501696,-0.6391004,0.46615347,0.5005024,-0.8002821,0.3048073,0.57770026,-0.77367854,0.23230107,0.41905093,-0.7308448,YES
0.0,0.0,0.0,-0.3341856,-0.004788576,-0.30376357,-0.6272371,-0.0060917116,-0.5380864,-0.66795504,0.21151125,-0.7216691,-0.51066226,0.35903388,-0.8812024,-0.31679243,-0.8961387,-0.55286914,-0.29597965,0.0660549,-0.791806,-0.34151965,0.2581971,-0.9352833,-0.34984946,0.118492715,-1.0457741,0.06673325,-0.84728235,-0.5269339,0.025277257,0.2261944,-0.7351926,-0.09244228,0.34153304,-0.76670426,-0.12941317,0.15729335,-0.8012077,0.3740707,-0.6442046,-0.51603746,0.25979197,0.3304419,-0.6948679,0.13449071,0.38535208,-0.61980975,0.114809796,0.169778,-0.56575626,0.6022555,-0.381142,-0.5422338,0.47778377,0.30514288,-0.6890362,0.35058805,0.35858983,-0.66385716,0.3211654,0.20538162,-0.62891245,YES
0.0,0.0,0.0,-0.31070822,-0.02781569,-0.29560304,-0.5936495,-0.16758303,-0.49447668,-0.5783942,-0.02409684,-0.6413127,-0.2981583,0.15424012,-0.7511796,-0.23636335,-0.9270545,-0.4636375,-0.26678935,-0.21486355,-0.67706215,-0.3078027,0.07152688,-0.77306336,-0.30931294,-0.0019417519,-0.83907384,0.093434036,-0.90319425,-0.41893947,0.02020813,-0.06643451,-0.61124295,-0.0900355,0.1363286,-0.6198853,-0.12757462,-0.03639602,-0.623791,0.35051367,-0.7281887,-0.398312,0.2445434,0.07077837,-0.5666469,0.10639041,0.20638211,-0.50227654,0.05889697,0.0374426,-0.4483517,0.534454,-0.4931449,-0.41183043,0.43207055,0.0517545,-0.550539,0.29615882,0.18005586,-0.541612,0.2270156,0.09841853,-0.51518077,YES
0.0,0.0,0.0,-0.29894772,-0.036215417,-0.28898335,-0.5852584,-0.17347124,-0.48442572,-0.5832853,0.023842953,-0.6280298,-0.31000116,0.23186828,-0.7372099,-0.23834543,-0.94956326,-0.4605835,-0.2795606,-0.18415926,-0.6813325,-0.34268194,0.053318605,-0.7955083,-0.346221,-0.07256215,-0.8815381,0.09718659,-0.9008515,-0.42310917,0.021966698,-0.037126742,-0.6209882,-0.092249304,0.113733046,-0.64018506,-0.11204614,-0.086923,-0.6574851,0.36056858,-0.7104679,-0.40937597,0.25400367,0.0953305,-0.57310075,0.12052642,0.16981612,-0.5104994,0.086493164,-0.044842258,-0.4643054,0.5545424,-0.4645407,-0.43103576,0.4485839,0.0846715,-0.5732811,0.32461286,0.16314127,-0.5736172,0.27968994,0.036203124,-0.5579419,YES
0.0,0.0,0.0,-0.35464188,0.04153791,-0.27199888,-0.6367989,0.096448466,-0.51006866,-0.6288621,0.2971302,-0.71486855,-0.45036465,0.42969996,-0.9099515,-0.47752753,-0.8517764,-0.4791235,-0.43481487,-0.04647752,-0.7483383,-0.32710564,0.27297905,-0.9381286,-0.2428108,0.3596537,-1.0522366,-0.10025117,-0.8794973,-0.46522492,-0.12060019,-0.018877797,-0.67970103,-0.08472585,0.32729262,-0.7539085,-0.05083586,0.46950978,-0.796476,0.2219603,-0.77020913,-0.46626133,0.18029892,0.072038144,-0.6415437,0.19106984,0.38300285,-0.59803045,0.20605758,0.49591434,-0.5438684,0.4997753,-0.5837696,-0.49902707,0.43305707,0.0073957257,-0.5851147,0.38557371,0.29288718,-0.5131686,0.3735092,0.42581978,-0.43829107,YES
0.0,0.0,0.0,-0.29519954,0.0130510675,-0.2622281,-0.5950312,0.049573064,-0.46477458,-0.6509531,0.24741909,-0.6256548,-0.46848053,0.3957778,-0.7585114,-0.46226576,-0.84059423,-0.44796234,-0.45855635,-0.047628786,-0.66228455,-0.38919154,0.2045334,-0.7719952,-0.34637728,0.13640122,-0.8453027,-0.10808607,-0.8959526,-0.43079737,-0.10811465,0.055183336,-0.6173958,-0.14083382,0.21783616,-0.6427393,-0.16703597,0.07641488,-0.6595449,0.21363766,-0.7902718,-0.4314637,0.20000738,0.14112782,-0.5954576,0.13256046,0.2536965,-0.53446114,0.09959345,0.074925624,-0.48263475,0.47705722,-0.60589343,-0.4653501,0.43295044,0.14119981,-0.5922206,0.37470505,0.2897981,-0.5690588,0.35825837,0.18270066,-0.5317417,YES
0.0,0.0,0.0,-0.34994683,0.03247008,-0.24975817,-0.6510935,0.083404034,-0.45774436,-0.718912,0.30108976,-0.6300226,-0.6290164,0.44531226,-0.7844008,-0.5046785,-0.8338234,-0.4457207,-0.50144845,0.00037288535,-0.66107255,-0.48511595,0.15995874,-0.7968079,-0.47502324,0.007096928,-0.8994711,-0.14171761,-0.88480633,-0.4438849,-0.14928852,0.045567676,-0.61966574,-0.17474823,0.15336,-0.66175616,-0.17549461,-0.014283446,-0.7057188,0.18772173,-0.78694755,-0.45759696,0.16374207,0.098869696,-0.6227338,0.11162649,0.20341016,-0.57290965,0.09924803,0.03426913,-0.5370174,0.47392696,-0.6130459,-0.5038885,0.43623045,0.08000206,-0.63077325,0.38564274,0.22605325,-0.6065505,0.38704106,0.13496149,-0.57677317,YES
0.0,0.0,0.0,0.51812816,0.10938824,-0.35575005,0.89645326,0.21842615,-0.5989072,0.98644114,0.4171618,-0.78677154,0.906808,0.63853717,-0.9649863,0.58211064,-0.70563835,-0.70093155,0.7028867,0.54190344,-1.0275729,0.597783,0.5940172,-1.2154945,0.5288351,0.31225795,-1.35432,0.17402273,-0.73087996,-0.65994745,0.34411183,0.69991565,-0.91793,0.27694374,0.5843477,-0.94271857,0.20865294,0.18341167,-0.9900269,-0.18330279,-0.58814013,-0.63958126,0.000842187,0.7521786,-0.8582185,-0.015470622,0.6068543,-0.796159,-0.016301282,0.17868902,-0.76218456,-0.4781989,-0.37570345,-0.66516596,-0.31862974,0.6805031,-0.88805115,-0.3084332,0.6553188,-0.93046784,-0.33623755,0.40159574,-0.9467903,YES
0.0,0.0,0.0,-0.33287853,0.10343528,-0.25382656,-0.6455886,0.25505656,-0.46682698,-0.8684772,0.39671054,-0.6376281,-0.873248,0.4311201,-0.7733692,-0.73103046,-0.7479817,-0.44634894,-0.74673337,0.11616043,-0.67114663,-0.6478322,0.16642185,-0.7895939,-0.6038142,-0.07406326,-0.8615282,-0.3769562,-0.8172688,-0.43586195,-0.41363737,0.30500677,-0.6126014,-0.36377448,0.21252564,-0.62313664,-0.35275266,-0.08801034,-0.62673485,-0.035953075,-0.7220684,-0.44397917,-0.117993526,0.35002202,-0.5918905,-0.11298846,0.23853385,-0.48469913,-0.112932384,-0.048411492,-0.39545783,0.24981359,-0.5348237,-0.48648435,0.16879442,0.29503748,-0.6169775,0.15552859,0.21207668,-0.5824726,0.15363581,-0.06063121,-0.52604145,YES
0.0,0.0,0.0,-0.3267572,0.103306934,-0.26419654,-0.6648737,0.25169283,-0.45424435,-0.8291571,0.41243452,-0.6016574,-0.6371878,0.45499635,-0.7084666,-0.67894936,-0.7584823,-0.4068968,-0.66337776,0.0022616105,-0.6039812,-0.5921043,0.15414733,-0.686247,-0.5561446,0.010186546,-0.7360207,-0.3085351,-0.8718749,-0.38031596,-0.2696876,0.25066462,-0.55590665,-0.27583218,0.26556516,-0.5507014,-0.30199683,0.036584612,-0.53095764,0.049144022,-0.80010486,-0.37603205,0.05140595,0.28210562,-0.5372586,0.0068887104,0.24795607,-0.4260219,-0.01562063,0.0015796648,-0.31738114,0.34279367,-0.63551897,-0.4079017,0.30713305,0.22236563,-0.55921054,0.2553369,0.21994692,-0.5298967,0.23623186,0.010073368,-0.4619918,YES
0.0,0.0,0.0,-0.308257,0.11204539,-0.26757047,-0.6527174,0.26564315,-0.4630684,-0.8402543,0.46581647,-0.60537857,-0.66841125,0.5068377,-0.7025343,-0.72734797,-0.70230377,-0.44314224,-0.69658893,0.12327103,-0.6047542,-0.5777786,0.26843867,-0.65685743,-0.53336746,0.119637184,-0.6954193,-0.3978696,-0.822223,-0.40700012,-0.34298524,0.26378378,-0.55137426,-0.31325525,0.20479926,-0.5400991,-0.33986807,-0.06870354,-0.5327528,-0.060538024,-0.765599,-0.38620266,-0.036335833,0.2558004,-0.5072808,-0.05888542,0.17728971,-0.39320984,-0.09006845,-0.085389204,-0.30304927,0.22284342,-0.6215089,-0.40038556,0.21299691,0.18218297,-0.52676225,0.1953288,0.109109275,-0.4999442,0.17227432,-0.15230355,-0.44942454,YES
0.0,0.0,0.0,-0.29658583,0.08982069,-0.28118712,-0.6200102,0.24093522,-0.49475577,-0.77195984,0.4265295,-0.65470713,-0.5577315,0.47940394,-0.7719189,-0.6408638,-0.76815975,-0.47658232,-0.62121457,0.04129665,-0.65196204,-0.5178796,0.22216645,-0.7058238,-0.47646123,0.07533127,-0.74235445,-0.28448778,-0.8548172,-0.4339979,-0.2673597,0.20423649,-0.58570546,-0.24981707,0.1906368,-0.5606174,-0.27077785,-0.08976824,-0.53751945,0.057926387,-0.77196634,-0.4072566,0.037225347,0.20620745,-0.5378245,-0.0031257945,0.14146188,-0.4060218,-0.030868845,-0.13126656,-0.29661882,0.33433422,-0.61056304,-0.41597143,0.28463855,0.1464084,-0.5459467,0.25419292,0.08764906,-0.50411946,0.24009693,-0.17392685,-0.4366534,YES
0.0,0.0,0.0,-0.28212994,0.10311402,-0.30023038,-0.6384356,0.20080604,-0.48291305,-0.75025964,0.41983542,-0.6039963,-0.46902275,0.502129,-0.6748106,-0.60868,-0.7664036,-0.47705886,-0.61965275,0.046801805,-0.6346594,-0.5276248,0.21517488,-0.6615034,-0.4713212,0.07581811,-0.67372483,-0.25023085,-0.87821674,-0.40757814,-0.24040653,0.2664346,-0.5496167,-0.25351873,0.16351566,-0.5125192,-0.28312704,-0.13369554,-0.47003883,0.09995311,-0.7947794,-0.3547806,0.07604948,0.24743895,-0.4928362,-0.0005153047,0.13771689,-0.35044172,-0.04044926,-0.14685117,-0.2121633,0.38366506,-0.616748,-0.34025937,0.31947875,0.13570012,-0.5012178,0.2589702,0.059517313,-0.46874276,0.24080679,-0.1892715,-0.3850963,YES
0.0,0.0,0.0,-0.25760728,0.05617212,-0.25630856,-0.5372072,0.123682976,-0.4446932,-0.60378784,0.26726052,-0.5891335,-0.42074186,0.28244117,-0.6980572,-0.51676106,-0.8134183,-0.4187305,-0.46975335,-0.109759204,-0.61290824,-0.43642816,0.09856403,-0.69994164,-0.438508,-0.039305765,-0.7600763,-0.17567225,-0.90417093,-0.38937658,-0.14216487,0.0033764513,-0.56636137,-0.19030248,0.12202201,-0.57322913,-0.23747829,-0.104132086,-0.5696204,0.14213125,-0.83885396,-0.3783645,0.14803346,0.042932317,-0.52896655,0.049219776,0.101659946,-0.43565896,-0.011230381,-0.1402781,-0.35602537,0.40203145,-0.68962896,-0.40001154,0.3699597,-0.00020444067,-0.52430373,0.26580855,0.07969824,-0.49623853,0.20698778,-0.093834184,-0.44888246,YES
0.0,0.0,0.0,-0.25701642,0.08062899,-0.28152218,-0.5806564,0.16357225,-0.4832882,-0.6746755,0.3265935,-0.6357359,-0.48067772,0.3473906,-0.74386513,-0.5205307,-0.7897955,-0.4668126,-0.51835126,-0.13649453,-0.6648744,-0.48192737,0.045034133,-0.72568744,-0.48330718,-0.11492873,-0.76647884,-0.19057523,-0.8863894,-0.42189437,-0.17821915,0.067723304,-0.6212905,-0.19931333,0.17772594,-0.6099964,-0.23752859,-0.10222845,-0.58541954,0.12715761,-0.8174239,-0.3957158,0.124997,0.08767044,-0.5696901,0.056704123,0.13029073,-0.4568076,0.0042984923,-0.1377191,-0.35534123,0.39075893,-0.665029,-0.4030712,0.35513878,0.02691339,-0.5625559,0.3009641,0.048811328,-0.5446561,0.2750167,-0.1933971,-0.49338028,YES
0.0,0.0,0.0,-0.3273609,0.12717475,-0.315155,-0.66532826,0.2311437,-0.5370002,-0.69768834,0.492679,-0.7002772,-0.46854264,0.606722,-0.8276519,-0.5473501,-0.7270456,-0.57320356,-0.5189571,0.041115627,-0.8017284,-0.5040056,0.071053445,-0.90495557,-0.504339,-0.16522524,-0.9812197,-0.16003262,-0.8341639,-0.527788,-0.102002755,0.28692538,-0.7332566,-0.14472479,0.19566143,-0.74528086,-0.1780421,-0.16588518,-0.75049263,0.20824288,-0.7444129,-0.49701953,0.2367282,0.32438636,-0.67958474,0.14079553,0.2371144,-0.5597155,0.09078236,-0.116326354,-0.45584854,0.5076279,-0.55805194,-0.5074397,0.49797925,0.28639722,-0.70766914,0.42107153,0.22930332,-0.7001649,0.38882536,-0.08789384,-0.65178525,YES
0.0,0.0,0.0,-0.34647268,0.08969704,-0.31139815,-0.6498462,0.25692663,-0.5701879,-0.75143147,0.5137078,-0.77304065,-0.6348162,0.6364076,-0.9454157,-0.5661519,-0.75651395,-0.6025725,-0.52183014,0.19273977,-0.8492252,-0.5246542,0.27728647,-0.971631,-0.52943265,0.05072949,-1.0638479,-0.16408157,-0.7996472,-0.5776172,-0.13186201,0.35948646,-0.7858816,-0.16167185,0.34121448,-0.79418224,-0.17413172,0.018917007,-0.8082841,0.1998757,-0.66849285,-0.566417,0.20374045,0.41372892,-0.75300986,0.13300425,0.36361665,-0.6322442,0.09988462,0.044909757,-0.54063636,0.49905255,-0.47363946,-0.5942405,0.47465783,0.3710438,-0.7663989,0.4083295,0.36713976,-0.73299146,0.38484666,0.10210751,-0.6818898,YES
0.0,0.0,0.0,-0.34927413,0.10266787,-0.2681172,-0.6884247,0.22881001,-0.47502184,-0.7961153,0.39695582,-0.63628876,-0.598196,0.40065733,-0.76558185,-0.62438905,-0.72661346,-0.49913538,-0.6422053,-0.046931118,-0.72436804,-0.6013313,-0.02514694,-0.8324571,-0.5620325,-0.26288143,-0.9054796,-0.237049,-0.85124725,-0.46817288,-0.22195145,0.2660563,-0.64697295,-0.2614988,0.25646487,-0.6378066,-0.2911516,0.010739979,-0.6254068,0.12847704,-0.76707166,-0.45397413,0.10892162,0.31339377,-0.613896,0.01660119,0.2539675,-0.48721105,-0.03302283,-0.010403412,-0.3773496,0.4251791,-0.59187794,-0.4771848,0.38544056,0.25284076,-0.65007,0.31554875,0.22523971,-0.6284846,0.28465363,-0.014525814,-0.5656323,YES
0.0,0.0,0.0,-0.30232006,0.021048702,-0.22139835,-0.5700329,0.039343778,-0.40401754,-0.5924876,0.12396297,-0.5528031,-0.3758052,0.15150341,-0.6755721,-0.4869431,-0.85307884,-0.36267057,-0.48325452,-0.2114145,-0.5465763,-0.4184083,-0.048606645,-0.6473976,-0.3824534,-0.19569,-0.7199979,-0.18756747,-0.9174398,-0.35088843,-0.18666947,-0.11920276,-0.5117717,-0.18369523,-0.002957392,-0.5377106,-0.19548365,-0.17652512,-0.5579027,0.09611119,-0.8421751,-0.35624787,0.06842561,-0.07537511,-0.4920258,0.040910754,0.016434923,-0.43620914,0.027290681,-0.15078585,-0.3929659,0.34185043,-0.70159453,-0.39031562,0.2832935,-0.09108988,-0.47926915,0.2348404,0.023060143,-0.45393512,0.21880555,-0.08078355,-0.42348826,YES
0.0,0.0,0.0,-0.30565232,0.073608935,-0.24649256,-0.60083264,0.146595,-0.4482436,-0.6581605,0.27919886,-0.6163788,-0.49681365,0.3209666,-0.75928336,-0.51372546,-0.8160126,-0.42106363,-0.48692805,-0.19295874,-0.62925464,-0.4208796,0.07549616,-0.7360351,-0.40907243,0.039076384,-0.80970573,-0.17413363,-0.8935624,-0.41379198,-0.15621366,-0.10811169,-0.60581887,-0.18367986,0.1313784,-0.6341425,-0.22118273,0.0488879,-0.65017354,0.1386016,-0.80657566,-0.42352965,0.14991048,-0.04961589,-0.6008573,0.091915876,0.16393392,-0.5366515,0.0541949,0.08764768,-0.47917923,0.40462628,-0.64007664,-0.46245053,0.39829248,-0.027144631,-0.59313184,0.33245468,0.17022012,-0.5631096,0.29270828,0.13225,-0.52063483,YES
0.0,0.0,0.0,-0.25559753,0.009810193,-0.17378038,-0.4916074,-0.015363072,-0.3076335,-0.6200248,-0.031833835,-0.41554546,-0.5768755,-0.08516231,-0.49572414,-0.52011496,-0.86770016,-0.25095537,-0.5303423,-0.36512133,-0.3909933,-0.47233585,-0.15368073,-0.45620927,-0.45169336,-0.20270798,-0.49767193,-0.28686517,-0.9264767,-0.24361731,-0.31612265,-0.29143703,-0.3704043,-0.30050468,-0.11399304,-0.38890487,-0.30545387,-0.20815153,-0.39459854,-0.06122145,-0.86758184,-0.2500223,-0.10733311,-0.25644428,-0.35742584,-0.10325405,-0.1044233,-0.3018396,-0.09855495,-0.1867223,-0.25444567,0.13312803,-0.7433731,-0.27944574,0.09038721,-0.27314714,-0.34660816,0.07065974,-0.11601894,-0.311459,0.06979347,-0.14780019,-0.26842105,YES
0.0,0.0,0.0,-0.2923852,0.019907512,-0.20484452,-0.5918044,0.031278033,-0.3609984,-0.6911751,0.07652351,-0.4859859,-0.5009593,0.046133876,-0.5873444,-0.54777336,-0.8461058,-0.3215096,-0.5180526,-0.27547804,-0.46896446,-0.47621393,-0.040055417,-0.54470855,-0.4678233,-0.07017205,-0.6005607,-0.26863405,-0.9125427,-0.3083857,-0.26883236,-0.21524933,-0.4371788,-0.27093711,-0.011914249,-0.46082008,-0.28124255,-0.06986568,-0.47979337,-0.005522976,-0.8508913,-0.30814648,-0.019606072,-0.13744915,-0.42421654,-0.03141188,0.03099176,-0.385576,-0.035918683,-0.036437765,-0.35405028,0.21760775,-0.71429527,-0.33270767,0.18929179,-0.1477072,-0.41199675,0.1507686,0.03439556,-0.3853949,0.12852806,0.029219145,-0.35243744,YES
0.0,0.0,0.0,-0.3166273,0.038076688,-0.24564558,-0.6388963,0.08972637,-0.42910725,-0.724027,0.21544829,-0.5722181,-0.46565208,0.25123847,-0.68685114,-0.57244617,-0.8319639,-0.3728542,-0.5869558,-0.15150753,-0.54513556,-0.51186806,0.050571837,-0.6350957,-0.46785706,-0.06975472,-0.6983623,-0.25558388,-0.90270317,-0.34612703,-0.2935799,-0.08773026,-0.47511038,-0.27974835,0.014965224,-0.48587877,-0.28555053,-0.1663838,-0.5016087,0.03761145,-0.83284074,-0.33935544,-0.0032039061,-0.0076884152,-0.44907063,-0.026808513,0.060593415,-0.39619124,-0.030530853,-0.116428934,-0.35903555,0.27728307,-0.6923097,-0.3644203,0.21675375,-0.02973162,-0.44109258,0.16692665,0.11775532,-0.4167806,0.1523098,0.06801629,-0.38906768,YES
0.0,0.0,0.0,-0.3265565,0.03747738,-0.22371615,-0.6464524,0.10115145,-0.39210236,-0.7238443,0.26755956,-0.52670676,-0.4986663,0.31091964,-0.6406195,-0.60394275,-0.82126194,-0.3528572,-0.566386,-0.14578088,-0.5204955,-0.51231384,0.10126361,-0.6183789,-0.48684165,0.07653236,-0.69001514,-0.2822257,-0.8969672,-0.34029177,-0.29294512,-0.09796207,-0.4740103,-0.29647374,0.1030824,-0.5000404,-0.30844975,0.036316983,-0.5255714,0.013984941,-0.82329863,-0.34382692,-0.0015547943,-0.05235006,-0.4658012,-0.04402165,0.11295603,-0.43016186,-0.07727875,0.03874356,-0.4031236,0.25416782,-0.66288996,-0.37543377,0.23938999,-0.021217242,-0.46955812,0.1965912,0.16803451,-0.44959444,0.16612406,0.16127229,-0.421532,YES
0.0,0.0,0.0,-0.31502903,0.0764787,-0.26718983,-0.5768817,0.12237189,-0.4734948,-0.5768205,0.2291063,-0.6444949,-0.3569714,0.30786678,-0.79881287,-0.53279746,-0.8169642,-0.41348135,-0.4897309,-0.20295984,-0.62687296,-0.41312513,0.07248933,-0.7560295,-0.37803575,0.08612954,-0.8339606,-0.22251979,-0.89284605,-0.39154926,-0.18856178,-0.19369383,-0.56151295,-0.16193426,0.045429114,-0.6050975,-0.15359846,0.054142036,-0.62894124,0.07060578,-0.8202863,-0.3889362,0.10371847,-0.11836657,-0.5515335,0.113646105,0.0720623,-0.5246955,0.11974901,0.058060404,-0.48597005,0.32959944,-0.6777983,-0.4155452,0.34726244,-0.12038286,-0.5171382,0.3109563,0.1120697,-0.48420924,0.29120907,0.17586206,-0.43817964,YES
0.0,0.0,0.0,-0.09750081,0.0043315943,-0.17944953,-0.124745294,-0.045246553,-0.33415577,-0.15123186,-0.10649947,-0.47647983,-0.24794811,-0.14538619,-0.5927413,0.05150402,-0.8727378,-0.22407976,0.19215214,-0.5841197,-0.50351423,0.20962466,-0.1862905,-0.66469896,0.23857492,0.05152532,-0.7314741,0.045350686,-0.97278756,-0.22721736,0.082108,-0.42189702,-0.46524444,0.08362622,0.0146597335,-0.5192927,0.11583716,0.14760199,-0.5115151,0.023640648,-0.93155783,-0.26214838,0.05135433,-0.30572203,-0.4685614,0.058552552,0.04775167,-0.42907983,0.07866686,0.12054268,-0.3560391,-0.0036393437,-0.81161684,-0.31662416,0.02137397,-0.2811205,-0.4147549,0.044354316,0.0021152096,-0.36311403,0.07574462,0.06309833,-0.2874561,YES
0.0,0.0,0.0,-0.36650258,0.07222991,-0.3041521,-0.6824962,0.16405465,-0.55634993,-0.6618101,0.38729137,-0.7584574,-0.37979114,0.5075557,-0.9379814,-0.5124815,-0.7985774,-0.5560876,-0.46587378,0.09107175,-0.809891,-0.4410873,0.2822956,-0.96413654,-0.45295885,0.1509435,-1.0732697,-0.13742621,-0.83468896,-0.5332995,-0.119383566,0.14549974,-0.7414976,-0.17543048,0.25475788,-0.78206074,-0.21680836,0.08408606,-0.8173417,0.19971381,-0.7116699,-0.52812093,0.18161926,0.21590592,-0.7067195,0.10327987,0.26357982,-0.6425044,0.057349246,0.05033789,-0.5896139,0.47751087,-0.5066259,-0.5594692,0.42448846,0.19156156,-0.6910884,0.34296826,0.25817713,-0.6576119,0.3102777,0.10096785,-0.6146261,YES
0.0,0.0,0.0,-0.29616278,0.020966774,-0.26272497,-0.60048974,0.027192274,-0.47103402,-0.6010239,0.22134835,-0.6384008,-0.35759264,0.34839022,-0.7784385,-0.4364583,-0.83841646,-0.45313695,-0.35093763,-0.14765272,-0.6743855,-0.35799208,0.0776126,-0.80334866,-0.3926328,0.013267038,-0.8975833,-0.10317817,-0.8937105,-0.43661854,-0.0375597,0.030738275,-0.632772,-0.12758894,0.20521605,-0.66970515,-0.18748282,0.07555748,-0.69786465,0.20053725,-0.7824203,-0.43818787,0.23077033,0.11376786,-0.5965346,0.10840457,0.21046498,-0.53252375,0.030948192,0.025037294,-0.48518023,0.44577506,-0.5939045,-0.47415602,0.43651682,0.06601576,-0.6134885,0.3462916,0.15760675,-0.59900916,0.29422686,0.010166099,-0.5686639,YES
0.0,0.0,0.0,-0.33357465,0.07734946,-0.31529945,-0.62336105,0.09342573,-0.5429939,-0.54673547,0.2829614,-0.71006465,-0.24875225,0.38937488,-0.84138024,-0.31018716,-0.82753134,-0.54625475,-0.19341518,-0.041601814,-0.76707166,-0.31010464,0.20833029,-0.8851127,-0.38526106,0.10872202,-0.9878856,0.0357592,-0.8642113,-0.50185657,0.09616717,0.07506621,-0.71665615,-0.094690286,0.29506302,-0.7541554,-0.17361508,0.14842452,-0.79565936,0.3255181,-0.7362794,-0.47411576,0.3277843,0.19728641,-0.66004217,0.11238314,0.35253814,-0.613316,0.01488761,0.19716431,-0.58918506,0.5442652,-0.52924836,-0.48221245,0.52222425,0.1266118,-0.6779885,0.36574864,0.2503298,-0.71187216,0.27865455,0.14746578,-0.7228962,YES
0.0,0.0,0.0,-0.22877803,-0.06372217,-0.23190932,-0.39792117,-0.1930844,-0.38952023,-0.27391228,-0.13470998,-0.50358385,-0.036404967,-0.051445693,-0.58311534,-0.117662065,-0.92753094,-0.351631,0.025033941,-0.42658338,-0.49742895,-0.021932792,-0.18726473,-0.5580238,-0.064887315,-0.16661225,-0.60785425,0.15524597,-0.9383261,-0.30893824,0.21484421,-0.30341914,-0.44916564,0.08288597,-0.10642434,-0.46273622,0.009790039,-0.15277119,-0.4784432,0.3649439,-0.8339387,-0.28179196,0.38080984,-0.21807262,-0.4055963,0.22686316,-0.06401766,-0.36881903,0.13444771,-0.121896006,-0.3450421,0.51486415,-0.6687741,-0.2804846,0.5155664,-0.23139562,-0.40267527,0.40793896,-0.10690618,-0.4151837,0.32880682,-0.1616644,-0.41022992,YES
0.0,0.0,0.0,-0.2252511,-0.052208364,-0.26276237,-0.403663,-0.18058373,-0.439871,-0.33900866,-0.15461409,-0.5678289,-0.14195918,-0.073725216,-0.659629,-0.14891346,-0.9236911,-0.38757423,-0.048744585,-0.46808168,-0.5553657,-0.08626787,-0.19940308,-0.6186963,-0.12440818,-0.18438298,-0.66350484,0.12764654,-0.9337514,-0.33438694,0.17657822,-0.38034543,-0.49250665,0.0673777,-0.117948845,-0.49609095,0.017036436,-0.15897734,-0.4960982,0.34162688,-0.8266853,-0.30100927,0.3543544,-0.2721032,-0.45066467,0.21981241,-0.0678731,-0.4107628,0.15009671,-0.12619554,-0.37547615,0.5000923,-0.65218085,-0.29333487,0.49376798,-0.2572105,-0.41838968,0.38350806,-0.098373495,-0.42510828,0.30817324,-0.14307515,-0.41404197,YES
0.0,0.0,0.0,-0.22729978,-0.028906275,-0.26811224,-0.43646288,-0.14686595,-0.45680386,-0.38116458,-0.13793525,-0.59671855,-0.12574013,-0.07705434,-0.7009709,-0.18501316,-0.9118541,-0.39764485,-0.107339665,-0.4422004,-0.5734771,-0.13893104,-0.14883408,-0.64457345,-0.18124332,-0.15249991,-0.6959069,0.0929392,-0.93206865,-0.35015765,0.12795344,-0.39010724,-0.521269,0.035803787,-0.085428275,-0.53060234,-0.013446724,-0.10556937,-0.53152883,0.3127869,-0.83299315,-0.32285336,0.31367826,-0.26843968,-0.48287016,0.18597753,-0.043632034,-0.44198823,0.111455165,-0.102427095,-0.40324157,0.48323408,-0.6638578,-0.321959,0.46375728,-0.26049104,-0.4418683,0.35073718,-0.08820365,-0.43724954,0.26421353,-0.12780783,-0.4189665,YES
0.0,0.0,0.0,-0.2932053,-0.018010164,-0.23249345,-0.5486588,-0.06963782,-0.41851917,-0.5035365,0.016693417,-0.56931996,-0.3045259,0.101045564,-0.70110935,-0.31787643,-0.9160314,-0.39375457,-0.28764734,-0.26852834,-0.5923659,-0.31294644,-0.06448722,-0.7222548,-0.33847088,-0.11418446,-0.81822395,0.006477395,-0.92504126,-0.37981147,-0.00042216282,-0.18807776,-0.54987013,-0.09279276,0.043555774,-0.59893715,-0.13679345,0.03395342,-0.6425991,0.2781344,-0.81371987,-0.3799025,0.23278522,-0.0959976,-0.53212404,0.10477414,0.097427025,-0.5071939,0.030563423,0.07480164,-0.48785323,0.49963126,-0.6323803,-0.407867,0.45981517,-0.13081281,-0.52655876,0.33691025,0.023891876,-0.52229804,0.24998969,0.0041147647,-0.5057685,YES
0.0,0.0,0.0,-0.2667368,0.008871285,-0.20171568,-0.48233122,-0.022256266,-0.36110336,-0.5565381,-0.050920542,-0.48907426,-0.5896144,-0.07471372,-0.5980866,-0.4391158,-0.90544623,-0.3027015,-0.45696157,-0.35594928,-0.4870459,-0.43161863,-0.16070038,-0.62556124,-0.41630083,-0.17180797,-0.7179802,-0.15457018,-0.9424565,-0.29645216,-0.17183623,-0.34446377,-0.4321551,-0.18094474,-0.16827404,-0.485731,-0.17397343,-0.18298952,-0.52750134,0.097925104,-0.8433154,-0.3062132,0.08702086,-0.2663491,-0.43000644,0.0658219,-0.13131002,-0.40223247,0.061407823,-0.18626669,-0.37850642,0.3218393,-0.6677922,-0.34034306,0.3071141,-0.23575507,-0.42416453,0.26911125,-0.111044094,-0.39667305,0.25502583,-0.14527372,-0.3617991,YES
0.0,0.0,0.0,-0.2545851,-0.022129688,-0.1697142,-0.49528456,-0.06537095,-0.30032265,-0.6006278,-0.085588045,-0.40834782,-0.44164178,-0.11572639,-0.4918889,-0.4603817,-0.8867043,-0.23452003,-0.43662503,-0.4623571,-0.3884504,-0.3873114,-0.20261616,-0.46690875,-0.3847365,-0.14932796,-0.5119171,-0.20525184,-0.9511131,-0.23077169,-0.21500455,-0.4032279,-0.38609543,-0.20383056,-0.14717625,-0.41834298,-0.20917536,-0.10251778,-0.4198833,0.033686455,-0.88883364,-0.24269623,0.013269816,-0.35706612,-0.37880394,-8.365301e-05,-0.16175553,-0.33975235,-0.02078512,-0.15448222,-0.2895467,0.2333976,-0.7497978,-0.27508888,0.22144787,-0.32270718,-0.361216,0.20281938,-0.16541465,-0.33180663,0.18519022,-0.15964381,-0.2840721,YES
0.0,0.0,0.0,0.22118287,0.05764872,-0.17567271,0.46392825,0.08717275,-0.33113673,0.58581614,0.14356898,-0.4824361,0.6354612,0.19253996,-0.61694586,0.66739756,-0.72722805,-0.21447515,0.8302317,-0.5541621,-0.4788586,0.86456525,-0.19362995,-0.64441365,0.86796284,0.10324985,-0.71643233,0.3923914,-0.8936313,-0.21783523,0.48826778,-0.39957893,-0.43377334,0.5238671,0.027356705,-0.49540856,0.53836066,0.21637273,-0.50121444,0.0827436,-0.88099927,-0.25352693,0.16427806,-0.27161098,-0.43286982,0.18800068,0.05771432,-0.41565716,0.18687579,0.13665171,-0.36415347,-0.20201217,-0.77861553,-0.30902255,-0.12248856,-0.28113252,-0.39844438,-0.09858477,0.0018146319,-0.3609969,-0.10340152,0.08392387,-0.3017084,YES
0.0,0.0,0.0,0.3057949,0.025774723,-0.2058233,0.57908463,-0.0026309267,-0.36250156,0.706002,0.13539259,-0.5026176,0.78343064,0.30768237,-0.63813686,0.5247106,-0.7865069,-0.3483008,0.5077923,-0.1543482,-0.5965702,0.51427656,0.06762496,-0.76123416,0.5584602,0.009296144,-0.8705052,0.22864754,-0.9077762,-0.35165718,0.19221815,-0.17375478,-0.552574,0.23183186,0.054151837,-0.61416197,0.29360488,-0.043290284,-0.6642222,-0.06451146,-0.890097,-0.37705237,-0.10484214,-0.17180619,-0.5606517,-0.041829847,0.060935784,-0.55941904,0.034777354,-0.013829817,-0.55228525,-0.322435,-0.7897799,-0.42837384,-0.34120056,-0.1863917,-0.55448633,-0.27293405,0.048746794,-0.56646127,-0.19472016,0.045054425,-0.5685043,YES
0.0,0.0,0.0,0.30456805,0.06637362,-0.17920329,0.5895928,0.057661414,-0.3258798,0.74039567,0.16731459,-0.4645045,0.81755084,0.27492446,-0.6012178,0.563647,-0.75022805,-0.3081696,0.54954135,-0.15555045,-0.55137473,0.5397173,0.06433709,-0.7271972,0.556303,0.03865813,-0.84350175,0.2732481,-0.906772,-0.321092,0.22798884,-0.1746684,-0.5048295,0.24967864,0.050537985,-0.5710713,0.2944349,-0.011841281,-0.62603325,-0.022368485,-0.91349095,-0.35451558,-0.06528733,-0.16989948,-0.5109334,-0.03136425,0.047872823,-0.5066841,0.013940362,-0.027843716,-0.50325096,-0.28350216,-0.83296794,-0.41411334,-0.31092784,-0.19861159,-0.52042073,-0.27865452,0.014991728,-0.5259794,-0.24439576,-0.019190412,-0.5252091,YES
0.0,0.0,0.0,0.26554477,0.02937322,-0.14808472,0.49584958,0.01257801,-0.26821908,0.64912766,0.047195192,-0.38445887,0.8060713,0.092198074,-0.4939088,0.5766421,-0.8113142,-0.21758564,0.6249653,-0.17556073,-0.4417753,0.5519439,0.037346337,-0.5912659,0.50106835,-0.026155623,-0.6855918,0.3027548,-0.92221487,-0.2405395,0.30438903,-0.16965893,-0.4275505,0.24981533,0.08082414,-0.48615766,0.21995516,0.020774854,-0.5238717,0.0175217,-0.8914232,-0.28560454,0.0048518283,-0.14285633,-0.47222465,-0.0074145463,0.12301934,-0.46469793,-0.0011611002,0.085388035,-0.43998218,-0.24381278,-0.7711271,-0.3487662,-0.23951557,-0.17445296,-0.4733363,-0.22087228,0.05431885,-0.47118694,-0.197431,0.051198546,-0.44978127,YES
0.0,0.0,0.0,0.27898479,0.04413301,-0.18412834,0.4875992,0.025588717,-0.32924664,0.557995,0.0729738,-0.45799765,0.6239189,0.1431634,-0.58043784,0.5289819,-0.8269419,-0.28335786,0.5662303,-0.13451765,-0.508573,0.49925485,0.075904325,-0.66262716,0.44687206,-0.010164184,-0.7659593,0.24670266,-0.9248903,-0.2893368,0.2385008,-0.15305944,-0.475475,0.20970644,0.08214484,-0.5306717,0.19049156,0.009646887,-0.5743879,-0.037155494,-0.8745208,-0.31668845,-0.03944638,-0.14681493,-0.4956792,-0.017653503,0.10060525,-0.48226225,-0.002569008,0.0551006,-0.46296987,-0.27956298,-0.7325882,-0.3654754,-0.25472426,-0.15480107,-0.48503062,-0.22473702,0.06402896,-0.4802175,-0.20804371,0.05255606,-0.46446043,YES
0.0,0.0,0.0,-0.25977293,0.08967846,-0.26640224,-0.5429786,0.10357418,-0.45909476,-0.5467299,0.095482685,-0.6137889,-0.27470684,0.06512849,-0.73800075,-0.4805438,-0.7907064,-0.3716795,-0.41055444,-0.27639532,-0.5694997,-0.3434891,0.021139598,-0.67038333,-0.3399559,-0.010089763,-0.739332,-0.2022306,-0.91865575,-0.33937362,-0.13646492,-0.25291786,-0.52667904,-0.12743503,0.07231908,-0.55749375,-0.14555126,0.047288176,-0.56799597,0.06421268,-0.89142066,-0.33035702,0.12567611,-0.21572576,-0.5122769,0.0821686,0.058003385,-0.48215437,0.033588894,0.021523897,-0.4402815,0.30425134,-0.7796737,-0.3486838,0.3188497,-0.24560308,-0.47592798,0.2503822,-0.030224133,-0.47099012,0.1777985,-0.032986026,-0.44523013,YES
0.0,0.0,0.0,-0.24702114,0.06133255,-0.2728371,-0.53273743,0.05150808,-0.4645562,-0.54939437,0.05729138,-0.6162742,-0.28170657,0.05047331,-0.7358195,-0.4679359,-0.781198,-0.38937417,-0.42748287,-0.30199417,-0.596247,-0.32506987,-0.017481048,-0.6956787,-0.2963191,-0.029973734,-0.7572002,-0.18205297,-0.91802967,-0.35224742,-0.12749808,-0.2722387,-0.54509014,-0.101223275,0.042092305,-0.5764303,-0.12031576,0.031185457,-0.58408684,0.08843372,-0.89282554,-0.33851114,0.14430185,-0.2164384,-0.52455896,0.10590938,0.05339303,-0.4961397,0.053440638,0.02985337,-0.45300883,0.32664898,-0.78124964,-0.35220772,0.34217682,-0.24159174,-0.48050988,0.27008966,-0.026528994,-0.47476256,0.19056647,-0.014509229,-0.44687578,YES
0.0,0.0,0.0,-0.23427077,0.027711192,-0.24852203,-0.4874984,0.0009055475,-0.42846268,-0.51158315,-0.009163751,-0.571574,-0.2790956,-0.013372158,-0.68211126,-0.41507447,-0.84543794,-0.34837654,-0.35951886,-0.40123197,-0.5312382,-0.32011,-0.10251381,-0.6098672,-0.3353313,-0.13470115,-0.65994257,-0.14398967,-0.9371334,-0.31788042,-0.09589203,-0.3234323,-0.49626926,-0.11376528,0.0010011354,-0.51670146,-0.144685,-0.032932155,-0.5156637,0.107408255,-0.88530445,-0.3092307,0.14337553,-0.23537003,-0.48048046,0.07080569,0.031458154,-0.44693047,0.009041094,-0.0138133,-0.40219864,0.32738143,-0.7579733,-0.32564247,0.31614858,-0.25430998,-0.44291463,0.22638053,-0.047162488,-0.4353845,0.14465879,-0.057390817,-0.40708515,YES
0.0,0.0,0.0,-0.27283219,0.04529935,-0.23690642,-0.5314014,-0.012816192,-0.40642554,-0.51691884,6.433289e-05,-0.5420725,-0.28623053,0.03846432,-0.6545173,-0.37371245,-0.8610134,-0.33798328,-0.30562305,-0.32604763,-0.5094105,-0.29735696,-0.060358647,-0.6074964,-0.31854722,-0.09932593,-0.6784736,-0.112956405,-0.94407976,-0.30976474,-0.057685457,-0.26698193,-0.47265542,-0.100000754,0.0073308004,-0.51769626,-0.14930359,-0.021803452,-0.54606944,0.12851956,-0.88759863,-0.29810905,0.1665457,-0.25605345,-0.45754826,0.098415375,-0.026482206,-0.44662163,0.03218219,-0.052686837,-0.42382616,0.3298914,-0.7487894,-0.31007633,0.34350613,-0.29370257,-0.42455596,0.27698052,-0.11924349,-0.42473018,0.21071811,-0.13011034,-0.40533945,YES
0.0,0.0,0.0,-0.2718325,0.05034244,-0.2837006,-0.54887086,0.006175465,-0.48180184,-0.54536957,0.027307322,-0.6338856,-0.2813894,0.02299593,-0.7508784,-0.38248694,-0.8602952,-0.40908974,-0.316159,-0.32560846,-0.5948319,-0.288925,-0.04306135,-0.67047507,-0.30216715,-0.10284127,-0.72163266,-0.08502814,-0.9269583,-0.36540172,-0.03617677,-0.23277731,-0.54651135,-0.09106344,0.053696208,-0.5677171,-0.13479702,-0.02626025,-0.5727798,0.17487714,-0.84844315,-0.3430479,0.19747795,-0.14019099,-0.5201453,0.09035018,0.09148624,-0.4826464,0.017470563,0.004984081,-0.43802318,0.38973483,-0.69311136,-0.34897017,0.36885193,-0.18953016,-0.4807573,0.26847458,-0.0034496663,-0.47438625,0.19122963,-0.04017326,-0.44634855,YES
0.0,0.0,0.0,-0.28344724,-0.012596285,-0.2417622,-0.57429624,-0.0727564,-0.42109713,-0.5653005,0.024549002,-0.56136876,-0.30472043,0.11199018,-0.674286,-0.3711488,-0.90955514,-0.3730063,-0.33469263,-0.26524007,-0.56385684,-0.3202061,-0.05288029,-0.67791915,-0.3273585,-0.15010566,-0.7594758,-0.06420048,-0.9342168,-0.35088065,-0.03988241,-0.16295174,-0.51657295,-0.07267682,-0.003430374,-0.54380834,-0.09714716,-0.13229504,-0.5624041,0.20788701,-0.824587,-0.3483743,0.21350524,-0.07910561,-0.48745286,0.15787357,0.018013489,-0.43531632,0.13240176,-0.14027916,-0.3904967,0.42490956,-0.64572775,-0.376302,0.4016077,-0.11685536,-0.47421747,0.33769104,-0.0033958724,-0.44945168,0.31631526,-0.09290301,-0.4151395,YES
0.0,0.0,0.0,-0.2860379,-0.018769301,-0.24128844,-0.5447725,-0.06042537,-0.42503747,-0.5916385,0.03421365,-0.57296216,-0.43909124,0.07235548,-0.69221467,-0.41021731,-0.9265028,-0.3777304,-0.38608596,-0.25149125,-0.5824746,-0.3703565,-0.008930719,-0.6907294,-0.37307078,-0.09661939,-0.76137954,-0.100083865,-0.92522335,-0.36598483,-0.08620456,-0.12392501,-0.55567247,-0.15442443,0.0674706,-0.59191555,-0.20695437,-0.06617625,-0.60803384,0.17729631,-0.7931983,-0.37361738,0.1499386,0.0032556523,-0.5405225,0.060182128,0.15369934,-0.4870658,0.004211419,0.008804679,-0.43301046,0.4023791,-0.6010139,-0.41072816,0.3388055,0.0042002564,-0.52472305,0.24299863,0.16042227,-0.49501508,0.18739721,0.09158057,-0.45060456,YES
0.0,0.0,0.0,-0.26904777,-0.01505574,-0.26888326,-0.53873545,-0.060213093,-0.46321622,-0.6088988,0.028514894,-0.61203206,-0.42529705,0.08119001,-0.7253382,-0.39469692,-0.9125602,-0.4146324,-0.39106068,-0.25293297,-0.6223052,-0.35271722,-0.04954773,-0.72354394,-0.3283423,-0.1604785,-0.78946763,-0.08254228,-0.92071235,-0.38141266,-0.08209544,-0.10187797,-0.5721281,-0.13334595,0.035214636,-0.5946226,-0.16524571,-0.13738392,-0.60190713,0.19636928,-0.7869092,-0.3696076,0.1616823,3.3360095e-05,-0.5333898,0.08999943,0.078740634,-0.46575344,0.058819957,-0.105880246,-0.40398014,0.41787937,-0.5904488,-0.39003685,0.35932064,0.00031386683,-0.5163739,0.29069236,0.075723656,-0.496395,0.265716,-0.063770875,-0.45691308,YES
0.0,0.0,0.0,-0.26972514,-0.016786175,-0.24951743,-0.5083858,-0.084902085,-0.42948332,-0.55971324,-0.016038097,-0.57157546,-0.44966993,0.03183928,-0.6852352,-0.3764997,-0.92058426,-0.3760346,-0.36901316,-0.2944117,-0.58512735,-0.31730294,-0.09144854,-0.69368523,-0.29724488,-0.19900452,-0.76164585,-0.07601762,-0.9320788,-0.3541898,-0.07612118,-0.18821318,-0.54138637,-0.10284483,-0.0145379435,-0.57186186,-0.13025922,-0.14996701,-0.5853968,0.19179222,-0.81067026,-0.3543405,0.16262166,-0.08330059,-0.5194314,0.10235766,0.06194061,-0.463253,0.0710571,-0.06310339,-0.40843797,0.4117758,-0.6359167,-0.3844311,0.37092313,-0.10684657,-0.49427336,0.29523265,0.035977487,-0.4652751,0.26002946,-0.024049591,-0.4237198,YES
0.0,0.0,0.0,-0.27993113,0.015040152,-0.2636493,-0.5392924,0.0053358614,-0.46631566,-0.63265055,0.07387511,-0.6231564,-0.5583582,0.0994554,-0.75089794,-0.4388204,-0.89272356,-0.43977743,-0.4416913,-0.1597668,-0.63434553,-0.40476173,0.0036046915,-0.7323585,-0.38349038,-0.14052537,-0.8018357,-0.12993747,-0.9005866,-0.41480106,-0.15291609,-0.038761437,-0.58931965,-0.17885226,0.05953407,-0.616818,-0.19555289,-0.118989006,-0.6397001,0.15093815,-0.77578837,-0.40546036,0.09425393,0.042428877,-0.55655414,0.046798244,0.116559185,-0.49022424,0.031605437,-0.05605066,-0.4395596,0.3886132,-0.59597194,-0.4276387,0.3125883,0.012407106,-0.5370954,0.24690826,0.11112452,-0.50648075,0.22985037,0.0043815407,-0.46848798,YES
0.0,0.0,0.0,-0.304072,0.028977472,-0.30259848,-0.59199184,0.061243195,-0.5314319,-0.6637368,0.21302406,-0.7080767,-0.52202207,0.218014,-0.8559892,-0.3548408,-0.8831918,-0.5311353,-0.33484805,-0.022308663,-0.78133106,-0.35378832,0.17246139,-0.92483383,-0.3734544,0.018970707,-1.0271168,0.00614334,-0.866077,-0.4998729,-0.023093319,0.15066399,-0.7121862,-0.10150307,0.26685742,-0.74620354,-0.12999007,0.049919203,-0.77509266,0.31088942,-0.69591075,-0.48664948,0.23002374,0.2570637,-0.6696638,0.12624685,0.3128721,-0.5884516,0.09381882,0.08796865,-0.52618694,0.5446041,-0.45811856,-0.5102311,0.44341657,0.25293753,-0.6773342,0.3369768,0.3144774,-0.6608604,0.3041222,0.14762631,-0.62362444,YES
0.0,0.0,0.0,-0.26866713,-0.01497481,-0.28115124,-0.54135764,-0.04149044,-0.49407575,-0.62349373,0.038269635,-0.6619958,-0.46405044,0.076803066,-0.79546225,-0.34188297,-0.9304057,-0.45092872,-0.40739918,-0.3312685,-0.6885022,-0.37028077,-0.10234693,-0.8106366,-0.318285,-0.19725704,-0.88803524,-0.013365814,-0.9066315,-0.4217115,-0.07465758,-0.08399669,-0.64047116,-0.12830076,0.09228672,-0.6709362,-0.1391992,-0.06476184,-0.68171865,0.26534465,-0.73741615,-0.4155666,0.18243827,0.07856247,-0.6020909,0.09514018,0.18361619,-0.5364047,0.07704203,0.000777322,-0.47444093,0.4856332,-0.5125869,-0.4426084,0.38191247,0.10822205,-0.5777163,0.29562926,0.21272805,-0.556886,0.28112677,0.08692793,-0.518147,YES
0.0,0.0,0.0,-0.2808435,0.009387618,-0.27459854,-0.54216903,0.035293575,-0.49639076,-0.6229631,0.16084735,-0.68080086,-0.584615,0.25516716,-0.84292084,-0.41542888,-0.8504266,-0.4719173,-0.44261536,-0.29026484,-0.73154753,-0.39105472,-0.04902982,-0.88036895,-0.36087114,-0.04050075,-0.9720492,-0.07083691,-0.8831783,-0.46365747,-0.1055222,-0.17365153,-0.71783936,-0.15588844,0.14018735,-0.7835665,-0.18406639,0.18119265,-0.8114799,0.2306238,-0.75858074,-0.47451255,0.18584593,-0.005703168,-0.70718646,0.09247934,0.2677241,-0.6738718,0.038359668,0.2684215,-0.6213896,0.4828986,-0.5568751,-0.5142636,0.43386525,0.0071780556,-0.6679804,0.34197557,0.2241351,-0.6429525,0.2842948,0.23833662,-0.5989344,YES
0.0,0.0,0.0,-0.2838945,-0.0406986,-0.22884662,-0.5229689,-0.12521988,-0.39295882,-0.54505247,-0.10407602,-0.5240955,-0.3743146,-0.101980224,-0.62831026,-0.35648426,-0.9436095,-0.32311514,-0.40997747,-0.45308334,-0.51072264,-0.40376365,-0.22875312,-0.60996515,-0.39245597,-0.29673186,-0.67575264,-0.07879254,-0.9493356,-0.3042263,-0.144201,-0.32185188,-0.46970543,-0.16930515,-0.122023545,-0.5007012,-0.16698202,-0.22609207,-0.51702726,0.16793409,-0.82789755,-0.30736017,0.10512017,-0.20910367,-0.46434653,0.051454693,-0.03723263,-0.4228363,0.036766067,-0.12961194,-0.38120434,0.3795966,-0.64793056,-0.3375847,0.31858328,-0.15566641,-0.45202503,0.24907665,0.028334863,-0.43589336,0.2252704,0.008318856,-0.40412298,YES
0.0,0.0,0.0,-0.23544498,-0.051071055,-0.16931124,-0.4388507,-0.13632722,-0.3051242,-0.5379349,-0.18444271,-0.41886657,-0.5397279,-0.18710378,-0.5115708,-0.37880054,-0.9441733,-0.23306857,-0.3948298,-0.5175581,-0.3962344,-0.37213677,-0.3182511,-0.49699193,-0.36646014,-0.3465813,-0.56169814,-0.13458955,-0.96314174,-0.23290262,-0.17243251,-0.43374172,-0.37535298,-0.1803494,-0.21934691,-0.41057637,-0.17671253,-0.23245417,-0.42561245,0.087961696,-0.8650338,-0.25003693,0.048060954,-0.34577122,-0.38087448,0.019370377,-0.16793267,-0.34627026,0.010377826,-0.20351565,-0.30843514,0.28936377,-0.7115509,-0.2882464,0.24930488,-0.29158264,-0.3737804,0.20318507,-0.1286415,-0.35174382,0.18314639,-0.13910995,-0.3163114,YES
0.0,0.0,0.0,-0.29702532,0.027114287,-0.16747478,-0.5788824,-0.02594925,-0.30158266,-0.6359257,-0.041459773,-0.41943038,-0.4663388,-0.03221456,-0.5165762,-0.43496308,-0.916523,-0.22682542,-0.46195674,-0.4418135,-0.3914605,-0.42372593,-0.15979488,-0.495405,-0.39518148,-0.15262291,-0.56293666,-0.16587275,-0.95776427,-0.23489115,-0.19815825,-0.33401498,-0.36957225,-0.20440543,-0.06232118,-0.41248924,-0.20453747,-0.074211806,-0.43575147,0.08319398,-0.8676795,-0.25964126,0.048148118,-0.26173922,-0.39544767,0.018731719,-0.029784033,-0.37247935,-0.0034645603,-0.04947678,-0.33985475,0.30254346,-0.7077841,-0.3049156,0.2621835,-0.23189512,-0.394231,0.19659865,-0.014990139,-0.36903077,0.1433223,0.008536354,-0.32966027,YES
0.0,0.0,0.0,-0.5246739,0.3055976,-0.43584108,-0.9229665,0.6550515,-0.75146854,-0.9037129,1.0288463,-0.9899249,-0.540938,1.2149717,-1.1980203,-0.72433686,-0.55379385,-0.7584162,-0.5709259,0.67334545,-1.023304,-0.5701941,0.71921927,-1.1550575,-0.58469313,0.4502984,-1.2463487,-0.19059351,-0.69724387,-0.6910318,-0.050316364,0.75975525,-0.90148574,-0.10746908,0.616726,-0.91415644,-0.14907432,0.24264945,-0.9299403,0.29785177,-0.63870233,-0.64099926,0.3589677,0.76150334,-0.8511455,0.27212492,0.59803116,-0.7402316,0.22090662,0.22661886,-0.63544077,0.7104514,-0.47281742,-0.6431008,0.7253513,0.6180004,-0.8375651,0.6231964,0.60310054,-0.79229635,0.575601,0.37633607,-0.714983,YES
0.0,0.0,0.0,-0.6221666,0.4445566,-0.5124827,-1.0179754,1.0428187,-0.93946093,-0.8850975,1.6401249,-1.2768513,-0.43207976,2.0182354,-1.5921998,-0.6511081,-0.100276574,-1.044672,-0.5188292,1.414496,-1.423899,-0.4707095,1.4123118,-1.6435624,-0.45337245,1.0675184,-1.7991227,0.017133407,-0.18964423,-0.9817034,0.13145472,1.5092907,-1.282064,0.086616576,1.3016193,-1.3366125,0.05845421,0.83327824,-1.406261,0.59532565,-0.09460938,-0.92968476,0.64093435,1.4841462,-1.1982876,0.5488681,1.2618631,-1.0873519,0.47519782,0.81874156,-1.0017712,1.070771,0.13089316,-0.9386901,1.1089495,1.3525919,-1.159748,0.96116203,1.2380133,-1.1049052,0.8388168,0.8954973,-1.0401217,YES
0.0,0.0,0.0,-0.36701098,0.120637625,-0.33198488,-0.7220736,0.26029953,-0.58961606,-0.6419695,0.5595512,-0.7829429,-0.26322782,0.69119847,-0.9364393,-0.56429756,-0.71300375,-0.6158112,-0.45448858,0.26697317,-0.87004495,-0.4438087,0.36633754,-0.9912324,-0.44016448,0.13635917,-1.0765411,-0.15926439,-0.8045557,-0.5721232,-0.06657438,0.3698682,-0.7675476,-0.14808181,0.2982543,-0.75222504,-0.20684671,-0.062905975,-0.74493676,0.21222769,-0.7159965,-0.5479735,0.26226565,0.4096403,-0.7024634,0.1307078,0.30227008,-0.5492604,0.059506502,-0.05870628,-0.4300252,0.5094304,-0.5279322,-0.5714662,0.48218116,0.32789472,-0.7346504,0.37686938,0.25497133,-0.6950669,0.33415213,-0.049563836,-0.6297627,YES
0.0,0.0,0.0,-0.3883059,0.092619084,-0.3392633,-0.75761807,0.24077776,-0.6122735,-0.714174,0.5787461,-0.82608455,-0.34983054,0.77316743,-1.0051303,-0.5451512,-0.73005676,-0.6344331,-0.46044472,0.31907707,-0.9198676,-0.42490932,0.48661333,-1.0722845,-0.40548366,0.30712578,-1.1748663,-0.11420122,-0.7905225,-0.6016912,-0.038393382,0.4411657,-0.8314202,-0.13404778,0.44509006,-0.840765,-0.19948779,0.13726988,-0.84719664,0.26780233,-0.6661143,-0.59009856,0.28422895,0.49387094,-0.7781669,0.13557686,0.45090768,-0.65076,0.0650412,0.15181588,-0.5451151,0.561886,-0.4457411,-0.62510926,0.53265685,0.41505933,-0.806326,0.389608,0.41877484,-0.7721426,0.32119334,0.20202734,-0.7097895,YES
0.0,0.0,0.0,-0.3537874,-0.008405909,-0.25301448,-0.67721623,0.024159608,-0.4754036,-0.6677155,0.33078235,-0.6575467,-0.4142397,0.6140344,-0.8185249,-0.49443847,-0.8519868,-0.4852284,-0.45880368,0.033247896,-0.7300702,-0.39971542,0.25272647,-0.8903175,-0.34733075,0.17261481,-0.998913,-0.09503615,-0.86918014,-0.4852773,-0.04409179,0.2009054,-0.673008,-0.09503255,0.31713697,-0.7112864,-0.12898585,0.16773884,-0.7484603,0.26042554,-0.7260048,-0.5017653,0.2699889,0.35677245,-0.654298,0.15554819,0.4403946,-0.5919837,0.099120334,0.2631025,-0.5464573,0.54765165,-0.52139306,-0.5545123,0.5118916,0.30636868,-0.6631119,0.3610337,0.4771415,-0.62331825,0.27638438,0.42907205,-0.58061385,YES
0.0,0.0,0.0,-0.4349088,0.13312802,-0.39544004,-0.7366619,0.27670822,-0.7045965,-0.5609026,0.7032697,-0.9332534,-0.14216676,0.9587122,-1.1259671,-0.39867443,-0.6586137,-0.77709436,-0.29116833,0.45525947,-1.0733725,-0.2864712,0.614609,-1.2157302,-0.28723544,0.42604783,-1.3207932,0.035225306,-0.70033574,-0.7129439,0.07892325,0.5668675,-0.96777415,0.010454371,0.601056,-0.97807515,-0.0362118,0.280832,-0.9985356,0.39510003,-0.5891343,-0.6649651,0.40765342,0.5190254,-0.8945221,0.30616027,0.50333613,-0.7857479,0.24609773,0.18622755,-0.69946396,0.6704407,-0.41240448,-0.66123545,0.66642696,0.33321822,-0.892293,0.56633705,0.40601265,-0.87997663,0.5159646,0.23327403,-0.8367723,YES
0.0,0.0,0.0,-0.6724273,0.28836977,-0.43630758,-1.0333384,0.7262635,-0.81217676,-0.77362436,1.299651,-1.097336,-0.25161988,1.4627458,-1.3461353,-0.5608635,-0.4144686,-0.94197124,-0.3564074,1.1488245,-1.2936165,-0.41588265,1.3685442,-1.4687543,-0.4725778,1.0872246,-1.6108552,-0.019797208,-0.43904734,-0.8982458,0.11352872,1.244569,-1.2307035,-0.03355835,1.2948242,-1.2587651,-0.14932115,0.81387055,-1.3077575,0.4578467,-0.3437566,-0.86561275,0.48022887,1.1830845,-1.1646534,0.33087888,1.1751316,-1.0524822,0.21821244,0.7184029,-0.9803363,0.8475981,-0.18434167,-0.8808454,0.8116692,0.96140945,-1.1881028,0.66946936,1.0142276,-1.1922232,0.56967777,0.6904086,-1.1686295,YES
0.0,0.0,0.0,-0.35670856,0.13933732,-0.32876524,-0.60854006,0.23011252,-0.5931595,-0.43819037,0.47960463,-0.8041369,-0.12435086,0.5789182,-0.98659295,-0.43387586,-0.7947657,-0.5437927,-0.31255278,0.050051704,-0.8019233,-0.24196678,0.26665053,-0.9553042,-0.18878527,0.18488607,-1.0627362,-0.083647765,-0.8595854,-0.5040993,-0.0023099955,0.120216995,-0.7252175,0.034161408,0.33390808,-0.7748662,0.05299726,0.23720995,-0.8208214,0.22733021,-0.7980191,-0.48654598,0.29880202,0.12846792,-0.7120102,0.2900908,0.35913378,-0.68018454,0.26470783,0.29408303,-0.64263564,0.5002878,-0.6634056,-0.502815,0.5417669,-0.043387584,-0.68796504,0.54107606,0.20502666,-0.67970806,0.55209255,0.22215867,-0.6477898,YES
0.0,0.0,0.0,-0.28973758,0.08759782,-0.19339272,-0.5295369,0.19862044,-0.384305,-0.6277224,0.31289095,-0.55202967,-0.69051564,0.3245591,-0.7034432,-0.5686772,-0.7718826,-0.3748664,-0.50109714,-0.07140651,-0.5944165,-0.45307204,0.06314781,-0.74482673,-0.4402094,-0.06529446,-0.8548651,-0.23533732,-0.8862255,-0.39902464,-0.14174505,-0.05692587,-0.56755245,-0.14147301,0.09255221,-0.62065166,-0.15201497,-0.037496187,-0.67162937,0.079520285,-0.837534,-0.43651053,0.16896479,-0.039822806,-0.5953706,0.14977567,0.112416685,-0.54676044,0.12351699,-0.02639232,-0.5156402,0.37413266,-0.6879051,-0.4996319,0.4349574,-0.04530465,-0.62004966,0.40337253,0.12449943,-0.59207636,0.38652012,0.04941559,-0.5596517,YES
0.0,0.0,0.0,-0.26694942,0.009498035,-0.16081013,-0.5140614,-0.012030969,-0.2924906,-0.5811488,-0.016938224,-0.39862502,-0.42960858,-0.060364332,-0.4780206,-0.49212018,-0.88722306,-0.23629981,-0.4856021,-0.40900356,-0.3865148,-0.43225187,-0.20944533,-0.4760294,-0.40219072,-0.26972398,-0.53774697,-0.24704842,-0.9398719,-0.23581304,-0.24831843,-0.3437144,-0.361097,-0.25272217,-0.19620082,-0.38527194,-0.25802484,-0.3025414,-0.3988228,-0.012964313,-0.87297827,-0.25072196,-0.030324131,-0.27296284,-0.35091648,-0.053300846,-0.15449364,-0.29584372,-0.06365292,-0.25925747,-0.25211877,0.18993564,-0.74119127,-0.28951544,0.14627796,-0.25511706,-0.35783392,0.11584835,-0.14046131,-0.3272347,0.10347621,-0.21367848,-0.28890562,YES
0.0,0.0,0.0,-0.21550384,-0.24470264,-0.18487115,-0.35607624,-0.6438323,-0.30078444,-0.4556608,-0.98872066,-0.41114,-0.5803556,-1.2615734,-0.50583285,-0.067131735,-1.0592586,-0.16661365,0.0480842,-1.3984399,-0.30597728,0.13493857,-1.6232723,-0.35225102,0.23691571,-1.8416026,-0.37590462,0.1001685,-0.98544407,-0.13735452,0.20024887,-0.9497275,-0.30908105,0.054758087,-0.6434321,-0.29447156,0.00043357888,-0.71661943,-0.24493428,0.255085,-0.85107934,-0.13752206,0.3651992,-0.79125017,-0.34188855,0.20842059,-0.5474692,-0.28213224,0.11244359,-0.5708865,-0.18894407,0.3978633,-0.6982847,-0.15226015,0.5348352,-0.8906901,-0.30341387,0.6126557,-1.0119073,-0.29440302,0.70624316,-1.1811743,-0.24883074,ILOVEYOU
0.0,0.0,0.0,-0.21576919,-0.2372386,-0.1896446,-0.35861096,-0.6354214,-0.30439362,-0.46042347,-0.97954386,-0.41210848,-0.58339226,-1.2535738,-0.5026471,-0.0753122,-1.0560205,-0.16774008,0.035157524,-1.3898381,-0.31248125,0.11987719,-1.6071596,-0.36158913,0.22320893,-1.8273233,-0.3858172,0.09330135,-0.9868611,-0.131909,0.18941191,-0.95388234,-0.30142695,0.046051804,-0.64189065,-0.28270438,-0.0040981798,-0.73074424,-0.22987297,0.24936771,-0.8572204,-0.12672535,0.35860193,-0.7995164,-0.32865316,0.20345159,-0.542481,-0.2635759,0.11402184,-0.5647889,-0.16580915,0.3899216,-0.70895505,-0.1366341,0.52815723,-0.89847755,-0.28462863,0.60335416,-1.0135473,-0.27249664,0.69774896,-1.1797252,-0.22394215,ILOVEYOU
0.0,0.0,0.0,-0.22208413,-0.23971531,-0.18561135,-0.3712325,-0.6393955,-0.298271,-0.476345,-0.9834779,-0.40333351,-0.6050941,-1.2518173,-0.49323907,-0.08430656,-1.053656,-0.17142268,0.03002563,-1.3889272,-0.3110207,0.11442203,-1.609465,-0.3587108,0.21669175,-1.8284284,-0.3838398,0.08865634,-0.98654157,-0.13738944,0.19808687,-0.9505842,-0.3021866,0.04955625,-0.63933945,-0.28338888,-0.0128247505,-0.7107331,-0.23278841,0.24659647,-0.85329515,-0.13269882,0.36533517,-0.7830515,-0.3342414,0.20314524,-0.5324734,-0.27524468,0.10012337,-0.5584535,-0.18334624,0.39199588,-0.6965979,-0.14187005,0.5298866,-0.88945687,-0.29513475,0.60451686,-1.0079981,-0.28848585,0.695021,-1.1773541,-0.24459237,ILOVEYOU
0.0,0.0,0.0,-0.25731057,-0.23479277,-0.14959356,-0.43527877,-0.6510524,-0.23077781,-0.5447987,-1.0158628,-0.31243116,-0.66634005,-1.2694161,-0.38339517,-0.13221855,-1.0509517,-0.10758118,-0.029806482,-1.4395149,-0.20746015,0.05446684,-1.6797091,-0.23581626,0.14124167,-1.8836533,-0.24930373,0.02828132,-0.9955025,-0.09041593,0.1272034,-0.96969163,-0.26012614,-9.874399e-05,-0.6817469,-0.27928746,-0.08109203,-0.67098725,-0.25072166,0.1871507,-0.89084476,-0.095554054,0.29953176,-0.8562047,-0.29411608,0.15998952,-0.61899316,-0.2735259,0.047810458,-0.5962876,-0.20565338,0.33498883,-0.7631421,-0.11028549,0.4594097,-0.9618878,-0.25043374,0.5509842,-1.078881,-0.25476885,0.6515822,-1.2418828,-0.21933243,ILOVEYOU
0.0,0.0,0.0,-0.2804485,-0.19958179,-0.15811393,-0.5013221,-0.5877659,-0.24721047,-0.6247811,-0.94194174,-0.33389395,-0.7528253,-1.2119218,-0.40615642,-0.19266202,-1.0481626,-0.13870664,-0.116656356,-1.4462668,-0.25891355,-0.060835198,-1.69477,-0.29715794,0.0002544898,-1.9324036,-0.31776723,-0.008438617,-0.99264777,-0.120744385,0.068526894,-0.9939566,-0.2935651,-0.031487964,-0.65451723,-0.29847616,-0.08924869,-0.6635222,-0.26305124,0.16400102,-0.88895345,-0.12744713,0.25979364,-0.8753081,-0.33215636,0.1398278,-0.60021454,-0.29122952,0.045904517,-0.6031136,-0.2116264,0.33386853,-0.7719275,-0.14533506,0.43821487,-1.0121266,-0.29244554,0.5008072,-1.1440078,-0.28836465,0.5723847,-1.337186,-0.24737664,ILOVEYOU
0.0,0.0,0.0,-0.29258665,-0.20221783,-0.14946696,-0.53204125,-0.59570485,-0.24195176,-0.67267805,-0.9618832,-0.338159,-0.8200419,-1.2243001,-0.4209314,-0.22890489,-1.0462307,-0.12484574,-0.16431682,-1.4770266,-0.25349835,-0.117601596,-1.7394179,-0.29141313,-0.07112572,-1.9924594,-0.31063926,-0.04021126,-0.99271125,-0.11361081,0.03107674,-1.0568213,-0.29347625,-0.063878134,-0.67283106,-0.28041202,-0.12556724,-0.6800813,-0.22852741,0.13957286,-0.9101787,-0.1297788,0.23733142,-0.94339764,-0.3414428,0.11533123,-0.627301,-0.27905124,0.0086868005,-0.6059482,-0.18176521,0.31373376,-0.81154525,-0.15740606,0.41252407,-1.0788852,-0.30718443,0.46970227,-1.215111,-0.29471472,0.53122175,-1.4124163,-0.24750386,ILOVEYOU
0.0,0.0,0.0,-0.31723544,-0.1541196,-0.1436577,-0.5717866,-0.55924225,-0.22706638,-0.73022103,-0.9289397,-0.31670138,-0.88994634,-1.1705201,-0.39126801,-0.26795998,-1.0462537,-0.10891276,-0.20318386,-1.482533,-0.24274896,-0.14678869,-1.7460033,-0.28083792,-0.08313424,-2.013155,-0.29752895,-0.08381454,-0.99144226,-0.100086935,-0.0049844356,-1.0318121,-0.28740484,-0.1015114,-0.6480052,-0.27987152,-0.16927579,-0.69206846,-0.22865392,0.103986636,-0.9084442,-0.118567616,0.2096763,-0.96027935,-0.3345156,0.084118046,-0.6302413,-0.27182767,-0.022795573,-0.62362087,-0.17065695,0.29279023,-0.81093514,-0.14823027,0.3978787,-1.0554271,-0.29799476,0.45133033,-1.1853645,-0.285349,0.51709646,-1.3963147,-0.23332334,ILOVEYOU
0.0,0.0,0.0,-0.3143783,-0.1736626,-0.13556938,-0.5627702,-0.58722204,-0.2204402,-0.71461827,-0.93744814,-0.30961853,-0.8841159,-1.175676,-0.38449734,-0.25013533,-1.0510699,-0.12526618,-0.20635766,-1.4981365,-0.26965508,-0.1675519,-1.7627388,-0.32843676,-0.11079517,-2.0320592,-0.36294746,-0.06676102,-0.9908422,-0.11736535,-0.02498176,-1.0701545,-0.30408365,-0.10643566,-0.6802304,-0.29267162,-0.13134648,-0.68486565,-0.24474289,0.118884146,-0.9040496,-0.13575973,0.19178903,-1.0017351,-0.33425412,0.07203894,-0.65574473,-0.24831267,-0.0010048782,-0.58644086,-0.13843763,0.30044472,-0.80569744,-0.16763298,0.40506372,-1.0948169,-0.31008592,0.43939328,-1.2507712,-0.29031914,0.49902403,-1.4591249,-0.23820265,ILOVEYOU
0.0,0.0,0.0,-0.31851017,-0.1874831,-0.14997686,-0.5674511,-0.57406014,-0.24290404,-0.7131948,-0.9266643,-0.33885264,-0.863672,-1.1933562,-0.41903296,-0.24667087,-1.0581176,-0.1381456,-0.19455042,-1.4981498,-0.29134476,-0.15665747,-1.7810603,-0.34698465,-0.10764149,-2.0565622,-0.3746192,-0.059134718,-0.9904307,-0.12470021,0.005551248,-1.0694922,-0.3168524,-0.08948622,-0.66903216,-0.29454446,-0.1388839,-0.69198126,-0.23404731,0.12446897,-0.90707594,-0.14115354,0.21845207,-0.9862055,-0.3602806,0.096387945,-0.64176327,-0.27997673,0.007060051,-0.5991625,-0.16696042,0.30415046,-0.8117458,-0.17073026,0.4080105,-1.0924965,-0.33249334,0.45188734,-1.2447731,-0.32169428,0.5169156,-1.4634002,-0.27117944,ILOVEYOU
0.0,0.0,0.0,-0.28583363,-0.20196906,-0.17652507,-0.5032134,-0.56540924,-0.2764814,-0.64175415,-0.913563,-0.37079343,-0.79047537,-1.1926615,-0.44406632,-0.20751642,-1.0649536,-0.15079479,-0.15243924,-1.4605201,-0.31310007,-0.115719184,-1.7058167,-0.3695865,-0.055580735,-1.96534,-0.3911987,-0.025506463,-0.9924627,-0.11986369,0.053891312,-1.0364754,-0.3076557,-0.06329504,-0.6609354,-0.28217572,-0.12110722,-0.7144541,-0.21733615,0.14716698,-0.89735925,-0.12294578,0.24850976,-0.95554405,-0.3499392,0.11528167,-0.64225346,-0.2844264,0.02624743,-0.65179276,-0.17757104,0.31813896,-0.79783726,-0.13921174,0.41422853,-1.0386405,-0.29934692,0.45656937,-1.1712323,-0.28904077,0.5271618,-1.3756051,-0.23702474,ILOVEYOU
0.0,0.0,0.0,-0.28553483,-0.20021203,-0.15703581,-0.5203249,-0.57831246,-0.23929107,-0.65271723,-0.92176414,-0.32045504,-0.7645215,-1.205539,-0.3819009,-0.24420029,-1.0473844,-0.11719013,-0.18643878,-1.4500395,-0.2632037,-0.14771312,-1.6910123,-0.30996463,-0.090231955,-1.9513501,-0.32963866,-0.06286674,-0.9930172,-0.09982304,0.021072946,-1.0490229,-0.29018098,-0.0640969,-0.6710276,-0.28071803,-0.11291209,-0.70225143,-0.22666818,0.1126759,-0.9052226,-0.113751456,0.2158017,-0.93819207,-0.33911288,0.10212578,-0.61778307,-0.2819247,0.015171861,-0.62097317,-0.1810178,0.28927785,-0.80619025,-0.13959616,0.3888035,-1.0650085,-0.299745,0.4368771,-1.1918031,-0.29320875,0.5025286,-1.3898597,-0.24455121,ILOVEYOU
0.0,0.0,0.0,-0.29410666,-0.18831733,-0.14567052,-0.5343533,-0.5665038,-0.2195222,-0.67450595,-0.8933365,-0.29106513,-0.7905449,-1.1660662,-0.34163338,-0.25934854,-1.0401815,-0.119439445,-0.21889232,-1.4554992,-0.26395705,-0.18504879,-1.7062781,-0.31868815,-0.13813335,-1.9725235,-0.34651187,-0.079565145,-0.9915815,-0.102154545,-0.010780071,-1.0436753,-0.28651062,-0.090480424,-0.66436124,-0.2790158,-0.14132057,-0.69618076,-0.23086408,0.09459453,-0.91088116,-0.114071205,0.19081813,-0.9536797,-0.32512218,0.085692815,-0.62762135,-0.26407197,0.005426436,-0.6172173,-0.16685727,0.26678792,-0.81944203,-0.13782793,0.35979435,-1.0782734,-0.2903803,0.4036726,-1.2237203,-0.28246966,0.46766943,-1.4384469,-0.23604439,ILOVEYOU
0.0,0.0,0.0,-0.26920187,-0.15987788,-0.18340257,-0.48700354,-0.5059258,-0.29697606,-0.6221836,-0.828481,-0.40390283,-0.73393065,-1.1053588,-0.49367052,-0.23778997,-1.0128372,-0.16850503,-0.20649464,-1.3922429,-0.30565447,-0.18644817,-1.6455363,-0.35400692,-0.14869489,-1.883679,-0.380554,-0.05360092,-0.988686,-0.14009629,-0.015681842,-1.0097245,-0.31070095,-0.085754015,-0.64869165,-0.29276964,-0.112395644,-0.6525502,-0.23943202,0.13030876,-0.90112203,-0.14114286,0.18447118,-0.9116006,-0.33674905,0.099033564,-0.61440444,-0.26683143,0.04534789,-0.59365237,-0.16711816,0.30925307,-0.79415584,-0.15850824,0.365429,-1.0481108,-0.30192003,0.3873128,-1.1942934,-0.28841993,0.43029794,-1.39851,-0.24084722,ILOVEYOU
0.0,0.0,0.0,-0.23649573,-0.16038959,-0.17994195,-0.4371863,-0.45642507,-0.29119536,-0.55830985,-0.7715512,-0.39386627,-0.6466062,-1.0454798,-0.48216754,-0.21923678,-0.9804374,-0.17133522,-0.1719754,-1.3140448,-0.29418927,-0.14253558,-1.5689487,-0.34113505,-0.10231283,-1.7863038,-0.369496,-0.056759298,-0.98834026,-0.14128637,0.031637453,-0.92430377,-0.2913583,-0.066784926,-0.61609113,-0.28656667,-0.14306271,-0.6367609,-0.24990098,0.11067415,-0.9046967,-0.1364582,0.22024958,-0.83666563,-0.31759125,0.1141414,-0.5916527,-0.27113423,0.02153435,-0.6009306,-0.19553064,0.26917338,-0.77984124,-0.14639416,0.3642467,-0.9446938,-0.2933565,0.4296035,-1.0556322,-0.29144594,0.50726646,-1.2347344,-0.25240973,ILOVEYOU
0.0,0.0,0.0,-0.22951357,-0.1887594,-0.20803545,-0.40721813,-0.4684332,-0.33730975,-0.52328837,-0.7725831,-0.44823176,-0.6173123,-1.0530525,-0.5423562,-0.17278364,-0.99461406,-0.23627254,-0.11711979,-1.3340052,-0.3910405,-0.07590752,-1.5937495,-0.45984706,-0.022066824,-1.8215286,-0.49712214,-0.007255401,-0.9824401,-0.18643695,0.078198776,-0.9118891,-0.333391,-0.045121428,-0.6103701,-0.31065515,-0.12427038,-0.64885896,-0.26665324,0.15163213,-0.8806783,-0.16595602,0.26263252,-0.8010424,-0.3503669,0.12603995,-0.55093694,-0.30089346,0.02054701,-0.56438637,-0.22482641,0.3026621,-0.7483132,-0.16189525,0.4250047,-0.91288286,-0.31292698,0.50715786,-1.0210302,-0.31611428,0.60192657,-1.1843895,-0.28256315,ILOVEYOU
0.0,0.0,0.0,-0.22193404,-0.20575571,-0.20862181,-0.40478703,-0.5091123,-0.34326684,-0.5342801,-0.8012176,-0.46341914,-0.61094266,-1.0835063,-0.5640824,-0.1537519,-1.0250227,-0.21554166,-0.094959,-1.3725673,-0.35942367,-0.05457454,-1.6296105,-0.4114602,-0.0056837946,-1.8618888,-0.43789244,0.014474583,-0.98522455,-0.17065457,0.08321202,-0.9466783,-0.3331255,-0.03203182,-0.6413396,-0.31436104,-0.09576209,-0.70313185,-0.2651116,0.1810403,-0.8774295,-0.15535256,0.2768136,-0.8387712,-0.34392208,0.15545467,-0.5949699,-0.2840149,0.069320686,-0.6238714,-0.19630578,0.33570367,-0.75310636,-0.15759999,0.44247735,-0.9401806,-0.300501,0.5100639,-1.0664966,-0.2951734,0.5941629,-1.2602677,-0.25395614,ILOVEYOU
0.0,0.0,0.0,-0.23798515,-0.195825,-0.18230915,-0.444801,-0.54042464,-0.29721418,-0.57269835,-0.86515474,-0.4045834,-0.6652076,-1.1633614,-0.49486485,-0.19660228,-1.0339357,-0.18529342,-0.1445696,-1.4472873,-0.3250843,-0.103386566,-1.725771,-0.37594295,-0.058019605,-1.976361,-0.40285385,-0.015709957,-0.9878644,-0.15452272,0.054925688,-1.0143576,-0.33364788,-0.037593152,-0.68588114,-0.33037868,-0.10237262,-0.7139535,-0.28835934,0.16018869,-0.8978988,-0.15010719,0.26539242,-0.9185162,-0.34733358,0.15868336,-0.6589363,-0.29245895,0.070520364,-0.66866916,-0.20645365,0.3254519,-0.80355865,-0.16047394,0.4252342,-1.0453824,-0.29899013,0.49571514,-1.201862,-0.29059994,0.5796347,-1.4266313,-0.24942675,ILOVEYOU
0.0,0.0,0.0,-0.22903484,-0.22028023,-0.1575736,-0.4274095,-0.56594783,-0.25133175,-0.55971557,-0.87891346,-0.3412222,-0.6661402,-1.1645207,-0.41079003,-0.21027155,-1.0402602,-0.14920335,-0.15345508,-1.4313129,-0.30089056,-0.11457228,-1.6957754,-0.36315286,-0.07053045,-1.9534643,-0.39658335,-0.029593036,-0.9919362,-0.123234995,0.041233342,-1.0228012,-0.29834175,-0.038895752,-0.6905063,-0.28779942,-0.0907895,-0.74936783,-0.2442247,0.14404802,-0.90228665,-0.1259641,0.24802586,-0.940328,-0.32557383,0.14163052,-0.66394776,-0.26317942,0.062368434,-0.66347736,-0.17147341,0.30887532,-0.80431455,-0.14212261,0.41405007,-1.0535557,-0.29025516,0.47755334,-1.2107438,-0.2865427,0.56422895,-1.4310828,-0.2462771,ILOVEYOU
0.0,0.0,0.0,-0.23109432,-0.21540214,-0.15490894,-0.42346153,-0.59269035,-0.24393776,-0.5499884,-0.90443194,-0.32760203,-0.63395214,-1.1746429,-0.39453042,-0.19808,-1.0307082,-0.14784755,-0.13576558,-1.4277599,-0.2728629,-0.095364355,-1.6947694,-0.3240741,-0.057169415,-1.9351312,-0.35355753,-0.02176345,-0.99218357,-0.12287422,0.065537415,-1.0159324,-0.2908152,-0.021365063,-0.70934314,-0.29819885,-0.08471268,-0.70781386,-0.26617795,0.1519165,-0.9047383,-0.12055167,0.27257502,-0.93771696,-0.30288446,0.17030351,-0.68942726,-0.25672188,0.08507808,-0.66440755,-0.17819667,0.31351638,-0.7992059,-0.13058837,0.41945317,-1.0332282,-0.25886482,0.48286435,-1.1899867,-0.25328147,0.55995077,-1.3982941,-0.21436158,ILOVEYOU
0.0,0.0,0.0,-0.21048908,-0.2278924,-0.20274565,-0.33478397,-0.6053304,-0.3302924,-0.41159526,-0.92650056,-0.44664115,-0.52361643,-1.1864051,-0.55037403,-0.03989578,-1.0641693,-0.21539108,0.0878035,-1.405734,-0.36761928,0.18764956,-1.6503567,-0.42990127,0.29704633,-1.8662106,-0.46268675,0.11704271,-0.9774481,-0.17577286,0.2514143,-0.92381656,-0.3633178,0.08649718,-0.6256631,-0.3657834,0.0011398048,-0.68195724,-0.32827702,0.26519254,-0.84432113,-0.16283962,0.40781572,-0.7920184,-0.37713754,0.22785062,-0.5677433,-0.33061257,0.10461946,-0.59289086,-0.24707507,0.39827088,-0.6970561,-0.16476482,0.5594316,-0.86752,-0.32715556,0.6669412,-0.9604505,-0.32678673,0.7962404,-1.1120155,-0.2849529,ILOVEYOU
0.0,0.0,0.0,-0.18792842,-0.24884965,-0.19860215,-0.31689414,-0.61984134,-0.32243913,-0.39340112,-0.94936323,-0.43581364,-0.49622184,-1.2218821,-0.53378224,-0.033308797,-1.0728732,-0.17805833,0.09056357,-1.3983129,-0.29625246,0.1804886,-1.6196741,-0.33287522,0.2738222,-1.8138256,-0.3505516,0.11912456,-0.98267007,-0.14201675,0.22516543,-0.9478109,-0.3081466,0.07396168,-0.6826342,-0.3024829,0.0041725757,-0.71680045,-0.25747797,0.2610006,-0.84035313,-0.13319133,0.370279,-0.7982201,-0.3311407,0.21845601,-0.58460724,-0.28987765,0.11601829,-0.5933635,-0.20863527,0.39236417,-0.68014526,-0.1390924,0.5364921,-0.8614967,-0.28271908,0.6224075,-0.9706413,-0.28211427,0.72037,-1.1242049,-0.2431067,ILOVEYOU
0.0,0.0,0.0,-0.20379871,-0.25590336,-0.22389355,-0.34558314,-0.6304741,-0.3487868,-0.43766096,-0.965365,-0.45710146,-0.54162705,-1.2418656,-0.5496235,-0.09522072,-1.0671498,-0.19600442,0.027090378,-1.437866,-0.31558827,0.12052896,-1.6735679,-0.35362703,0.21914181,-1.8800726,-0.36979184,0.068395145,-0.98724216,-0.14378822,0.19489959,-0.9682479,-0.31986085,0.05493683,-0.71260315,-0.32799935,-0.03135162,-0.7225016,-0.29051465,0.22408924,-0.8658377,-0.120008,0.35885456,-0.8445846,-0.3306412,0.21046036,-0.6185379,-0.30811295,0.090870015,-0.60295355,-0.23480098,0.36985573,-0.7337228,-0.11117917,0.50409865,-0.93482256,-0.25542766,0.593925,-1.0619442,-0.2633733,0.69161403,-1.2328146,-0.23050913,ILOVEYOU
0.0,0.0,0.0,-0.22960404,-0.24471653,-0.18428135,-0.37478885,-0.63036764,-0.28377348,-0.4594394,-0.97222793,-0.37280348,-0.5680005,-1.2271556,-0.44953907,-0.12988734,-1.0559468,-0.15495154,-0.03079226,-1.4350005,-0.2651774,0.04326329,-1.6748825,-0.30620503,0.12394566,-1.8951942,-0.32796502,0.037406296,-0.9919304,-0.12113982,0.15053284,-0.99132955,-0.30331627,0.03386677,-0.7226461,-0.32856983,-0.04763576,-0.67921305,-0.30181664,0.19506612,-0.88151604,-0.11049363,0.31339887,-0.8820002,-0.31947374,0.18141058,-0.63515997,-0.30336908,0.0691929,-0.5746689,-0.2340005,0.3439035,-0.7508081,-0.11123673,0.46539187,-0.96001315,-0.250533,0.55034685,-1.0909324,-0.2574568,0.64039415,-1.2605525,-0.22512424,ILOVEYOU
0.0,0.0,0.0,-0.23094065,-0.25836322,-0.184949,-0.38912842,-0.6164423,-0.28695372,-0.4938667,-0.94059145,-0.37921414,-0.6179919,-1.1859056,-0.45655343,-0.17930673,-1.050102,-0.14778863,-0.09100623,-1.4251429,-0.26426333,-0.029100366,-1.6682166,-0.3036486,0.03461551,-1.8965093,-0.32172915,-0.01091234,-0.9941284,-0.10765512,0.096272014,-1.022941,-0.27307823,-0.016475772,-0.7221998,-0.26805827,-0.09334583,-0.7139536,-0.2216906,0.15162414,-0.89984494,-0.09524518,0.2725742,-0.9360488,-0.2965811,0.14268884,-0.660822,-0.25988784,0.03173682,-0.60731506,-0.17719932,0.30466685,-0.7899933,-0.095338956,0.41538495,-1.0015086,-0.23730731,0.48894647,-1.1307951,-0.243287,0.57491565,-1.3073666,-0.20873591,ILOVEYOU
0.0,0.0,0.0,-0.240577,-0.22687061,-0.16773634,-0.42382643,-0.5952854,-0.25356126,-0.5394941,-0.90912706,-0.331552,-0.6569081,-1.152337,-0.39847,-0.20402306,-1.0404673,-0.13444631,-0.14412193,-1.4295924,-0.2328723,-0.092335336,-1.6745303,-0.26891285,-0.035949618,-1.8892293,-0.28812966,-0.040015165,-0.9937044,-0.10464429,0.0772644,-1.0351379,-0.28326976,-0.024478069,-0.7481763,-0.311699,-0.11587447,-0.6715319,-0.2856386,0.11615201,-0.90782535,-0.09606698,0.24215126,-0.9560957,-0.29785573,0.124021694,-0.6896103,-0.2867317,0.007957368,-0.5960593,-0.2209249,0.26559982,-0.80158633,-0.09755615,0.37632585,-1.025637,-0.23722473,0.45652288,-1.1638669,-0.25194702,0.53750414,-1.3436803,-0.22430122,ILOVEYOU
0.0,0.0,0.0,-0.2970354,-0.08665138,-0.15385875,-0.58409005,-0.3490814,-0.25141782,-0.7897333,-0.5963261,-0.3460299,-0.971046,-0.7885593,-0.4269398,-0.4864156,-0.89805055,-0.162851,-0.55722773,-1.3017755,-0.3051936,-0.5927716,-1.5511043,-0.36254412,-0.61129135,-1.8065956,-0.39279947,-0.3029329,-0.9415113,-0.14760858,-0.2325078,-1.0296679,-0.33125487,-0.25412333,-0.6700054,-0.33373034,-0.31406307,-0.6238169,-0.2971364,-0.106416345,-0.9275163,-0.15531735,-0.020129362,-1.0362152,-0.36771104,-0.060101293,-0.6842345,-0.3080226,-0.12937057,-0.57370275,-0.2123654,0.09702509,-0.88325053,-0.17381492,0.14063644,-1.1954249,-0.31879887,0.14804552,-1.3352556,-0.29873428,0.1603279,-1.5242127,-0.2460563,ILOVEYOU
0.0,0.0,0.0,-0.3018182,-0.08095516,-0.2128755,-0.58862466,-0.2957181,-0.33787817,-0.8164274,-0.5164613,-0.44995615,-1.0342247,-0.7203421,-0.54053414,-0.54283494,-0.8819883,-0.20087202,-0.63182795,-1.2882072,-0.37784028,-0.68683916,-1.5482272,-0.44669333,-0.71959245,-1.8247654,-0.4762167,-0.33882853,-0.9282096,-0.15369497,-0.28225774,-1.0424156,-0.3407032,-0.27104455,-0.633707,-0.31306657,-0.33521333,-0.6348902,-0.24845551,-0.13959315,-0.93245274,-0.14273621,-0.05299987,-1.0527964,-0.36561236,-0.077286564,-0.69149804,-0.29442602,-0.15793473,-0.63048685,-0.1850833,0.054429006,-0.9191016,-0.14876296,0.07033816,-1.2412717,-0.30275288,0.06325983,-1.3972293,-0.2867866,0.06029184,-1.6019801,-0.23257002,ILOVEYOU
0.0,0.0,0.0,-0.28955802,-0.0686283,-0.19949688,-0.5879915,-0.29082048,-0.33046645,-0.8205198,-0.5165612,-0.45704287,-1.0422205,-0.70813555,-0.5666551,-0.544236,-0.8766434,-0.19821742,-0.6402704,-1.2915249,-0.3728777,-0.6929248,-1.5618228,-0.43522236,-0.7279086,-1.8391206,-0.4614424,-0.34723634,-0.9227035,-0.16746691,-0.28246737,-1.033562,-0.37497434,-0.26111954,-0.6250073,-0.35404384,-0.32931805,-0.61649656,-0.2893823,-0.14466447,-0.92590106,-0.16964972,-0.055696737,-1.0397666,-0.40819332,-0.06712255,-0.67022,-0.33223316,-0.14953761,-0.5827561,-0.21583779,0.05581373,-0.91262925,-0.18752138,0.07117232,-1.2486238,-0.34991333,0.07513447,-1.4039137,-0.32934943,0.075264685,-1.6061054,-0.2702548,ILOVEYOU
0.0,0.0,0.0,-0.33136883,-0.051766906,-0.2004366,-0.6485381,-0.20394525,-0.31193504,-0.9215077,-0.37132162,-0.40813687,-1.1674274,-0.5192878,-0.47911927,-0.6465556,-0.7942404,-0.18918096,-0.8024781,-1.1760561,-0.3609935,-0.90156806,-1.4227626,-0.42557415,-0.9793546,-1.679239,-0.45039332,-0.45222312,-0.8803004,-0.14340647,-0.44488117,-0.98615664,-0.31018355,-0.3760861,-0.5901751,-0.26756984,-0.42831004,-0.5983835,-0.19794576,-0.25287163,-0.9283028,-0.13493118,-0.21926983,-1.0596502,-0.3425271,-0.1896623,-0.693764,-0.26707238,-0.24950808,-0.62504727,-0.15964359,-0.052056715,-0.9574414,-0.14362375,-0.09109044,-1.2519495,-0.28387892,-0.14508103,-1.3917265,-0.26455328,-0.19634722,-1.581737,-0.21179208,ILOVEYOU
0.0,0.0,0.0,-0.3430566,-0.039903495,-0.19244461,-0.6635125,-0.20385502,-0.30001172,-0.93218803,-0.38380367,-0.39359322,-1.1734577,-0.53620034,-0.46549502,-0.63737404,-0.8005921,-0.18991104,-0.79296756,-1.1884642,-0.3651984,-0.8922222,-1.4407691,-0.44202635,-0.97064465,-1.6977447,-0.47782052,-0.44534007,-0.88321704,-0.14696874,-0.4233831,-1.0043739,-0.31665328,-0.35830382,-0.6148586,-0.283465,-0.4093962,-0.5954802,-0.22276476,-0.24808012,-0.92256117,-0.13923208,-0.19623739,-1.0626153,-0.34498218,-0.17832279,-0.7023765,-0.27389896,-0.24774857,-0.6138829,-0.17181177,-0.04869726,-0.94378626,-0.14778423,-0.07845736,-1.2551428,-0.29158092,-0.122428685,-1.4021965,-0.27557564,-0.16421328,-1.5909222,-0.22571227,ILOVEYOU
0.0,0.0,0.0,-0.32579067,-0.05078575,-0.22150637,-0.6335421,-0.19633287,-0.3520293,-0.9069394,-0.35685062,-0.46607053,-1.1506578,-0.5114327,-0.55829144,-0.59948146,-0.82616514,-0.2157488,-0.7124137,-1.2243811,-0.37691346,-0.7853511,-1.4931579,-0.4312886,-0.839008,-1.7470762,-0.4498253,-0.4110382,-0.8967003,-0.16424395,-0.35871258,-0.9837736,-0.32035536,-0.32886332,-0.591625,-0.27480277,-0.40966168,-0.58907956,-0.20479554,-0.21316397,-0.92489976,-0.14986986,-0.12742999,-1.0211065,-0.35758173,-0.1284331,-0.6631125,-0.2922139,-0.22947592,-0.6020163,-0.19292627,-0.017416064,-0.9301645,-0.15265268,-0.02090782,-1.2122691,-0.2980456,-0.033506386,-1.3483807,-0.2795708,-0.058417562,-1.5311601,-0.22685358,ILOVEYOU
0.0,0.0,0.0,-0.30195102,-0.06730816,-0.21164475,-0.56447214,-0.23490888,-0.3511857,-0.8046111,-0.4119263,-0.47704083,-1.0137987,-0.59675455,-0.5865945,-0.48962945,-0.886181,-0.22339633,-0.52824026,-1.2666993,-0.3820573,-0.5491763,-1.5417607,-0.44130135,-0.54330784,-1.7878141,-0.4639954,-0.3102978,-0.93462783,-0.17374139,-0.20992048,-0.9973844,-0.3287748,-0.22794212,-0.62023354,-0.29219884,-0.31478325,-0.5932293,-0.22889467,-0.11831175,-0.9247756,-0.15648715,0.0017474431,-0.9703395,-0.3605078,-0.05555958,-0.6306403,-0.30592984,-0.17488883,-0.56799054,-0.21457379,0.064289935,-0.88685167,-0.1537,0.11798303,-1.125614,-0.29980665,0.14075466,-1.2389568,-0.28593132,0.15551019,-1.4089398,-0.23546483,ILOVEYOU
0.0,0.0,0.0,-0.26871037,-0.12407865,-0.1789712,-0.49483687,-0.39543805,-0.300468,-0.6393316,-0.67543226,-0.41855383,-0.75834006,-0.9255713,-0.5247156,-0.27950507,-1.0088928,-0.1865098,-0.17179118,-1.396587,-0.33543795,-0.08537153,-1.6570225,-0.39557517,0.010620692,-1.8831207,-0.4236351,-0.10749523,-0.98134685,-0.15938354,0.046080314,-0.98873854,-0.33716664,-0.056643005,-0.6471934,-0.33738843,-0.16355465,-0.6622016,-0.29920486,0.06552831,-0.9082667,-0.15896699,0.21413022,-0.92004335,-0.3761681,0.093011126,-0.6182277,-0.3393001,-0.032544732,-0.55917335,-0.2587761,0.23116583,-0.8070581,-0.17021975,0.37723884,-1.0482918,-0.34348187,0.4832004,-1.1311935,-0.34748608,0.5856322,-1.2544,-0.30235696,ILOVEYOU
0.0,0.0,0.0,-0.26599777,-0.16359566,-0.17921661,-0.46678555,-0.47308543,-0.30541587,-0.5803516,-0.7812826,-0.42837518,-0.69580424,-1.0395005,-0.5411189,-0.2009125,-1.0385174,-0.18831535,-0.06710071,-1.393413,-0.33864346,0.04955935,-1.6230857,-0.40344286,0.17004392,-1.8149036,-0.43642876,-0.026533812,-0.98562944,-0.16682523,0.13519426,-0.96247196,-0.35915384,-0.002215643,-0.63186324,-0.37005466,-0.115769394,-0.6380928,-0.33709747,0.13916762,-0.88249886,-0.17059751,0.29469848,-0.86391795,-0.4035309,0.14971657,-0.58056724,-0.3704592,0.014792342,-0.52731377,-0.28949505,0.2957914,-0.749664,-0.18496026,0.44891614,-0.9651789,-0.3675506,0.55048203,-1.031736,-0.37016773,0.6514719,-1.147262,-0.32353225,ILOVEYOU
0.0,0.0,0.0,-0.23308502,-0.1976584,-0.18739158,-0.39009506,-0.5330018,-0.3157718,-0.48672938,-0.83477217,-0.4372214,-0.5920111,-1.0902797,-0.54911214,-0.09669837,-1.0539556,-0.20485204,0.058308404,-1.3868984,-0.34322408,0.18669005,-1.6095669,-0.40156233,0.31607983,-1.781871,-0.43202475,0.061163183,-0.9823333,-0.17686258,0.20499198,-0.9198803,-0.36225638,0.04234894,-0.6179153,-0.37633207,-0.064562805,-0.6166745,-0.3468442,0.20830205,-0.8533848,-0.17205212,0.34947568,-0.7890331,-0.3931112,0.1824499,-0.5340404,-0.36431953,0.04873743,-0.4920497,-0.28905207,0.33995825,-0.695911,-0.17904617,0.5042158,-0.8694223,-0.35172042,0.61673754,-0.92206764,-0.3579677,0.7343239,-1.019436,-0.31679866,ILOVEYOU
0.0,0.0,0.0,-0.21680772,-0.22168794,-0.14914802,-0.34853074,-0.5845882,-0.2576576,-0.41268945,-0.9064515,-0.364592,-0.50551814,-1.1525531,-0.46090004,-0.06908959,-1.0631523,-0.17528906,0.084715664,-1.4147348,-0.31889105,0.2241817,-1.651013,-0.3852566,0.36704245,-1.8304142,-0.4226729,0.094192035,-0.9824989,-0.16069786,0.25489548,-0.9615153,-0.34590262,0.09546251,-0.68620193,-0.3532971,-0.0042425133,-0.7000415,-0.32212815,0.24903135,-0.8612833,-0.16830906,0.39863333,-0.84437436,-0.37698624,0.22026004,-0.62312794,-0.339094,0.08477378,-0.5821829,-0.2642512,0.38208047,-0.70990324,-0.18616909,0.5797293,-0.8732882,-0.36117202,0.71060455,-0.93694776,-0.37740117,0.8480924,-1.0386539,-0.34593788,ILOVEYOU
0.0,0.0,0.0,-0.19918779,-0.22055283,-0.1916331,-0.32455283,-0.56234974,-0.32135528,-0.36189184,-0.87154096,-0.44265944,-0.43005165,-1.136154,-0.55089766,-0.031457458,-1.0711519,-0.20853744,0.13246077,-1.4231097,-0.35910565,0.27781722,-1.6520525,-0.42904726,0.42210433,-1.8293589,-0.46730602,0.12063535,-0.97670335,-0.17747563,0.28589058,-0.9423074,-0.3667242,0.11361756,-0.6647391,-0.37428638,0.012629367,-0.6940441,-0.34219402,0.2645654,-0.8509322,-0.17312607,0.43640438,-0.8279258,-0.38479212,0.2569646,-0.62713605,-0.34857064,0.11968886,-0.62176377,-0.2757024,0.3900171,-0.70883507,-0.18329766,0.5913715,-0.8786385,-0.35498613,0.72216386,-0.9365446,-0.36745155,0.8605181,-1.0400546,-0.33450276,ILOVEYOU
0.0,0.0,0.0,-0.21162955,-0.22140117,-0.19837095,-0.34888387,-0.5505911,-0.3262841,-0.4181209,-0.84541404,-0.44624016,-0.5020705,-1.1076432,-0.5532239,-0.074314184,-1.0671008,-0.1934527,0.056710865,-1.4172512,-0.3339723,0.17675291,-1.6548591,-0.39253536,0.3022759,-1.8523996,-0.42225978,0.07994717,-0.98431253,-0.15728112,0.24609846,-0.9742527,-0.3454745,0.10131959,-0.6759436,-0.3528408,0.0011990978,-0.6905529,-0.31629974,0.2293805,-0.8686284,-0.14898409,0.39322236,-0.8529623,-0.3714733,0.23679611,-0.5873391,-0.338974,0.104224846,-0.52824193,-0.25919625,0.3617435,-0.7335328,-0.15467209,0.541675,-0.92986846,-0.32998064,0.67334944,-1.0045228,-0.34558886,0.8047458,-1.1194887,-0.31171837,ILOVEYOU
0.0,0.0,0.0,-0.20369321,-0.23853464,-0.16596831,-0.33841985,-0.5573783,-0.28208816,-0.41774863,-0.8493815,-0.393639,-0.5150437,-1.0904324,-0.4924992,-0.102131665,-1.0655559,-0.16838971,0.01332965,-1.4160529,-0.31143185,0.117452756,-1.656079,-0.38296568,0.22498652,-1.8635306,-0.42377612,0.052895103,-0.9881007,-0.14442667,0.20767356,-1.0171523,-0.32065988,0.0773176,-0.7147217,-0.32989573,-0.012601134,-0.7287185,-0.30047646,0.20520318,-0.8797061,-0.14556924,0.3642389,-0.90858454,-0.34574586,0.21551372,-0.65169543,-0.306768,0.09132409,-0.59145004,-0.23121712,0.33977687,-0.7460638,-0.15922748,0.5075556,-0.9624321,-0.3170662,0.6291299,-1.0620115,-0.3256133,0.75968796,-1.1979405,-0.29197022,ILOVEYOU
0.0,0.0,0.0,-0.21624474,-0.188414,-0.18151,-0.39078218,-0.48891166,-0.3050673,-0.51167214,-0.75467014,-0.42352095,-0.62434596,-0.993956,-0.52941877,-0.19103117,-1.0249059,-0.18571632,-0.12743656,-1.4105765,-0.3212805,-0.06307191,-1.6595808,-0.37332293,0.014629973,-1.8795856,-0.3990054,-0.033783533,-0.98586696,-0.16408901,0.11206376,-1.0392506,-0.35837165,0.023122765,-0.71900254,-0.3731375,-0.06707563,-0.6746155,-0.33848336,0.13199346,-0.89919424,-0.16688988,0.27140465,-0.94805086,-0.3825923,0.17410164,-0.67854613,-0.34843388,0.06650988,-0.6094995,-0.26855135,0.29012322,-0.78394634,-0.18275677,0.4179911,-1.0383041,-0.33449143,0.51791453,-1.1835324,-0.33651096,0.612364,-1.3717185,-0.29907185,ILOVEYOU
0.0,0.0,0.0,-0.24212489,-0.19215201,-0.13440067,-0.4501268,-0.49226528,-0.2270274,-0.58783627,-0.72641695,-0.32070372,-0.7023716,-0.9268782,-0.4026851,-0.24951644,-1.0135347,-0.14354776,-0.2107759,-1.4056178,-0.2759093,-0.16994244,-1.6500813,-0.33218965,-0.11471817,-1.8843746,-0.36389005,-0.08158147,-0.98730993,-0.13624829,0.01918049,-1.0600299,-0.31629035,-0.05718245,-0.73210996,-0.3239629,-0.12649931,-0.6997225,-0.2916314,0.092835166,-0.9152975,-0.15138088,0.20448153,-0.9938265,-0.3545422,0.110847406,-0.69234043,-0.31156126,0.021054463,-0.60113645,-0.23097119,0.2576749,-0.81440413,-0.17683852,0.3730068,-1.0739392,-0.32921603,0.4488805,-1.2266752,-0.33629072,0.5342629,-1.4244615,-0.30484453,ILOVEYOU
0.0,0.0,0.0,-0.2687501,-0.20863546,-0.15067114,-0.4832395,-0.4540606,-0.24426913,-0.6532082,-0.66705245,-0.325888,-0.8082242,-0.82788855,-0.3937406,-0.33057657,-0.97945786,-0.17321801,-0.31546056,-1.3588611,-0.31173187,-0.29956713,-1.6260444,-0.38801387,-0.2787601,-1.8594743,-0.43390843,-0.15649243,-0.9773139,-0.1427153,-0.059272673,-1.0569857,-0.27078578,-0.11724615,-0.7326698,-0.24832821,-0.19859439,-0.7160439,-0.20959985,0.015591133,-0.94115746,-0.1387737,0.12482386,-1.0154753,-0.2949406,0.043912545,-0.70812845,-0.24067944,-0.056034643,-0.6030996,-0.1668567,0.16798963,-0.8712734,-0.1486861,0.26226968,-1.1308023,-0.28175014,0.3286676,-1.2788402,-0.28662416,0.39839756,-1.4483145,-0.25912878,ILOVEYOU
0.0,0.0,0.0,-0.27335805,-0.15930152,-0.16184448,-0.50159746,-0.4178067,-0.24946322,-0.68048316,-0.63119483,-0.32396358,-0.84335136,-0.79745185,-0.38470522,-0.36875552,-0.9710913,-0.16621271,-0.3748369,-1.355302,-0.29919365,-0.36520565,-1.6153095,-0.36521557,-0.34978077,-1.8548694,-0.4014711,-0.18807295,-0.97373474,-0.12833275,-0.09523525,-1.0526593,-0.2740852,-0.13428925,-0.7162424,-0.2687531,-0.21836102,-0.6721916,-0.23356628,-0.008280424,-0.9392311,-0.1153391,0.09996219,-1.0209553,-0.29662678,0.040663924,-0.68509895,-0.25805107,-0.0591763,-0.5726651,-0.18379474,0.15654962,-0.8795514,-0.113429055,0.22729515,-1.144564,-0.25101948,0.2844745,-1.2792573,-0.25532785,0.33400157,-1.4550632,-0.22349925,ILOVEYOU
0.0,0.0,0.0,-0.27166823,-0.16422564,-0.1766406,-0.49706152,-0.40767834,-0.26808375,-0.6819827,-0.6160082,-0.34289584,-0.8506136,-0.79883575,-0.3995138,-0.38167635,-0.96308285,-0.17231578,-0.40256238,-1.3402348,-0.3141725,-0.4012072,-1.5939306,-0.37793013,-0.38773277,-1.8331361,-0.407965,-0.19916984,-0.9719187,-0.12532096,-0.11978525,-1.0431514,-0.26738298,-0.16353992,-0.705472,-0.24682619,-0.24711506,-0.68762445,-0.1998433,-0.018883634,-0.9398932,-0.1083747,0.08073899,-1.0189302,-0.29152697,0.012522819,-0.68849987,-0.24743466,-0.09156337,-0.60250247,-0.16811247,0.14634758,-0.883049,-0.10427162,0.22032058,-1.1406462,-0.24147666,0.26492724,-1.2771198,-0.24520724,0.30194172,-1.4598488,-0.21211559,ILOVEYOU
0.0,0.0,0.0,-0.26896676,-0.16664737,-0.17967105,-0.49031842,-0.39871815,-0.2670068,-0.6710781,-0.5998312,-0.33296433,-0.8410863,-0.784419,-0.37571976,-0.3950894,-0.96366435,-0.17802422,-0.41481704,-1.3395091,-0.3294793,-0.41626328,-1.5884823,-0.39786476,-0.40959337,-1.8259712,-0.4276199,-0.20994936,-0.96932656,-0.12777835,-0.12914881,-1.0357378,-0.26287797,-0.1659984,-0.69550943,-0.23324673,-0.25266176,-0.7045361,-0.18103915,-0.030580102,-0.93455255,-0.109210044,0.07160005,-1.0152787,-0.29036656,0.010066981,-0.6902897,-0.23944378,-0.094897866,-0.6316672,-0.15590116,0.13717644,-0.8791761,-0.103805624,0.20517448,-1.1355114,-0.240741,0.24519461,-1.2746353,-0.23747918,0.27550057,-1.4597547,-0.19845837,ILOVEYOU
0.0,0.0,0.0,-0.271799,-0.17901929,-0.17852703,-0.48378596,-0.4005853,-0.2786996,-0.6685935,-0.5940546,-0.36034423,-0.83841974,-0.78396416,-0.4203769,-0.39197418,-0.9644709,-0.19287384,-0.4104646,-1.3499615,-0.36664924,-0.41974935,-1.6054385,-0.45382532,-0.4162786,-1.8496585,-0.49513575,-0.20734756,-0.9675569,-0.14436282,-0.14729059,-1.038707,-0.27591267,-0.18902819,-0.68071455,-0.23599908,-0.27175632,-0.71039397,-0.18087469,-0.027206646,-0.9334415,-0.12961175,0.06463909,-1.0232009,-0.3036687,0.00021334208,-0.68521804,-0.23567806,-0.09641244,-0.62568015,-0.14349517,0.14162596,-0.87368125,-0.12985803,0.20767272,-1.1517804,-0.26078182,0.24208201,-1.2892712,-0.24611822,0.27823284,-1.4695233,-0.2000348,ILOVEYOU
0.0,0.0,0.0,-0.28291684,-0.1655245,-0.14721467,-0.50424635,-0.38439873,-0.24466278,-0.6829926,-0.58362544,-0.33225873,-0.85508394,-0.75631434,-0.40384212,-0.3966708,-0.9539123,-0.17550127,-0.4240599,-1.3395014,-0.33502898,-0.4365302,-1.6008809,-0.4201267,-0.43354133,-1.8424323,-0.46527305,-0.2163374,-0.96443814,-0.15184607,-0.1356745,-1.0226185,-0.30802107,-0.18120112,-0.67230886,-0.30140984,-0.26307106,-0.6573465,-0.26608405,-0.034805737,-0.92611796,-0.15301777,0.06457619,-1.0023906,-0.3382601,-0.0070569133,-0.68066156,-0.28590268,-0.10239279,-0.59376913,-0.20414273,0.13665135,-0.8648252,-0.16526903,0.19950809,-1.1382972,-0.2976615,0.22438514,-1.2791467,-0.28139454,0.25520438,-1.4586443,-0.23543839,ILOVEYOU
0.0,0.0,0.0,-0.27877408,-0.14590438,-0.16574901,-0.4951578,-0.37371334,-0.27872953,-0.67830974,-0.57908136,-0.38388625,-0.8503873,-0.77955586,-0.47425294,-0.4028362,-0.94969285,-0.187271,-0.43059337,-1.3406721,-0.3589596,-0.4404646,-1.6015043,-0.4485097,-0.43600437,-1.8539152,-0.4961199,-0.22153416,-0.9623159,-0.15770459,-0.1483218,-1.0350964,-0.3252597,-0.18346874,-0.68046784,-0.31550258,-0.26006863,-0.6705195,-0.27537966,-0.036383763,-0.92515206,-0.15614648,0.057932597,-1.004416,-0.34949905,-0.006201773,-0.6637058,-0.28610507,-0.09806007,-0.56982285,-0.1937075,0.13681367,-0.861268,-0.16815327,0.19969152,-1.1481975,-0.30477685,0.22478873,-1.285129,-0.28650096,0.2563405,-1.4651409,-0.23766206,ILOVEYOU
0.0,0.0,0.0,-0.2871725,-0.13938741,-0.17253181,-0.5169328,-0.38396952,-0.27550235,-0.7011754,-0.60556847,-0.3670431,-0.8736973,-0.80597436,-0.44253716,-0.42147976,-0.9515927,-0.17966296,-0.45034462,-1.3473952,-0.34123403,-0.45719954,-1.6102741,-0.42394894,-0.44960135,-1.8663237,-0.467464,-0.23681438,-0.9607463,-0.14451808,-0.1586319,-1.0609725,-0.30460185,-0.19420329,-0.7002123,-0.29398805,-0.27666304,-0.66732556,-0.25216922,-0.053902682,-0.9276545,-0.13847642,0.04264322,-1.0309615,-0.3283338,-0.021004526,-0.6909175,-0.27561867,-0.12065279,-0.5946557,-0.19002752,0.11934259,-0.87213767,-0.14612485,0.18044859,-1.1591326,-0.28280038,0.2152818,-1.3011372,-0.2744592,0.2515233,-1.485475,-0.23231302,ILOVEYOU
0.0,0.0,0.0,-0.28522742,-0.14522061,-0.165701,-0.50010496,-0.4195941,-0.25405252,-0.66426593,-0.6560604,-0.3275633,-0.8280294,-0.85625595,-0.38243315,-0.37769383,-0.9720305,-0.18371473,-0.38096216,-1.3716118,-0.35279548,-0.36821297,-1.6351411,-0.4425031,-0.341513,-1.8916882,-0.48938203,-0.19967987,-0.96894413,-0.14586048,-0.12243515,-1.0504707,-0.29879084,-0.1730676,-0.69101125,-0.28478318,-0.25228572,-0.678194,-0.24469551,-0.02294252,-0.92889243,-0.13708594,0.07463998,-1.0329244,-0.32129848,-0.006579875,-0.6949672,-0.26727414,-0.1059185,-0.61535686,-0.18306373,0.14886853,-0.8620147,-0.14133967,0.22461846,-1.1410416,-0.27862257,0.27171642,-1.2709591,-0.27102587,0.32575554,-1.4455346,-0.22828491,ILOVEYOU
0.0,0.0,0.0,-0.28215978,-0.11128818,-0.13252795,-0.52984166,-0.42982003,-0.21122037,-0.68487614,-0.69690543,-0.28786317,-0.83836645,-0.88022566,-0.35575494,-0.3809908,-0.9652055,-0.15789197,-0.3757299,-1.3996158,-0.28936085,-0.34664845,-1.6678811,-0.344007,-0.31167662,-1.922853,-0.37358922,-0.19578679,-0.96933913,-0.14848953,-0.082414545,-1.0578967,-0.33507392,-0.11372265,-0.7041158,-0.35254353,-0.1888319,-0.61442524,-0.32530347,0.0012462796,-0.92487967,-0.1570756,0.115427494,-1.0115709,-0.36785415,0.059143733,-0.6741026,-0.3306203,-0.039307155,-0.5530553,-0.25127226,0.20301464,-0.85474044,-0.17282511,0.2756606,-1.1452638,-0.32618454,0.34203595,-1.2843252,-0.32524967,0.39526564,-1.4741459,-0.28513768,ILOVEYOU
0.0,0.0,0.0,-0.25903618,-0.13990328,-0.16056792,-0.49950424,-0.42124498,-0.26438627,-0.6726663,-0.6644414,-0.3639075,-0.8339519,-0.87182426,-0.44979414,-0.3779734,-0.9728231,-0.1743689,-0.3893156,-1.3839792,-0.32142398,-0.37037867,-1.6482463,-0.37884226,-0.33231828,-1.9069477,-0.40602636,-0.19559707,-0.968514,-0.15402111,-0.082992285,-1.0554451,-0.32882458,-0.12828003,-0.68169063,-0.3160556,-0.20469528,-0.66089964,-0.2687402,-0.010912971,-0.91672885,-0.16032426,0.114932686,-0.9933052,-0.3679236,0.03893324,-0.65300614,-0.31237698,-0.06256866,-0.56594795,-0.22156061,0.16881797,-0.8396244,-0.1784538,0.26550147,-1.143369,-0.33122948,0.32783896,-1.2864465,-0.3249266,0.38722414,-1.4696757,-0.28100622,ILOVEYOU
0.0,0.0,0.0,-0.25637877,-0.1252443,-0.18656999,-0.48957077,-0.39698327,-0.31215087,-0.661988,-0.6530898,-0.43488535,-0.8321108,-0.86839306,-0.54444563,-0.36754975,-0.99058217,-0.18200625,-0.34741813,-1.4074296,-0.3296767,-0.3190845,-1.6789753,-0.3780932,-0.26878,-1.9272372,-0.39634728,-0.19226772,-0.9690799,-0.15465195,-0.06530615,-1.0560058,-0.34447357,-0.11507063,-0.68145615,-0.3341027,-0.1951305,-0.6525096,-0.28103676,-0.0075216503,-0.9138091,-0.15617205,0.12655593,-0.9915313,-0.3784098,0.051067185,-0.660186,-0.3262206,-0.05691719,-0.5758982,-0.23161022,0.17522648,-0.834566,-0.17158926,0.26997557,-1.1111875,-0.3333537,0.34193656,-1.2396377,-0.33056945,0.41625997,-1.416694,-0.28356028,ILOVEYOU
0.0,0.0,0.0,-0.2519082,-0.114611685,-0.20018134,-0.48110408,-0.39273152,-0.3327032,-0.6496348,-0.6716743,-0.46140832,-0.82321006,-0.89638025,-0.5776618,-0.34339154,-0.98671967,-0.19472863,-0.31577924,-1.4045873,-0.34593752,-0.28113797,-1.6828562,-0.3961359,-0.22168478,-1.9320978,-0.41637683,-0.17354123,-0.9711769,-0.16339754,-0.03915421,-1.0366724,-0.35668916,-0.102452524,-0.66931796,-0.34980977,-0.19074498,-0.64704216,-0.30140328,0.0090173725,-0.91874725,-0.16216527,0.15010348,-0.9781183,-0.392089,0.06284377,-0.659359,-0.34569445,-0.05212034,-0.5847025,-0.2560018,0.18729833,-0.83995974,-0.1754613,0.2978396,-1.1135906,-0.34585822,0.38645244,-1.2269418,-0.3461897,0.47296324,-1.385495,-0.30153894,ILOVEYOU
0.0,0.0,0.0,-0.24976107,-0.138604,-0.18541959,-0.4574249,-0.412323,-0.31170848,-0.61374027,-0.6782051,-0.43390292,-0.7763215,-0.8922663,-0.5452293,-0.30741844,-0.99090695,-0.18509711,-0.26339287,-1.3846886,-0.32130665,-0.21548837,-1.6565114,-0.3695743,-0.14818144,-1.8920316,-0.39105245,-0.14142238,-0.9773191,-0.1576295,0.0041161235,-1.0040975,-0.33587223,-0.071173996,-0.66663903,-0.3356825,-0.16559626,-0.6380659,-0.29610738,0.034337927,-0.9148231,-0.15661924,0.17698836,-0.9312219,-0.37441128,0.082693115,-0.641715,-0.3425096,-0.036298882,-0.5732506,-0.26621652,0.20292257,-0.8227221,-0.16797422,0.32749695,-1.063264,-0.3320784,0.42551693,-1.1499003,-0.33707786,0.51234096,-1.2784247,-0.29747966,ILOVEYOU
0.0,0.0,0.0,-0.23047145,-0.16815507,-0.18063775,-0.41646963,-0.46193224,-0.30830795,-0.55564106,-0.737259,-0.42967352,-0.7156833,-0.9390706,-0.5392675,-0.25543904,-1.0090154,-0.20668158,-0.1963776,-1.4004213,-0.36123818,-0.14084935,-1.6733441,-0.4226085,-0.06773552,-1.9099416,-0.45368317,-0.092394136,-0.9798291,-0.17719576,0.03877637,-1.0454513,-0.35356382,-0.047158804,-0.67542213,-0.3321826,-0.13228433,-0.6592675,-0.28063565,0.077546015,-0.9057182,-0.17572984,0.21087593,-0.96098167,-0.38638964,0.10262075,-0.65396273,-0.32813105,-0.007624192,-0.58214384,-0.23827615,0.24027088,-0.8031186,-0.18781707,0.37160093,-1.0688702,-0.35902148,0.4701984,-1.1757084,-0.36317003,0.57391375,-1.3236911,-0.3248136,ILOVEYOU
0.0,0.0,0.0,-0.23543428,-0.15321475,-0.190632,-0.42535514,-0.4589238,-0.31364888,-0.5556064,-0.73110163,-0.42762113,-0.7063821,-0.94461375,-0.52889824,-0.24198546,-1.0178617,-0.20735188,-0.18480492,-1.4169401,-0.34914166,-0.12381777,-1.6831286,-0.40070176,-0.047720984,-1.9190882,-0.4259531,-0.07093471,-0.9818492,-0.17589872,0.07102165,-1.0426865,-0.3584489,-0.014323356,-0.69100535,-0.35326818,-0.108079374,-0.65547895,-0.30947322,0.10328955,-0.89764977,-0.17051601,0.24326457,-0.9385237,-0.388746,0.13851579,-0.62693214,-0.3449224,0.021121426,-0.5478362,-0.25965086,0.2707748,-0.791973,-0.17835723,0.3916852,-1.056859,-0.34807438,0.49696282,-1.1726981,-0.3550546,0.5999603,-1.3346068,-0.3180491,ILOVEYOU
0.0,0.0,0.0,-0.2437651,-0.1615247,-0.19719832,-0.43434727,-0.44531968,-0.32290855,-0.5713659,-0.7080987,-0.43781623,-0.72406083,-0.9211881,-0.5366261,-0.27564812,-1.0148466,-0.19371842,-0.2319371,-1.4103434,-0.3292237,-0.17661428,-1.67065,-0.37849146,-0.11298293,-1.8987814,-0.40068492,-0.11199726,-0.98180157,-0.15336971,0.0096789505,-1.0480963,-0.31803772,-0.068177246,-0.70268214,-0.30596602,-0.1650556,-0.689748,-0.2585614,0.060085803,-0.90934414,-0.14101623,0.1916709,-0.97211623,-0.3406122,0.098496564,-0.67131436,-0.29399398,-0.0143425455,-0.6087378,-0.20926903,0.22621547,-0.8191405,-0.14318784,0.33605498,-1.0779365,-0.29656228,0.42656177,-1.1928293,-0.29891142,0.5156363,-1.3572683,-0.25905684,ILOVEYOU
0.0,0.0,0.0,-0.27307397,-0.16058722,-0.15196507,-0.48534134,-0.45342615,-0.24359004,-0.6492821,-0.6927745,-0.32774413,-0.8159006,-0.87290096,-0.39527166,-0.34365436,-1.0046937,-0.16535018,-0.3316475,-1.4213169,-0.3218457,-0.3044453,-1.6904478,-0.39683595,-0.26734844,-1.9432626,-0.43372208,-0.17700574,-0.97475755,-0.13607551,-0.06842393,-1.0546392,-0.29739544,-0.12601371,-0.6975663,-0.28785604,-0.217357,-0.688242,-0.24716775,0.0028884283,-0.92129886,-0.13216637,0.12918004,-1.0324222,-0.31845215,0.048961226,-0.6892063,-0.25892496,-0.05833368,-0.5989198,-0.16974309,0.17829129,-0.8442835,-0.14015076,0.26748076,-1.1028813,-0.27712825,0.33370528,-1.2261922,-0.26605392,0.4063094,-1.414539,-0.21860689,ILOVEYOU
0.0,0.0,0.0,-0.30327877,-0.1434277,-0.16061637,-0.5279695,-0.42005333,-0.25302976,-0.7021079,-0.65649843,-0.33887804,-0.86146104,-0.86498225,-0.40585837,-0.41490117,-0.97698987,-0.14257881,-0.4374222,-1.3872372,-0.29722074,-0.4363067,-1.6550819,-0.37005803,-0.41947964,-1.917905,-0.40564972,-0.23855974,-0.9647635,-0.11099763,-0.1509403,-1.0748948,-0.2718568,-0.1794493,-0.7029701,-0.2588271,-0.25163528,-0.67434675,-0.21239796,-0.05166945,-0.9237225,-0.108964205,0.050481487,-1.0449432,-0.29677647,-0.014921761,-0.69614965,-0.23693325,-0.11008604,-0.60674596,-0.14441329,0.1344357,-0.8622969,-0.120399326,0.20280111,-1.1489829,-0.25372604,0.24367045,-1.2763544,-0.24079134,0.29037994,-1.4580469,-0.19250357,ILOVEYOU
0.0,0.0,0.0,-0.29052037,-0.14013115,-0.12704422,-0.5152916,-0.4235451,-0.20762017,-0.68547803,-0.65668875,-0.28766546,-0.83162355,-0.85239655,-0.35610002,-0.3798601,-0.9708574,-0.124781765,-0.40857792,-1.3670073,-0.2624908,-0.4131955,-1.6287972,-0.3330052,-0.39915428,-1.8759447,-0.37223616,-0.20776363,-0.97173345,-0.11210849,-0.13048837,-1.0687177,-0.27699038,-0.16059041,-0.71217316,-0.2863938,-0.2172831,-0.651051,-0.25657484,-0.03034943,-0.92910165,-0.12100399,0.058230836,-1.0266247,-0.30439335,-0.0117377415,-0.7003474,-0.25723675,-0.09648422,-0.59298116,-0.17631155,0.13959709,-0.8562009,-0.13936117,0.21275976,-1.1442244,-0.2662708,0.25446525,-1.2814579,-0.25182945,0.30001432,-1.4620094,-0.20576341,ILOVEYOU
0.0,0.0,0.0,-0.23052613,-0.12045889,-0.12604418,-0.4419554,-0.31355047,-0.19915244,-0.6024607,-0.47563395,-0.26140052,-0.7578476,-0.6007766,-0.320731,-0.32456702,-0.9082613,-0.08728806,-0.426522,-1.251076,-0.1662428,-0.48230883,-1.4601882,-0.23971182,-0.5181251,-1.6506749,-0.29619387,-0.16030747,-0.982559,-0.09422995,-0.21280457,-1.3804256,-0.15031376,-0.24132402,-1.6254935,-0.21003446,-0.26249602,-1.8407859,-0.2582199,0.005262119,-0.9608111,-0.120976456,-0.01161477,-1.3363137,-0.18457054,-0.017339911,-1.5744668,-0.23192628,-0.028575365,-1.7928944,-0.27041113,0.17004879,-0.8648964,-0.16132948,0.20604801,-1.1196785,-0.21871108,0.23501499,-1.291654,-0.23991796,0.25952852,-1.4601188,-0.25679296,HELLO
0.0,0.0,0.0,-0.22617733,-0.124527,-0.13015635,-0.4367947,-0.31937683,-0.20752624,-0.5951564,-0.480968,-0.27317813,-0.74831927,-0.61443394,-0.33608353,-0.31006217,-0.9128694,-0.09895527,-0.4082654,-1.2595619,-0.18308301,-0.46485227,-1.4735543,-0.2599453,-0.5014037,-1.6695447,-0.31903487,-0.14703326,-0.9834727,-0.10565353,-0.19882986,-1.3837465,-0.16537909,-0.22459638,-1.6313162,-0.22627564,-0.24260403,-1.8485719,-0.27606925,0.017558744,-0.95650154,-0.13204052,0.0025932267,-1.3342229,-0.19770181,-0.00011302908,-1.5739247,-0.24393292,-0.008283625,-1.7947427,-0.28228703,0.1819607,-0.85475546,-0.17259668,0.21877919,-1.1108248,-0.23163961,0.24997464,-1.2857997,-0.25283197,0.27730396,-1.4579291,-0.27008826,HELLO
0.0,0.0,0.0,-0.23444629,-0.12705258,-0.13846706,-0.44353408,-0.32167128,-0.21980752,-0.60510623,-0.49301785,-0.28838125,-0.76272005,-0.62929225,-0.35379437,-0.30513796,-0.9164103,-0.1031363,-0.40159038,-1.2670239,-0.18622822,-0.45682243,-1.4845742,-0.26242235,-0.49163923,-1.6851938,-0.32204783,-0.13864559,-0.98454785,-0.106971785,-0.18200095,-1.3885995,-0.16799545,-0.19945963,-1.6378347,-0.22945161,-0.2090353,-1.8592077,-0.2795962,0.026807588,-0.9534285,-0.13135159,0.01910417,-1.3363483,-0.2005605,0.022729844,-1.5751559,-0.24861059,0.02087292,-1.796151,-0.28780964,0.19022574,-0.8483467,-0.1703636,0.23581459,-1.1054059,-0.23336533,0.27237388,-1.2777256,-0.256928,0.30514002,-1.4480563,-0.27572292,HELLO
0.0,0.0,0.0,-0.22599958,-0.124319464,-0.13575357,-0.4311251,-0.32287884,-0.21512902,-0.5886195,-0.4934272,-0.28180045,-0.7444876,-0.6274904,-0.34587753,-0.29736558,-0.91886294,-0.10307903,-0.39591017,-1.2668502,-0.18561281,-0.45144498,-1.4832759,-0.26104027,-0.4863925,-1.6830682,-0.32023385,-0.13228562,-0.9853154,-0.107954375,-0.1748465,-1.3866777,-0.16855913,-0.19280307,-1.6348556,-0.22987282,-0.20375302,-1.8553983,-0.2800265,0.031695098,-0.95324576,-0.13289836,0.022425413,-1.3326494,-0.2018434,0.025922734,-1.5714229,-0.2508523,0.023742974,-1.7961581,-0.2909716,0.19282325,-0.84707344,-0.17217311,0.23591109,-1.1024016,-0.23550634,0.2721776,-1.2743744,-0.26020434,0.3050523,-1.4472783,-0.2800544,HELLO
0.0,0.0,0.0,-0.2261224,-0.12750551,-0.13474694,-0.43319517,-0.3299987,-0.21273935,-0.59142184,-0.5001182,-0.27808017,-0.74747634,-0.63175374,-0.34070662,-0.29265317,-0.92035717,-0.10169502,-0.3860874,-1.2688408,-0.18394043,-0.44158983,-1.4867759,-0.2598782,-0.47765446,-1.6867226,-0.3195317,-0.12971228,-0.98581797,-0.10647834,-0.17026024,-1.3869824,-0.16609001,-0.18540898,-1.6359701,-0.22637492,-0.19284523,-1.85702,-0.27585664,0.03201981,-0.95390534,-0.1313425,0.024621943,-1.3373559,-0.19973911,0.031742398,-1.5763787,-0.2478474,0.03402652,-1.7990477,-0.28731567,0.19233142,-0.84727645,-0.17050318,0.23916295,-1.1026314,-0.2339853,0.27848902,-1.2738804,-0.25828397,0.3146877,-1.4438094,-0.27765873,HELLO
0.0,0.0,0.0,-0.23141174,-0.12820409,-0.14176133,-0.43978697,-0.32806543,-0.2230516,-0.6022875,-0.49855557,-0.29079187,-0.76055247,-0.63211244,-0.35479468,-0.29225266,-0.92013544,-0.105320364,-0.38359895,-1.2771207,-0.18733416,-0.43685046,-1.4990025,-0.2620274,-0.47092494,-1.6993034,-0.32023072,-0.1287604,-0.9858786,-0.10707125,-0.16372673,-1.3930545,-0.16702656,-0.17523655,-1.6446296,-0.22655465,-0.17923209,-1.86714,-0.2747684,0.03246381,-0.95514077,-0.12985235,0.030701676,-1.3452631,-0.20029949,0.040869355,-1.5863235,-0.25042802,0.04571771,-1.8092028,-0.29036656,0.19176073,-0.8512973,-0.16732638,0.24512641,-1.1111122,-0.23360842,0.28790355,-1.2822382,-0.2599475,0.32639882,-1.4511479,-0.27996135,HELLO
0.0,0.0,0.0,-0.2300941,-0.1359413,-0.13925073,-0.42920205,-0.35024297,-0.21816546,-0.58242714,-0.53240114,-0.2843103,-0.7414619,-0.6636666,-0.3476137,-0.26311177,-0.92698365,-0.102082424,-0.3464953,-1.2849025,-0.18360426,-0.39403102,-1.5096973,-0.25827372,-0.4215611,-1.7123079,-0.31663954,-0.10126943,-0.9893457,-0.104592524,-0.12458915,-1.4009364,-0.16472961,-0.12848444,-1.6558083,-0.22378731,-0.12355035,-1.8811775,-0.27170798,0.05389946,-0.9531299,-0.12797752,0.068605304,-1.3433988,-0.19935347,0.09009687,-1.581523,-0.24938644,0.10639301,-1.8015728,-0.2890054,0.20465012,-0.84291655,-0.16593707,0.2713413,-1.1004769,-0.23337157,0.32477155,-1.2661136,-0.25993174,0.3722504,-1.430011,-0.28019476,HELLO
0.0,0.0,0.0,-0.21695407,-0.16114172,-0.1337424,-0.4069198,-0.39568755,-0.20680353,-0.55036,-0.59032905,-0.26700497,-0.6928197,-0.7391721,-0.32428426,-0.22151297,-0.9422845,-0.09527454,-0.28336135,-1.2973953,-0.17387785,-0.3123387,-1.5177419,-0.24620843,-0.32247138,-1.7159787,-0.30296862,-0.056060903,-0.9935934,-0.098129556,-0.05303781,-1.3983294,-0.15666491,-0.039521016,-1.6459914,-0.21530803,-0.020663127,-1.8617,-0.26303223,0.095496595,-0.94720423,-0.12146847,0.1443884,-1.3193502,-0.19278526,0.18895805,-1.5521374,-0.24346581,0.22608094,-1.7645583,-0.28297994,0.2358638,-0.8247484,-0.15859406,0.32008535,-1.0669657,-0.22683534,0.3849398,-1.2271581,-0.25457716,0.4417738,-1.3852507,-0.27546558,HELLO
0.0,0.0,0.0,-0.20979783,-0.17685129,-0.14085685,-0.38359192,-0.42595762,-0.217403,-0.51252896,-0.64686555,-0.27995798,-0.64638615,-0.8239885,-0.3400694,-0.16120642,-0.958771,-0.107530825,-0.20182724,-1.3247888,-0.1871056,-0.2215889,-1.5523969,-0.26023448,-0.2224069,-1.7570477,-0.31752846,0.008444048,-0.9942303,-0.106934205,0.040378127,-1.4005568,-0.16756435,0.06704398,-1.6548448,-0.22994228,0.09848645,-1.8745674,-0.28076395,0.15567277,-0.9290777,-0.1261594,0.24647926,-1.2925315,-0.19795619,0.30820656,-1.5209551,-0.25394696,0.358633,-1.7265981,-0.29765624,0.2832647,-0.78699803,-0.15928519,0.40190014,-1.0116962,-0.22801477,0.48231998,-1.1627586,-0.25912803,0.5523491,-1.3096522,-0.2820758,HELLO
0.0,0.0,0.0,-0.20182376,-0.19742046,-0.14222464,-0.3781405,-0.4544887,-0.22470728,-0.51747924,-0.67464286,-0.29320458,-0.65118074,-0.8523472,-0.3592368,-0.1636145,-0.96661943,-0.1226081,-0.19223548,-1.3422791,-0.21277492,-0.19563283,-1.5743023,-0.29003465,-0.18230951,-1.7796584,-0.3490351,0.009433797,-0.9921299,-0.12485696,0.04702197,-1.4039763,-0.19762827,0.08797926,-1.658591,-0.2633587,0.1311687,-1.8792548,-0.31442252,0.15968315,-0.91784555,-0.14701645,0.25081527,-1.2896979,-0.23470697,0.32525492,-1.5242186,-0.29687828,0.38749626,-1.7348611,-0.34182936,0.29316708,-0.76671886,-0.18186338,0.42198938,-0.98819697,-0.26811564,0.5160418,-1.1392806,-0.30734512,0.5961395,-1.2871934,-0.33349738,HELLO
0.0,0.0,0.0,-0.2121683,-0.18559854,-0.15276821,-0.3842767,-0.43614826,-0.2415886,-0.52302766,-0.66010785,-0.31459662,-0.6459559,-0.8399352,-0.38401455,-0.15824111,-0.967202,-0.13278872,-0.17691149,-1.3439771,-0.22419776,-0.17242207,-1.5769576,-0.30199832,-0.15104859,-1.7774464,-0.3606211,0.01681885,-0.9914794,-0.12917292,0.06521162,-1.4062666,-0.20223807,0.11037379,-1.6616837,-0.26712033,0.1563873,-1.8788985,-0.31665102,0.16886632,-0.9180254,-0.14613584,0.25765663,-1.2972921,-0.23139958,0.33221477,-1.5305287,-0.2920178,0.39515927,-1.7333769,-0.33559692,0.30214074,-0.7707043,-0.17701204,0.42812577,-1.0016607,-0.2610963,0.52377915,-1.1480418,-0.29924336,0.60615975,-1.2829249,-0.32386267,HELLO
0.0,0.0,0.0,-0.2075186,-0.19809328,-0.16037399,-0.36800173,-0.44381055,-0.25403035,-0.47953066,-0.6429979,-0.33063823,-0.56697863,-0.8409642,-0.40468022,-0.08572628,-0.97560453,-0.15610118,-0.08516293,-1.365459,-0.25470886,-0.074170075,-1.6043464,-0.33673,-0.049072973,-1.8136917,-0.3983475,0.09403636,-0.9839298,-0.15178682,0.16650866,-1.4114114,-0.23287447,0.22786282,-1.671314,-0.30436742,0.29217795,-1.8917989,-0.35989615,0.24302554,-0.89351267,-0.16786051,0.3565982,-1.2779346,-0.26160216,0.44840404,-1.5139037,-0.32821238,0.53091633,-1.7207589,-0.3759745,0.3694716,-0.7307032,-0.19786353,0.5104147,-0.9716165,-0.2877361,0.61651886,-1.1216352,-0.32848665,0.7116084,-1.2626709,-0.35545015,HELLO
0.0,0.0,0.0,-0.20024776,-0.17206745,-0.179745,-0.34632388,-0.41649982,-0.2898152,-0.45286462,-0.6309802,-0.38029212,-0.5677702,-0.83497065,-0.46861142,-0.07708166,-0.97188777,-0.1779499,-0.075549625,-1.3581935,-0.2832206,-0.06437276,-1.5941803,-0.37217492,-0.03345454,-1.8078157,-0.4412583,0.104993105,-0.9799089,-0.16957286,0.18103927,-1.3946525,-0.2584781,0.24806754,-1.6498802,-0.3386964,0.31980065,-1.8816044,-0.4035899,0.24885465,-0.88585794,-0.18241484,0.36717775,-1.2692404,-0.28340536,0.4618691,-1.4942077,-0.3558491,0.54593956,-1.7056879,-0.41011247,0.36907104,-0.72373974,-0.21063048,0.51672083,-0.96029675,-0.3087003,0.6299518,-1.1083553,-0.35829842,0.7314265,-1.2602288,-0.3938385,HELLO
0.0,0.0,0.0,-0.21941315,-0.1767885,-0.16909498,-0.3987034,-0.41243145,-0.26694742,-0.5177569,-0.6174365,-0.34629372,-0.6153163,-0.8101673,-0.421525,-0.12496971,-0.9663215,-0.1577123,-0.14779107,-1.3466859,-0.25201285,-0.15227948,-1.5778965,-0.33327964,-0.1374596,-1.7889919,-0.39608505,0.053504474,-0.9873713,-0.1491145,0.10186916,-1.4051442,-0.22812359,0.1498876,-1.6666316,-0.30085707,0.20690343,-1.8958495,-0.35827184,0.20350562,-0.9033452,-0.1609441,0.29741856,-1.2872794,-0.25161415,0.37535447,-1.5178357,-0.31553817,0.44456437,-1.7246206,-0.36184344,0.33530912,-0.7475842,-0.18783675,0.46263257,-1.0014855,-0.2761586,0.5609588,-1.1570908,-0.3155783,0.6491831,-1.3037695,-0.34139103,HELLO
0.0,0.0,0.0,-0.2185789,-0.15998425,-0.15314808,-0.41756627,-0.38772836,-0.23977901,-0.56934416,-0.5917804,-0.30985412,-0.6973354,-0.75551385,-0.3758341,-0.21529736,-0.94698954,-0.12971765,-0.26621646,-1.3196244,-0.21796982,-0.2868766,-1.5480994,-0.29438508,-0.28731692,-1.7526126,-0.353091,-0.043400407,-0.9911711,-0.12528484,-0.02107517,-1.4048297,-0.19607133,0.005343601,-1.6615487,-0.2604831,0.038193643,-1.8890421,-0.3115468,0.11070266,-0.93825936,-0.1416428,0.17350589,-1.3212191,-0.22430903,0.22046879,-1.5605705,-0.2832922,0.26134273,-1.777209,-0.32749537,0.25443256,-0.8098508,-0.17242202,0.36359695,-1.054531,-0.25343326,0.44535065,-1.2183692,-0.29082972,0.5180912,-1.3766274,-0.3163471,HELLO
0.0,0.0,0.0,-0.22402391,-0.15440796,-0.14786483,-0.42739674,-0.37748572,-0.23327513,-0.5831412,-0.5760288,-0.30469105,-0.72397894,-0.7376161,-0.37272674,-0.22459263,-0.94142485,-0.11776707,-0.28564,-1.3041087,-0.20537327,-0.31821328,-1.5346307,-0.2824284,-0.32927907,-1.7435557,-0.34294674,-0.0513897,-0.99169517,-0.11789754,-0.053230032,-1.4066153,-0.18810473,-0.042187523,-1.6713226,-0.25287545,-0.02270053,-1.9071313,-0.30485082,0.109742366,-0.9448979,-0.13930789,0.14730851,-1.3323244,-0.22324029,0.18250152,-1.5839968,-0.28225967,0.21260345,-1.8167199,-0.32704428,0.26468623,-0.8240647,-0.175044,0.36239856,-1.070286,-0.25599098,0.43378866,-1.2488557,-0.29428306,0.49557045,-1.4283406,-0.321749,HELLO
0.0,0.0,0.0,-0.25041458,-0.10638926,-0.13864559,-0.47718927,-0.3080542,-0.22026011,-0.65011865,-0.47855678,-0.28914064,-0.8117019,-0.6102173,-0.35596892,-0.31901705,-0.90662575,-0.117592946,-0.41785556,-1.2693696,-0.20314166,-0.47420707,-1.494674,-0.27739584,-0.5117064,-1.7014825,-0.3363183,-0.1471647,-0.98131096,-0.12398098,-0.19864185,-1.3972738,-0.19459037,-0.22208416,-1.6575031,-0.26063153,-0.23751757,-1.8935307,-0.31341454,0.023622945,-0.9555275,-0.1497586,0.008601958,-1.3542417,-0.23476478,0.008886231,-1.6123401,-0.29298818,0.0046294006,-1.8539878,-0.33755043,0.19444399,-0.85615885,-0.18830049,0.25077853,-1.131406,-0.26917824,0.29537445,-1.3175861,-0.3033716,0.3316524,-1.5023303,-0.32852405,HELLO
0.0,0.0,0.0,-0.25220585,-0.10533917,-0.12697051,-0.48852682,-0.28774288,-0.20021453,-0.67197365,-0.43362582,-0.26362953,-0.8468005,-0.53801143,-0.32522923,-0.36837724,-0.88414717,-0.08817371,-0.49354488,-1.2113329,-0.165304,-0.56305575,-1.4235817,-0.2372777,-0.6114468,-1.6204,-0.29530007,-0.20386203,-0.9738916,-0.099876344,-0.271623,-1.377389,-0.15952124,-0.3048217,-1.6315678,-0.22249734,-0.3312681,-1.8590685,-0.27282983,-0.032180175,-0.9615499,-0.13148548,-0.06289837,-1.3471706,-0.2084397,-0.07603817,-1.5992794,-0.2663748,-0.09599239,-1.834587,-0.31029415,0.14429706,-0.87104654,-0.17534272,0.19182824,-1.1429988,-0.24595416,0.22904533,-1.3270643,-0.27547562,0.255784,-1.5066303,-0.29812875,HELLO
0.0,0.0,0.0,-0.25480992,-0.09372135,-0.12690258,-0.49632883,-0.26034293,-0.20251882,-0.6927736,-0.3911024,-0.26851115,-0.870898,-0.48494792,-0.3325641,-0.41737607,-0.8598628,-0.08932734,-0.55367947,-1.180699,-0.17156953,-0.6303808,-1.3860828,-0.24673742,-0.68397075,-1.5758703,-0.30576655,-0.2575809,-0.9609937,-0.10071284,-0.35492927,-1.3595408,-0.16303883,-0.40962517,-1.6114291,-0.22615951,-0.45548412,-1.8347249,-0.27635795,-0.084986754,-0.9626514,-0.13241403,-0.14280593,-1.3513445,-0.20798072,-0.17857222,-1.6019655,-0.26346442,-0.21897568,-1.8333036,-0.306007,0.096473806,-0.8861766,-0.17676485,0.12222846,-1.1608794,-0.24778494,0.1352114,-1.3551949,-0.27915278,0.13873415,-1.5456719,-0.3024905,HELLO
0.0,0.0,0.0,-0.26462838,-0.026413117,-0.14975424,-0.53631157,-0.13899198,-0.24200289,-0.75383765,-0.25877082,-0.31934643,-0.94920343,-0.34367755,-0.393032,-0.51047903,-0.79195315,-0.123301886,-0.6931206,-1.0902267,-0.21618791,-0.79917794,-1.2788556,-0.29883575,-0.8781045,-1.462786,-0.36281747,-0.36248153,-0.9230397,-0.12886007,-0.5072044,-1.314501,-0.2010794,-0.58835924,-1.5607352,-0.26879105,-0.6553162,-1.7814066,-0.32277507,-0.19098657,-0.9531634,-0.15551083,-0.2939658,-1.3418331,-0.2372498,-0.35675153,-1.5858315,-0.2911809,-0.42079452,-1.810346,-0.33285284,-0.0029776907,-0.9092114,-0.1968353,-0.030950207,-1.2053553,-0.2714556,-0.04550739,-1.4064972,-0.3009324,-0.06426029,-1.6016548,-0.32274264,HELLO
0.0,0.0,0.0,-0.267669,0.007014487,-0.12908809,-0.549324,-0.07783223,-0.21139555,-0.7688004,-0.17453986,-0.28306413,-0.9649056,-0.23794495,-0.35393375,-0.5722071,-0.747144,-0.11195005,-0.78056735,-1.0351313,-0.20161124,-0.89738667,-1.2209426,-0.28007635,-0.98232913,-1.3970819,-0.34050658,-0.42711776,-0.8954626,-0.1253682,-0.60628396,-1.2823081,-0.19582522,-0.7023509,-1.5186698,-0.26125774,-0.77737236,-1.722457,-0.31256998,-0.25190622,-0.950939,-0.15782027,-0.39857516,-1.3194239,-0.23752433,-0.49004325,-1.5504698,-0.29251945,-0.5731836,-1.7604269,-0.3352277,-0.054195695,-0.9348034,-0.20281062,-0.10236653,-1.2279564,-0.27725813,-0.13254243,-1.4304624,-0.30920747,-0.1657749,-1.6261091,-0.3326051,HELLO
0.0,0.0,0.0,-0.26489323,0.017059334,-0.10794973,-0.5592751,-0.06719296,-0.17617348,-0.79294556,-0.15704194,-0.23852244,-1.0002142,-0.19267291,-0.29995248,-0.6171455,-0.71274656,-0.067847215,-0.82497936,-0.9840143,-0.14107387,-0.9428723,-1.155558,-0.21225984,-1.0349464,-1.3210723,-0.26975352,-0.48582983,-0.8696325,-0.087798715,-0.67238,-1.2355005,-0.14360361,-0.7753513,-1.4592803,-0.20230149,-0.86115444,-1.6470932,-0.25145653,-0.32324013,-0.93497515,-0.12692954,-0.4780314,-1.285823,-0.19210933,-0.5845714,-1.5018666,-0.24291708,-0.6880427,-1.689223,-0.28555498,-0.13605241,-0.93372613,-0.17811343,-0.19866903,-1.2289362,-0.23991609,-0.25400674,-1.4255735,-0.27039826,-0.3195418,-1.605818,-0.29587346,HELLO
0.0,0.0,0.0,-0.26666912,0.024768403,-0.11762175,-0.5627603,-0.056891046,-0.1900339,-0.7992626,-0.13808699,-0.2549602,-1.0119238,-0.17963193,-0.31777608,-0.6290187,-0.69848955,-0.072385386,-0.84812784,-0.960466,-0.14860255,-0.971869,-1.1226676,-0.221425,-1.0683527,-1.2816381,-0.27901086,-0.49766278,-0.86295164,-0.08744337,-0.6955026,-1.2157513,-0.14484304,-0.8062827,-1.4277201,-0.20409027,-0.8984473,-1.6070954,-0.25283602,-0.33558458,-0.9398673,-0.12279117,-0.49914965,-1.2873589,-0.18882978,-0.6114821,-1.4943047,-0.2381907,-0.7211785,-1.6754165,-0.27898818,-0.14907813,-0.94943225,-0.17101973,-0.22203095,-1.2394285,-0.2321681,-0.28311726,-1.4304409,-0.2606153,-0.35239115,-1.6075368,-0.28388575,HELLO
0.0,0.0,0.0,-0.26318946,0.021637192,-0.117833145,-0.5546473,-0.070733964,-0.19178021,-0.78739244,-0.16362008,-0.25778338,-0.9998334,-0.21020663,-0.32151395,-0.61127687,-0.7137443,-0.08056886,-0.824319,-0.98367566,-0.15835726,-0.94833475,-1.1525003,-0.23051392,-1.0447663,-1.3127601,-0.2881254,-0.4789043,-0.8725591,-0.096391246,-0.66968745,-1.2368861,-0.15765533,-0.77820975,-1.4549618,-0.21792318,-0.8710228,-1.63634,-0.26692975,-0.31604725,-0.9413795,-0.13165097,-0.4737869,-1.2956482,-0.20228967,-0.5826497,-1.5107994,-0.25417462,-0.69136053,-1.6975214,-0.29654858,-0.12934978,-0.94153744,-0.1790993,-0.18867776,-1.2370601,-0.24494383,-0.24606135,-1.4340116,-0.27711964,-0.31572556,-1.6140728,-0.3030106,HELLO
0.0,0.0,0.0,-0.2616477,0.016943892,-0.11809073,-0.5547584,-0.0763214,-0.19435717,-0.78551763,-0.18309405,-0.2623698,-0.9955555,-0.24375151,-0.32876933,-0.59688634,-0.7233676,-0.091324724,-0.80580074,-1.0036392,-0.17378823,-0.92654717,-1.176991,-0.24852124,-1.019893,-1.3437998,-0.30858058,-0.4624824,-0.87986314,-0.10931996,-0.65543646,-1.2534177,-0.17659125,-0.7619803,-1.4808053,-0.24029738,-0.8493266,-1.6700153,-0.29189897,-0.29491174,-0.9458933,-0.1461779,-0.4586125,-1.3117405,-0.22409096,-0.5645896,-1.5394064,-0.2794452,-0.6673026,-1.7384163,-0.32436377,-0.10158047,-0.9442959,-0.19461998,-0.15828995,-1.2417551,-0.26849407,-0.20863181,-1.4441584,-0.30453005,-0.2698887,-1.6306448,-0.3330775,HELLO
0.0,0.0,0.0,-0.2614557,-0.009823934,-0.128405,-0.5358057,-0.118547045,-0.21018894,-0.75545937,-0.23852539,-0.2818826,-0.9536588,-0.32184792,-0.3512264,-0.54325897,-0.76775473,-0.09677704,-0.7308759,-1.0581138,-0.17951414,-0.83854777,-1.2396218,-0.25568208,-0.91855705,-1.4132402,-0.3159456,-0.39903358,-0.9103443,-0.10975164,-0.56686115,-1.2904743,-0.17424954,-0.6622218,-1.5232224,-0.23798111,-0.7402695,-1.7214156,-0.28979808,-0.2264275,-0.9616767,-0.14238246,-0.3523962,-1.3316756,-0.21763484,-0.4376771,-1.5732406,-0.27228385,-0.52045697,-1.790912,-0.31658277,-0.033521622,-0.939401,-0.18763727,-0.06760932,-1.23232,-0.2585607,-0.0978813,-1.4352295,-0.29045132,-0.13666956,-1.6275176,-0.3154309,HELLO
0.0,0.0,0.0,-0.25850058,-0.01848586,-0.13358045,-0.51319015,-0.14041832,-0.21751584,-0.7193423,-0.27498418,-0.29004085,-0.91690046,-0.37370145,-0.35978255,-0.5099571,-0.78500944,-0.10607293,-0.68712807,-1.0865906,-0.19072653,-0.79053956,-1.2723047,-0.26729208,-0.869237,-1.4508672,-0.32858723,-0.3600244,-0.92544866,-0.11801382,-0.5085806,-1.3185059,-0.18514623,-0.5976402,-1.5585774,-0.2522532,-0.673319,-1.7625508,-0.3072316,-0.18451566,-0.9638386,-0.14949624,-0.27836925,-1.3654611,-0.22884071,-0.34195605,-1.6183183,-0.28727892,-0.41160393,-1.8436469,-0.33432832,0.00608081,-0.9194717,-0.19336292,0.0023254936,-1.2214183,-0.26904413,-0.012309593,-1.4289283,-0.30387187,-0.04201295,-1.6236619,-0.33098966,HELLO
0.0,0.0,0.0,-0.25493422,-0.06842401,-0.12741388,-0.49913692,-0.20698643,-0.20809785,-0.70413655,-0.3358156,-0.2785508,-0.8872268,-0.44684914,-0.34670302,-0.4532258,-0.8243293,-0.09748787,-0.62076366,-1.1251085,-0.17919098,-0.71676636,-1.308502,-0.25326547,-0.78741294,-1.485259,-0.3126146,-0.295514,-0.9488804,-0.110894926,-0.42396477,-1.3436027,-0.17821276,-0.4957726,-1.5876493,-0.2436697,-0.5561677,-1.7983111,-0.2961225,-0.11848666,-0.96575075,-0.14372559,-0.17345618,-1.3695958,-0.22623971,-0.20356336,-1.6297238,-0.28321666,-0.24123567,-1.8660251,-0.32645708,0.064054236,-0.899578,-0.18794489,0.08044684,-1.1956453,-0.26313022,0.08851266,-1.4002992,-0.29323146,0.08419559,-1.5989308,-0.31592432,HELLO
0.0,0.0,0.0,-0.23740403,-0.10048127,-0.123916365,-0.46251044,-0.2674485,-0.19568731,-0.6499044,-0.4177588,-0.25693485,-0.82157594,-0.541992,-0.31602302,-0.38222003,-0.87028646,-0.08718564,-0.5208693,-1.1854836,-0.160896,-0.5949808,-1.3771962,-0.22958697,-0.64630663,-1.5595999,-0.28528544,-0.22268078,-0.9699683,-0.09785022,-0.31348866,-1.3639257,-0.1587324,-0.36097008,-1.6118776,-0.22315653,-0.39881814,-1.825914,-0.2749359,-0.054806378,-0.9608905,-0.12766358,-0.05398783,-1.3393083,-0.20754938,-0.053664524,-1.59655,-0.27275467,-0.06617018,-1.8287773,-0.3217403,0.110628225,-0.87169385,-0.16826531,0.17068473,-1.1366112,-0.24592179,0.21048316,-1.3195341,-0.28291637,0.23489867,-1.4973415,-0.3102781,HELLO
0.0,0.0,0.0,-0.23099273,-0.13220428,-0.119507045,-0.4436639,-0.31798628,-0.1884827,-0.6204378,-0.47737685,-0.24790862,-0.78141344,-0.60009706,-0.3057931,-0.33816114,-0.9006095,-0.082915135,-0.4513863,-1.2364774,-0.15638347,-0.5151387,-1.4363996,-0.22434121,-0.5561198,-1.6215595,-0.27885026,-0.17136072,-0.9807762,-0.093345955,-0.23460878,-1.3785688,-0.15142913,-0.2714046,-1.6278363,-0.2144149,-0.30200693,-1.8409364,-0.26543224,-0.0077372487,-0.9613109,-0.12315629,0.015012827,-1.3353887,-0.20135543,0.032902155,-1.5875295,-0.26976568,0.035327714,-1.8113481,-0.32095805,0.14689162,-0.86395425,-0.16352728,0.23450395,-1.1085093,-0.24347831,0.2911772,-1.2809064,-0.28678602,0.33124405,-1.4485068,-0.31793916,HELLO
0.0,0.0,0.0,-0.2342977,-0.13881788,-0.123471536,-0.4468381,-0.34103087,-0.19169171,-0.61888343,-0.51333356,-0.24926427,-0.77264124,-0.64253175,-0.3052418,-0.3121572,-0.91057605,-0.09193221,-0.41934603,-1.263879,-0.1674738,-0.4795715,-1.4722235,-0.23553053,-0.5152705,-1.6619854,-0.2886979,-0.14118862,-0.9850682,-0.098521024,-0.1925066,-1.3900334,-0.15752904,-0.22166964,-1.644486,-0.22129971,-0.24031803,-1.8629323,-0.2722828,0.023754936,-0.9596566,-0.12396128,0.059952617,-1.3348178,-0.20202163,0.08733422,-1.5861806,-0.27127331,0.10360495,-1.8088045,-0.32245162,0.17733854,-0.8558716,-0.16013671,0.27386165,-1.0978062,-0.24076577,0.33853862,-1.2647345,-0.2838999,0.39119703,-1.4260688,-0.31378958,HELLO
0.0,0.0,0.0,-0.22767973,-0.1527551,-0.1385416,-0.43028468,-0.35863677,-0.216924,-0.600212,-0.54930884,-0.28242698,-0.75453556,-0.70530814,-0.34572813,-0.26891685,-0.92795724,-0.10869153,-0.36123416,-1.2916194,-0.18916993,-0.4144837,-1.5095098,-0.26050812,-0.44310865,-1.7120466,-0.31700882,-0.098057814,-0.98905337,-0.11026364,-0.1324944,-1.393181,-0.17885561,-0.14907637,-1.6539651,-0.249691,-0.15448184,-1.8863803,-0.30579665,0.06170315,-0.9481793,-0.13117751,0.11953121,-1.3194207,-0.22137971,0.16262898,-1.5725651,-0.29644677,0.19418411,-1.8012234,-0.35021824,0.20653242,-0.832043,-0.1632753,0.31795907,-1.0698622,-0.25502193,0.39723194,-1.2357315,-0.30342,0.464089,-1.396658,-0.3362127,HELLO
0.0,0.0,0.0,-0.22631322,-0.16915032,-0.13424473,-0.42759213,-0.38213474,-0.21103917,-0.5794055,-0.57572734,-0.27531973,-0.7089721,-0.74786144,-0.3369755,-0.24228173,-0.94322926,-0.10799748,-0.3152601,-1.300824,-0.18794587,-0.35647348,-1.5193876,-0.25871792,-0.37590244,-1.7171288,-0.31408468,-0.06566059,-0.991527,-0.112083934,-0.07572242,-1.3916934,-0.18049026,-0.077144526,-1.6486101,-0.249671,-0.06839637,-1.8735892,-0.30305812,0.0941102,-0.9398123,-0.13506937,0.15842712,-1.3024495,-0.22452368,0.21094029,-1.5476471,-0.29750946,0.25569254,-1.7658095,-0.34904838,0.23477733,-0.8097822,-0.16894327,0.35097274,-1.0356119,-0.2617323,0.4371082,-1.1916847,-0.30957752,0.5123154,-1.3408483,-0.34050778,HELLO
0.0,0.0,0.0,-0.22028361,-0.17893693,-0.13874437,-0.4077799,-0.42661372,-0.21446459,-0.5456133,-0.63802505,-0.27578774,-0.66692054,-0.82056904,-0.33514583,-0.18052024,-0.96803564,-0.11997805,-0.2208285,-1.3476994,-0.19944565,-0.23710367,-1.5778737,-0.26782566,-0.2371595,-1.7806306,-0.32134497,-0.0030046974,-0.9926921,-0.12063725,0.030682024,-1.4047489,-0.18824697,0.061030194,-1.6604836,-0.25544965,0.09798903,-1.876839,-0.30705366,0.14544338,-0.91712105,-0.1397125,0.2402337,-1.2772883,-0.2293004,0.32038045,-1.5134289,-0.30362722,0.3929334,-1.7235696,-0.35655475,0.2702508,-0.7660281,-0.16972494,0.41048202,-0.9644523,-0.26662326,0.51528746,-1.1019088,-0.31799877,0.6084392,-1.2381437,-0.35119066,HELLO
0.0,0.0,0.0,-0.21198757,-0.2083994,-0.13090037,-0.38329253,-0.46208313,-0.2073392,-0.51068944,-0.67101663,-0.2726374,-0.6227554,-0.8633891,-0.3373003,-0.119483195,-0.9856587,-0.115697764,-0.1284412,-1.3666211,-0.19817078,-0.12613907,-1.6050813,-0.26852632,-0.11052347,-1.809362,-0.3235224,0.06262269,-0.9902911,-0.124104306,0.12428762,-1.3967907,-0.19568305,0.17478721,-1.6584618,-0.26612094,0.22679317,-1.8798593,-0.3209207,0.21115138,-0.89752454,-0.15120207,0.34093383,-1.2517486,-0.24864703,0.43662637,-1.4838407,-0.3311641,0.5195606,-1.6896265,-0.38927764,0.32748315,-0.729621,-0.18781893,0.5022359,-0.91715735,-0.29229486,0.6255359,-1.0455214,-0.35051048,0.7315035,-1.1729673,-0.38852948,HELLO
0.0,0.0,0.0,-0.20416136,-0.22862193,-0.124749206,-0.36487138,-0.5033669,-0.19712116,-0.48307088,-0.7293678,-0.2597421,-0.571192,-0.9381344,-0.32221305,-0.08694513,-0.993555,-0.11537617,-0.075435646,-1.3788724,-0.20150092,-0.056964107,-1.6194474,-0.27295116,-0.02444491,-1.819422,-0.3276134,0.09540914,-0.98725224,-0.12739773,0.1765426,-1.3953921,-0.203466,0.24541643,-1.6553166,-0.27619338,0.31505266,-1.8700577,-0.3314058,0.24385811,-0.8883487,-0.15754543,0.38929722,-1.2355914,-0.26043144,0.4991628,-1.4586978,-0.34782234,0.5949975,-1.6531014,-0.40853873,0.35831043,-0.7136511,-0.19629504,0.5435095,-0.8806815,-0.30997747,0.67729276,-0.9909553,-0.37433374,0.79364955,-1.0988674,-0.414912,HELLO
0.0,0.0,0.0,-0.18386035,-0.24217951,-0.14804581,-0.31551898,-0.5408531,-0.23220408,-0.4032806,-0.7962423,-0.30155596,-0.45907256,-1.042755,-0.36687368,0.021457925,-1.0073398,-0.13426772,0.070787095,-1.388003,-0.22359563,0.11210628,-1.6205932,-0.29767805,0.16672285,-1.81541,-0.35591942,0.19814643,-0.97062624,-0.13646488,0.31800938,-1.3553612,-0.21746081,0.42030865,-1.5916027,-0.2900648,0.52139515,-1.788138,-0.34487534,0.33079663,-0.84364617,-0.1588947,0.5113542,-1.1703477,-0.26741308,0.65189713,-1.3598028,-0.34998068,0.77814215,-1.5343287,-0.40653223,0.42820573,-0.645388,-0.19220927,0.62814224,-0.7812619,-0.3119592,0.7686371,-0.875132,-0.3777231,0.89432997,-0.9791197,-0.41897196,HELLO
0.0,0.0,0.0,-0.19063292,-0.24399999,-0.15399164,-0.3238495,-0.5492722,-0.24275151,-0.40622666,-0.81394523,-0.31551734,-0.4514985,-1.0695825,-0.38442373,0.03597724,-1.0106548,-0.15290917,0.10172255,-1.3961996,-0.24930912,0.14983596,-1.6369662,-0.32718292,0.20630509,-1.8382535,-0.38757837,0.21701974,-0.96378803,-0.15496783,0.36323148,-1.3503965,-0.24227288,0.4779774,-1.5965637,-0.3165618,0.58654594,-1.8046944,-0.3718316,0.34811682,-0.82604754,-0.17708893,0.5471173,-1.1482682,-0.2923616,0.694679,-1.3382328,-0.37746927,0.82492304,-1.5155454,-0.43489042,0.4402115,-0.6163297,-0.20998912,0.6546537,-0.7347593,-0.3369678,0.80121356,-0.81666535,-0.40431583,0.9308692,-0.91283095,-0.44527292,HELLO
0.0,0.0,0.0,-0.18791163,-0.2639733,-0.12569852,-0.29501858,-0.5893005,-0.20193033,-0.35389107,-0.852574,-0.26728836,-0.40583858,-1.0922005,-0.3333551,0.110374294,-1.0172169,-0.13756758,0.19412616,-1.3996754,-0.22519588,0.26166427,-1.6303686,-0.29746395,0.33485362,-1.8212925,-0.35424328,0.2934424,-0.9432903,-0.15522538,0.4644051,-1.3202515,-0.23567174,0.59388345,-1.552367,-0.3109597,0.7150614,-1.7457951,-0.36871246,0.41873252,-0.78317994,-0.18939926,0.65217376,-1.0772727,-0.30127817,0.8146597,-1.2571983,-0.394745,0.9584903,-1.4251992,-0.45975012,0.49447525,-0.5573608,-0.23105423,0.73452157,-0.65347695,-0.35545763,0.8967393,-0.72766,-0.42632082,1.0434122,-0.819197,-0.47156405,HELLO
0.0,0.0,0.0,-0.17646617,-0.2510516,-0.16213317,-0.25725308,-0.59385884,-0.25035822,-0.2773492,-0.87353754,-0.32089534,-0.30751273,-1.1257832,-0.39093778,0.16078858,-1.0062139,-0.17725888,0.2909275,-1.3850849,-0.2756078,0.38992608,-1.6103532,-0.35112363,0.49567875,-1.7986823,-0.4097814,0.35550115,-0.91767156,-0.17747673,0.57581365,-1.2769718,-0.2676153,0.7462841,-1.4894147,-0.34574702,0.91174835,-1.6654214,-0.40580335,0.4738716,-0.7457333,-0.19595465,0.74354666,-1.006435,-0.31254986,0.9347849,-1.1507003,-0.40215346,1.1079136,-1.284651,-0.4636409,0.53272146,-0.5157589,-0.22568916,0.78032625,-0.59644186,-0.35073435,0.95267904,-0.64630383,-0.41881806,1.1105658,-0.71364784,-0.4617783,HELLO
0.0,0.0,0.0,-0.23717749,-0.12367475,-0.14478976,-0.42234266,-0.3477869,-0.22467804,-0.5284364,-0.5837735,-0.29074582,-0.6359776,-0.8170992,-0.34937108,-0.3252675,-0.9161422,-0.097866684,-0.37621662,-1.2854244,-0.19226407,-0.39645958,-1.5152042,-0.2754415,-0.39873973,-1.7255961,-0.33621573,-0.15819514,-0.98283327,-0.09493696,-0.19821791,-1.392492,-0.16484341,-0.21116789,-1.649135,-0.23041672,-0.21680167,-1.8788078,-0.280751,0.0040604477,-0.95552313,-0.11423945,-0.02149455,-1.3361944,-0.18467414,-0.029355513,-1.5814476,-0.22824362,-0.03911988,-1.8096285,-0.2626028,0.17045178,-0.8525904,-0.14956257,0.18904726,-1.1266022,-0.21317627,0.20200555,-1.3110651,-0.23621592,0.20842114,-1.492011,-0.2522361,HELLO
0.0,0.0,0.0,-0.26141414,-0.12134682,-0.13031334,-0.4781763,-0.3191673,-0.20499398,-0.6096185,-0.53160757,-0.26762632,-0.7332693,-0.73620534,-0.32419473,-0.39766535,-0.88281083,-0.09497603,-0.47241873,-1.242235,-0.18650796,-0.5067454,-1.4648578,-0.26736432,-0.52531207,-1.6761018,-0.3273178,-0.2298234,-0.9680785,-0.10002614,-0.29267928,-1.3716868,-0.17095912,-0.32061896,-1.628516,-0.23722239,-0.34394357,-1.8631225,-0.2885551,-0.062255397,-0.95941234,-0.12529787,-0.10771074,-1.3374256,-0.20034316,-0.13606165,-1.5839405,-0.24739258,-0.1683105,-1.807391,-0.28330103,0.11430411,-0.87523377,-0.16436362,0.12059339,-1.1585485,-0.23302157,0.1181111,-1.353612,-0.2590582,0.10650768,-1.5393301,-0.27678046,HELLO
0.0,0.0,0.0,-0.2639591,-0.106824294,-0.124704406,-0.48760667,-0.30444032,-0.19663951,-0.62763906,-0.5160717,-0.2570853,-0.7447795,-0.72894317,-0.3117802,-0.40163296,-0.8818005,-0.092276275,-0.48751962,-1.2392893,-0.18215793,-0.52348167,-1.457822,-0.26122093,-0.54037195,-1.664898,-0.31963673,-0.23928654,-0.9658472,-0.099403374,-0.30987293,-1.3707944,-0.16948631,-0.3422278,-1.6214291,-0.23556462,-0.36931792,-1.8489324,-0.28623334,-0.074306265,-0.9590521,-0.12582827,-0.1272937,-1.3306758,-0.19955125,-0.16400781,-1.576537,-0.24695516,-0.20387769,-1.7959498,-0.28335333,0.10276718,-0.87890995,-0.1652957,0.09878352,-1.1639398,-0.23251414,0.09134109,-1.3583598,-0.25766587,0.0759821,-1.5422074,-0.27481723,HELLO
0.0,0.0,0.0,-0.2619821,-0.10652174,-0.12927271,-0.4876526,-0.30444852,-0.20327215,-0.63168985,-0.51651883,-0.26456943,-0.7524722,-0.73077184,-0.31994492,-0.40388697,-0.8862183,-0.09845103,-0.49048984,-1.2462841,-0.18865417,-0.52897197,-1.4643128,-0.26789713,-0.54997194,-1.6703432,-0.32699364,-0.2396632,-0.96526605,-0.10403345,-0.30926844,-1.3724848,-0.17475598,-0.341276,-1.6228651,-0.24166371,-0.36994463,-1.8502009,-0.29344282,-0.073590145,-0.9538882,-0.12914234,-0.12526602,-1.3321333,-0.20537546,-0.16020101,-1.5787588,-0.25488284,-0.19958381,-1.8004799,-0.2928146,0.10390606,-0.8711785,-0.16729765,0.10642413,-1.1589164,-0.23823321,0.10394895,-1.3565111,-0.2664327,0.09283135,-1.5449189,-0.28583327,HELLO
0.0,0.0,0.0,-0.26877668,-0.11240047,-0.13132466,-0.49284348,-0.32017753,-0.20607826,-0.63014966,-0.53790355,-0.26777062,-0.7485863,-0.7544213,-0.32388523,-0.3937756,-0.8893578,-0.103456855,-0.47434565,-1.2518332,-0.19553393,-0.5106159,-1.4756833,-0.27558812,-0.53100395,-1.6858625,-0.33482733,-0.22258449,-0.9687469,-0.1094787,-0.283222,-1.3822917,-0.181433,-0.31102318,-1.6440257,-0.24951288,-0.33573434,-1.8815756,-0.3019732,-0.052348964,-0.95667577,-0.13482141,-0.09853907,-1.3409932,-0.21266791,-0.12718426,-1.5918635,-0.26251453,-0.15968624,-1.8193783,-0.30021766,0.1262499,-0.8733661,-0.17319876,0.1358382,-1.1625141,-0.24467193,0.14343628,-1.3626791,-0.27168626,0.14511286,-1.5544271,-0.2898983,HELLO
0.0,0.0,0.0,-0.26126093,-0.12452801,-0.14311446,-0.4664169,-0.34354034,-0.22678944,-0.59264195,-0.5612271,-0.2964563,-0.7158093,-0.7740924,-0.36209425,-0.3358982,-0.9147495,-0.12428478,-0.40624622,-1.2907192,-0.22444823,-0.4386676,-1.5299824,-0.30850548,-0.45279402,-1.7474643,-0.37068978,-0.15469708,-0.9793708,-0.13000618,-0.19060929,-1.4078592,-0.2105207,-0.20326397,-1.682698,-0.28414536,-0.21240297,-1.928756,-0.34002993,0.019165844,-0.9474363,-0.15562388,-0.0032710696,-1.3481203,-0.24324843,-0.014375113,-1.6039618,-0.29961145,-0.02813184,-1.839916,-0.34137145,0.1929177,-0.8389413,-0.19469339,0.23336844,-1.1173602,-0.27659014,0.26360676,-1.3105829,-0.30987045,0.2875049,-1.5001243,-0.33196044,HELLO
0.0,0.0,0.0,-0.2568466,-0.119773515,-0.14042248,-0.4704914,-0.31973577,-0.2214066,-0.6116412,-0.5322441,-0.28868794,-0.73525083,-0.74182475,-0.34952894,-0.34809595,-0.901512,-0.10240691,-0.42494965,-1.2544798,-0.19389047,-0.46977562,-1.4741203,-0.2762064,-0.49823356,-1.6767607,-0.33854774,-0.1832254,-0.9773562,-0.105846226,-0.23979434,-1.385243,-0.17950514,-0.26986733,-1.6453698,-0.24910259,-0.29412517,-1.8753269,-0.30271316,-0.020482391,-0.95646787,-0.1304224,-0.052767865,-1.3390614,-0.2115796,-0.07254917,-1.5905801,-0.26582307,-0.096710324,-1.8183932,-0.30676013,0.14730121,-0.8583978,-0.16919401,0.18205746,-1.1360431,-0.24656792,0.19790679,-1.3316588,-0.28095382,0.20386642,-1.5214125,-0.30451494,HELLO
0.0,0.0,0.0,-0.24483219,-0.122816294,-0.14488332,-0.45720285,-0.33219007,-0.22850645,-0.6030154,-0.5469403,-0.29731643,-0.72424513,-0.7716145,-0.35992417,-0.33163577,-0.9138911,-0.11399267,-0.3963087,-1.2758293,-0.21021956,-0.42471206,-1.5039065,-0.2946777,-0.43839383,-1.7115439,-0.3573594,-0.16496423,-0.9793449,-0.11691983,-0.20425843,-1.3937466,-0.19476642,-0.21573944,-1.6616213,-0.26625448,-0.22512005,-1.8975276,-0.31998834,-0.0005652286,-0.95334226,-0.14104748,-0.025643114,-1.3468304,-0.22754234,-0.039038103,-1.5983943,-0.28368774,-0.057056695,-1.8285973,-0.3247243,0.16646682,-0.85172665,-0.17889711,0.2025499,-1.1318591,-0.26011217,0.23194869,-1.3218491,-0.29425752,0.25374815,-1.5075306,-0.31674775,HELLO
0.0,0.0,0.0,-0.23268412,-0.11958406,-0.13316955,-0.43162343,-0.32536545,-0.21356973,-0.5796741,-0.527706,-0.2816007,-0.70924705,-0.7363331,-0.34529734,-0.3130023,-0.91860056,-0.10165218,-0.37742713,-1.2742865,-0.19028766,-0.41106656,-1.4928496,-0.2706725,-0.4270117,-1.6994257,-0.33240864,-0.14781868,-0.9831027,-0.107975535,-0.19133599,-1.3928984,-0.17856815,-0.20963715,-1.648661,-0.24868344,-0.22276653,-1.8784552,-0.30434418,0.013863277,-0.95186126,-0.13377525,-0.012526973,-1.3249805,-0.21053496,-0.027701462,-1.5672853,-0.26512176,-0.045361273,-1.7932478,-0.30814543,0.1789417,-0.84494126,-0.17288707,0.20944524,-1.1233381,-0.24553835,0.23260042,-1.31044,-0.2784954,0.24804752,-1.4942776,-0.30245182,HELLO
0.0,0.0,0.0,-0.23790789,-0.101708986,-0.12885751,-0.45193958,-0.30117935,-0.20493118,-0.60551846,-0.50420606,-0.27092078,-0.7505759,-0.6937243,-0.3326671,-0.34560612,-0.8944866,-0.0940831,-0.42627648,-1.245129,-0.18138786,-0.47341985,-1.4618162,-0.26014486,-0.504821,-1.6640279,-0.32110018,-0.19836408,-0.974833,-0.10174583,-0.26573205,-1.38514,-0.1741392,-0.3032574,-1.6394168,-0.24208443,-0.3335993,-1.863193,-0.29521805,-0.04460912,-0.9591768,-0.12920117,-0.09007137,-1.3467585,-0.20839009,-0.119722195,-1.5840533,-0.2639744,-0.15338022,-1.7986554,-0.3061896,0.12263037,-0.86738557,-0.1699263,0.14060503,-1.1486684,-0.24660526,0.14636295,-1.3398464,-0.2839993,0.14186004,-1.521999,-0.31035075,HELLO
0.0,0.0,0.0,-0.24655102,-0.11236159,-0.13618374,-0.45171142,-0.3209789,-0.21442574,-0.59929425,-0.5353598,-0.28120595,-0.7452176,-0.7398471,-0.34326553,-0.33882847,-0.9108233,-0.083428815,-0.4140746,-1.259431,-0.16868691,-0.44559208,-1.4717753,-0.24907185,-0.45863974,-1.6785076,-0.31187865,-0.182345,-0.9791963,-0.08902141,-0.23678486,-1.383035,-0.15585177,-0.2639765,-1.6298773,-0.22549522,-0.28700632,-1.8528491,-0.28207877,-0.027784025,-0.953024,-0.11665291,-0.06149515,-1.3323643,-0.19262104,-0.08603724,-1.5638288,-0.24637818,-0.11631655,-1.778956,-0.28952023,0.13453913,-0.8549981,-0.15858804,0.15866645,-1.1340978,-0.23144391,0.17430235,-1.321729,-0.26586953,0.1808517,-1.5073113,-0.29229036,HELLO
0.0,0.0,0.0,-0.24050547,-0.1215596,-0.12960249,-0.4444788,-0.33782375,-0.20280965,-0.5823104,-0.55494726,-0.2652903,-0.7141671,-0.7684225,-0.32320017,-0.32000542,-0.9198055,-0.080575556,-0.38907596,-1.2623084,-0.16418962,-0.42202702,-1.4706044,-0.24189395,-0.4373456,-1.6660173,-0.30144048,-0.16082415,-0.98303556,-0.08818538,-0.20593189,-1.3963732,-0.15358959,-0.23221903,-1.6459488,-0.22054729,-0.25478235,-1.8636367,-0.27319136,-0.005310417,-0.9524976,-0.116853535,-0.035202466,-1.340683,-0.19050689,-0.0622142,-1.576853,-0.24148872,-0.09283207,-1.7925234,-0.28131425,0.15655196,-0.8479812,-0.15905917,0.18346182,-1.1253036,-0.22794686,0.1975516,-1.3113258,-0.25753325,0.20366403,-1.490198,-0.27922896,HELLO
0.0,0.0,0.0,-0.24968319,-0.12281574,-0.14640589,-0.46564457,-0.33486503,-0.22842842,-0.61529535,-0.5655472,-0.29613796,-0.72190183,-0.81292367,-0.3569647,-0.33602706,-0.91788363,-0.09931049,-0.38948742,-1.2872127,-0.19095902,-0.40838742,-1.5113194,-0.27278602,-0.40989906,-1.7211181,-0.33402166,-0.16615123,-0.9811913,-0.09827224,-0.20122974,-1.4024377,-0.17002903,-0.21387404,-1.6604254,-0.23958965,-0.22276473,-1.893497,-0.29384515,-0.0030144446,-0.9522749,-0.119287655,-0.024777165,-1.338657,-0.19877224,-0.037950665,-1.5858601,-0.2500331,-0.054026876,-1.8149624,-0.28946123,0.16475967,-0.84884256,-0.15502335,0.1995565,-1.1309942,-0.22840273,0.22805198,-1.3226516,-0.2581993,0.25111273,-1.5131136,-0.27911386,HELLO
0.0,0.0,0.0,-0.2610743,-0.118671626,-0.14435911,-0.48540702,-0.33515334,-0.22764279,-0.64022505,-0.56734097,-0.29691845,-0.76245636,-0.8022267,-0.36035055,-0.3555389,-0.91418785,-0.10522298,-0.41842684,-1.2907072,-0.19974619,-0.44313195,-1.5219543,-0.28274062,-0.45146176,-1.7406487,-0.34467435,-0.18054417,-0.9776663,-0.10757439,-0.22175811,-1.4100665,-0.17992695,-0.23864225,-1.6729139,-0.24885572,-0.25429443,-1.9114057,-0.30322465,-0.013772658,-0.94849324,-0.13140686,-0.041570734,-1.3465273,-0.21067186,-0.058373958,-1.5997746,-0.25912547,-0.07967757,-1.8329511,-0.29712066,0.15495184,-0.8490458,-0.16982119,0.1794987,-1.14375,-0.24268097,0.20758602,-1.3385006,-0.2687392,0.23005839,-1.5273808,-0.28715247,HELLO
0.0,0.0,0.0,-0.27171448,-0.11871586,-0.15021122,-0.49446714,-0.32258627,-0.23519535,-0.64975023,-0.5501704,-0.30542022,-0.779348,-0.7750751,-0.36926827,-0.3622922,-0.91039264,-0.105184406,-0.4296746,-1.2878699,-0.19678038,-0.4635195,-1.5161134,-0.2788113,-0.4833571,-1.7314112,-0.34101155,-0.19132046,-0.97591275,-0.10483724,-0.23784088,-1.4080299,-0.17730547,-0.26721132,-1.6734468,-0.24830313,-0.29643843,-1.9143347,-0.30379018,-0.025696453,-0.9508864,-0.12670259,-0.0583296,-1.3561282,-0.20780486,-0.083096996,-1.6126345,-0.26138088,-0.11305733,-1.8469946,-0.30263337,0.14464918,-0.8553623,-0.16339579,0.17633274,-1.1417733,-0.23863952,0.20289248,-1.3371636,-0.26832712,0.22496353,-1.5279928,-0.28936502,HELLO
0.0,0.0,0.0,-0.2622361,-0.11021744,-0.15266038,-0.49540135,-0.30310485,-0.24099888,-0.6466053,-0.52764875,-0.31330007,-0.7592913,-0.7666698,-0.37836695,-0.36151057,-0.90407574,-0.12492978,-0.42683077,-1.2789804,-0.22233558,-0.45422423,-1.5063509,-0.30506185,-0.4651786,-1.7198447,-0.36774155,-0.19342291,-0.9732546,-0.123947695,-0.24332239,-1.3975766,-0.20462458,-0.26467782,-1.6566277,-0.27560824,-0.28458002,-1.8893447,-0.32998812,-0.024436021,-0.9516083,-0.14484683,-0.06235403,-1.3530377,-0.23585662,-0.085939124,-1.608059,-0.2940312,-0.11303262,-1.8420658,-0.336676,0.15350677,-0.85509026,-0.1800578,0.1937447,-1.1500804,-0.2677886,0.22272192,-1.3551171,-0.3086633,0.24056558,-1.5533774,-0.3362436,HELLO
0.0,0.0,0.0,-0.26421914,-0.10811216,-0.15370552,-0.4935312,-0.30627623,-0.24011113,-0.637893,-0.5396783,-0.31078497,-0.7408687,-0.7941115,-0.37342277,-0.3674117,-0.90332985,-0.11355841,-0.43399748,-1.2774645,-0.20974302,-0.4547369,-1.5073829,-0.2925952,-0.45594248,-1.7237524,-0.35464123,-0.20088018,-0.97333246,-0.11077488,-0.25290355,-1.4048687,-0.18424822,-0.27136314,-1.6617926,-0.25113398,-0.28492022,-1.8895725,-0.3036143,-0.036507048,-0.9483114,-0.13105276,-0.077601045,-1.352375,-0.21342668,-0.10066073,-1.5986965,-0.2659204,-0.126128,-1.8191358,-0.30664387,0.13892075,-0.8471054,-0.16677415,0.17319097,-1.1344584,-0.24481094,0.20329417,-1.3197151,-0.27868876,0.22347091,-1.494069,-0.30307737,HELLO
0.0,0.0,0.0,-0.25397232,-0.18225524,-0.14433138,-0.4557982,-0.42911792,-0.22089504,-0.56306386,-0.6945872,-0.28424302,-0.60694546,-0.9690557,-0.33893338,-0.24325472,-0.9664115,-0.08165115,-0.26681748,-1.3413041,-0.16921653,-0.2616957,-1.5700277,-0.24864294,-0.24220045,-1.7726189,-0.30755368,-0.06761073,-0.9947084,-0.077356264,-0.054543577,-1.4006664,-0.13828856,-0.036150564,-1.6407697,-0.19675201,-0.018308107,-1.8413677,-0.2423011,0.093068086,-0.93741053,-0.09725324,0.11426186,-1.3169563,-0.16343698,0.12425945,-1.5444108,-0.20022155,0.12885275,-1.7438765,-0.22909531,0.25110874,-0.80713034,-0.13333316,0.3104969,-1.0690488,-0.19466946,0.35273823,-1.237978,-0.21355805,0.38901064,-1.3919283,-0.2258087,HELLO
0.0,0.0,0.0,-0.21419781,-0.28961533,-0.11845014,-0.34458387,-0.62979645,-0.16999021,-0.37136903,-0.932833,-0.21238384,-0.37606862,-1.2020307,-0.24856979,-0.05318922,-1.0269865,-0.054026037,0.015513784,-1.3933117,-0.13571437,0.07356687,-1.6211578,-0.21022302,0.13137569,-1.8185439,-0.26578414,0.12868439,-0.9897537,-0.06186971,0.241617,-1.3950486,-0.11880623,0.32533583,-1.6299915,-0.17449129,0.39378163,-1.8228519,-0.21702914,0.27509433,-0.871028,-0.092050165,0.382849,-1.254124,-0.16423565,0.45202526,-1.4863642,-0.2035849,0.5110362,-1.6818653,-0.23139234,0.41371623,-0.67416835,-0.13546327,0.5356806,-0.90990955,-0.20805359,0.6216857,-1.0624697,-0.23048878,0.6963449,-1.1989881,-0.24267276,HELLO
0.0,0.0,0.0,-0.19956814,-0.31497112,-0.15679823,-0.3107093,-0.6663793,-0.23394412,-0.3131634,-0.9722428,-0.29443634,-0.2683476,-1.2525598,-0.34644052,0.042968083,-1.0449262,-0.10523528,0.15235618,-1.4070501,-0.19873658,0.24191678,-1.6244022,-0.27982405,0.3340992,-1.8065324,-0.3391976,0.23880772,-0.9659557,-0.099500895,0.39921382,-1.3564447,-0.16401841,0.5161752,-1.5859379,-0.22524345,0.61571544,-1.7771003,-0.27149713,0.38566276,-0.8049212,-0.11801241,0.53198487,-1.1822664,-0.19829598,0.62965006,-1.409252,-0.2457991,0.7131558,-1.6054026,-0.27910534,0.50221694,-0.5672552,-0.15176287,0.6454953,-0.7789058,-0.23260741,0.74816865,-0.91384244,-0.2607926,0.8404637,-1.035759,-0.27638352,HELLO
0.0,0.0,0.0,-0.176309,-0.30984986,-0.15472203,-0.2620408,-0.67178196,-0.2358442,-0.25439468,-0.9629209,-0.30125907,-0.20926262,-1.2258499,-0.36050615,0.14231518,-1.0247402,-0.127628,0.28192335,-1.386221,-0.2321517,0.38814276,-1.611252,-0.31907228,0.49034935,-1.7963114,-0.38170078,0.32344812,-0.93752253,-0.12819064,0.52235276,-1.3162218,-0.20734568,0.6649616,-1.5486264,-0.27668974,0.7872794,-1.7390791,-0.3281437,0.44908372,-0.77772886,-0.1516842,0.6448093,-1.1340686,-0.24447212,0.77347755,-1.3510609,-0.3044847,0.8814611,-1.5389347,-0.34599382,0.5363558,-0.54865307,-0.18969518,0.72116333,-0.72883743,-0.28056797,0.8498774,-0.837997,-0.3189875,0.9601656,-0.93673015,-0.34211433,HELLO
0.0,0.0,0.0,-0.1763428,-0.26404044,-0.10817257,-0.26947647,-0.5777246,-0.17461635,-0.299337,-0.8033753,-0.2331251,-0.32057992,-1.0148289,-0.28967,0.10389187,-1.0161015,-0.09492704,0.20690422,-1.3634019,-0.17846894,0.28675103,-1.5758069,-0.2541634,0.3662889,-1.754388,-0.31153473,0.2713146,-0.9556652,-0.11442186,0.44401872,-1.3205917,-0.17615208,0.5680925,-1.5295695,-0.23636222,0.679125,-1.70004,-0.28410184,0.39168313,-0.815681,-0.15133654,0.5639097,-1.1520363,-0.22202896,0.676993,-1.3434776,-0.27299634,0.77902526,-1.5120816,-0.31296903,0.47520047,-0.609899,-0.19977652,0.6496883,-0.7986971,-0.26768383,0.7720686,-0.9131245,-0.2948736,0.8849214,-1.0228357,-0.31390297,HELLO
0.0,0.0,0.0,-0.20758252,-0.21756892,-0.13285817,-0.3579053,-0.49172014,-0.21584685,-0.43820542,-0.7143105,-0.28476945,-0.48782477,-0.9291218,-0.3502507,-0.04333069,-1.0000842,-0.13251807,0.023804482,-1.3587282,-0.22184859,0.08114504,-1.5820247,-0.30161935,0.14180699,-1.770816,-0.36068088,0.12955233,-0.98190904,-0.1380973,0.2515074,-1.3723603,-0.20604126,0.3423974,-1.6090565,-0.27049252,0.42704672,-1.8092332,-0.3214515,0.26656836,-0.8804638,-0.16101742,0.39466652,-1.2456077,-0.23938182,0.48223135,-1.4664614,-0.3004166,0.55896556,-1.6601686,-0.34701464,0.37393853,-0.7065954,-0.19602273,0.52794677,-0.92624664,-0.27876255,0.6422237,-1.0570816,-0.31779397,0.7467791,-1.1802217,-0.3429332,HELLO
0.0,0.0,0.0,-0.22680528,-0.16425572,-0.13243827,-0.40577206,-0.4079735,-0.2144959,-0.5171796,-0.6234847,-0.28228402,-0.60467196,-0.82565266,-0.34672102,-0.15268657,-0.9637544,-0.13225304,-0.15012486,-1.3381199,-0.22393678,-0.13294357,-1.5714283,-0.30230474,-0.1044983,-1.7695336,-0.35965446,0.019503063,-0.99035156,-0.13719876,0.081710085,-1.4168237,-0.20666733,0.13321859,-1.6740636,-0.26926002,0.18364242,-1.888164,-0.31755525,0.16882811,-0.9241389,-0.15945926,0.24175759,-1.3183169,-0.2373729,0.2945094,-1.5619746,-0.29209384,0.34101644,-1.7733573,-0.33337885,0.30461136,-0.77904075,-0.1938255,0.41824722,-1.0274594,-0.2728379,0.50423074,-1.1870884,-0.30596808,0.5799619,-1.3344742,-0.32661617,HELLO
0.0,0.0,0.0,-0.23982751,-0.1668698,-0.11167631,-0.44713753,-0.39730847,-0.17834893,-0.59230775,-0.58756447,-0.23544925,-0.70577115,-0.76472414,-0.29017633,-0.26335326,-0.9395715,-0.089012735,-0.31829983,-1.3096708,-0.1704833,-0.33413783,-1.5406275,-0.2436223,-0.33422554,-1.7432921,-0.29883084,-0.09339176,-0.9905564,-0.10037919,-0.09780469,-1.4082966,-0.16272353,-0.09116855,-1.6716996,-0.2264838,-0.08301947,-1.8966771,-0.27657565,0.061551318,-0.95312136,-0.12912968,0.06806477,-1.3345973,-0.20008755,0.072337545,-1.5822929,-0.25782296,0.07179885,-1.799631,-0.30306265,0.20811656,-0.8407007,-0.16863957,0.2761458,-1.083181,-0.24093337,0.32439342,-1.2576834,-0.27667478,0.36390442,-1.4273072,-0.30196938,HELLO
0.0,0.0,0.0,-0.2609434,-0.111705475,-0.13495299,-0.50114536,-0.29316705,-0.21909894,-0.69363064,-0.45385066,-0.2917268,-0.84774137,-0.60232055,-0.36347514,-0.3464662,-0.9034031,-0.12169903,-0.44186902,-1.2736213,-0.21463495,-0.4915667,-1.5079203,-0.29486728,-0.5179808,-1.7155118,-0.35574067,-0.17303291,-0.9762468,-0.13039137,-0.22261512,-1.410981,-0.20582373,-0.24654686,-1.6874468,-0.27791825,-0.25709644,-1.928207,-0.33418423,-0.0014513467,-0.95025784,-0.15802123,-0.023227977,-1.3561169,-0.24561894,-0.045333102,-1.6169782,-0.31363904,-0.06656613,-1.8518426,-0.36490396,0.17310713,-0.84713054,-0.19733843,0.24111323,-1.1176714,-0.28355184,0.2811588,-1.3073084,-0.32658336,0.3097909,-1.4918182,-0.35642144,HELLO
0.0,0.0,0.0,-0.3108993,-0.045914255,-0.17645286,-0.59698457,-0.15912218,-0.29849914,-0.8236898,-0.2815731,-0.40379578,-1.0288352,-0.4036087,-0.5122944,-0.4382804,-0.8490799,-0.22689013,-0.5746043,-1.254264,-0.3589742,-0.6512856,-1.5254776,-0.4606281,-0.7061735,-1.7684907,-0.5371074,-0.23611459,-0.9419948,-0.2385282,-0.31935287,-1.4236106,-0.35104552,-0.36608434,-1.7385362,-0.4437604,-0.40063483,-2.0196023,-0.5162958,-0.031084642,-0.9240293,-0.26910993,-0.08735003,-1.3873904,-0.40144324,-0.1301194,-1.6856639,-0.49366632,-0.16920061,-1.9543874,-0.5604266,0.18203588,-0.8197313,-0.31233302,0.26256523,-1.1276768,-0.44880638,0.31690523,-1.3387563,-0.5168131,0.35718584,-1.5391146,-0.56146556,HELLO
0.0,0.0,0.0,-0.3205308,-0.04197029,-0.17558083,-0.61344385,-0.17195317,-0.29432628,-0.85074395,-0.28512442,-0.3985312,-1.0767059,-0.35247108,-0.5088447,-0.44746712,-0.8376897,-0.2345863,-0.59516054,-1.2474679,-0.37343106,-0.68368477,-1.5246973,-0.4803132,-0.7496513,-1.7770718,-0.5617027,-0.24007347,-0.93828255,-0.24897908,-0.3242662,-1.4182029,-0.3655259,-0.36514348,-1.7378085,-0.45923746,-0.39238805,-2.0290592,-0.5345002,-0.029205164,-0.9271764,-0.28213286,-0.08156107,-1.3905367,-0.42149395,-0.116117366,-1.6867644,-0.51274097,-0.14605561,-1.9567626,-0.5790045,0.19105218,-0.82520866,-0.32837522,0.2905867,-1.1281716,-0.47194695,0.3595918,-1.3382081,-0.5411653,0.41311014,-1.5392138,-0.5870819,HELLO
0.0,0.0,0.0,-0.29192603,-0.08035597,-0.15063646,-0.5694767,-0.23730195,-0.24664354,-0.8022317,-0.35090333,-0.3320812,-1.0112284,-0.42221293,-0.4223379,-0.409213,-0.8617932,-0.18185554,-0.53694636,-1.2633026,-0.29606178,-0.61004364,-1.5341157,-0.38517016,-0.6633928,-1.7787308,-0.4547486,-0.21147376,-0.9569256,-0.19892778,-0.27399123,-1.4217944,-0.29416612,-0.30264312,-1.7280633,-0.37783,-0.32027563,-2.0010366,-0.44561693,-0.009471457,-0.9426365,-0.2336629,-0.044742342,-1.3837979,-0.35386565,-0.06982698,-1.6639646,-0.44046766,-0.093833156,-1.9189016,-0.50373936,0.20012169,-0.8399007,-0.27978966,0.3036066,-1.1323215,-0.40382898,0.38448507,-1.3300517,-0.46537557,0.4490163,-1.5142698,-0.50717723,HELLO
0.0,0.0,0.0,-0.2412997,-0.1332561,-0.1483146,-0.44571662,-0.31540397,-0.25167447,-0.6182069,-0.4624267,-0.34395772,-0.78325194,-0.57957953,-0.43762282,-0.2637765,-0.9249024,-0.17379035,-0.33271652,-1.3189464,-0.28963724,-0.3574146,-1.5745428,-0.3811316,-0.3649264,-1.8010966,-0.44848362,-0.081014514,-0.9789521,-0.18732153,-0.08857629,-1.4342309,-0.28811064,-0.07517788,-1.7290062,-0.3737739,-0.05973635,-1.9926254,-0.43741396,0.09276789,-0.93627286,-0.21870457,0.10508829,-1.3686646,-0.33577284,0.1184481,-1.644615,-0.42180413,0.12505737,-1.8918824,-0.48067486,0.2626978,-0.812569,-0.26121706,0.38979927,-1.0968188,-0.37444672,0.48585698,-1.2868919,-0.43241042,0.56149364,-1.4644792,-0.46959734,HELLO
0.0,0.0,0.0,-0.23517127,-0.14669888,-0.13333598,-0.44546512,-0.3724959,-0.20620368,-0.60667765,-0.5784189,-0.2669478,-0.7370669,-0.768158,-0.3225482,-0.28850102,-0.9302247,-0.092471994,-0.35685164,-1.2929957,-0.17477001,-0.3903845,-1.5195884,-0.24791853,-0.4056455,-1.7217712,-0.30313,-0.12351511,-0.9878832,-0.09397278,-0.15085737,-1.4032886,-0.15763699,-0.1604633,-1.6622596,-0.21886817,-0.16795053,-1.8875803,-0.26681513,0.035301473,-0.95727247,-0.11615752,0.028483365,-1.3388056,-0.19031161,0.018122615,-1.5835781,-0.24246565,0.0030881637,-1.799523,-0.2823085,0.19354518,-0.85446805,-0.15199617,0.26982117,-1.1126693,-0.22034463,0.32544944,-1.2937019,-0.25120205,0.37156826,-1.4641614,-0.2732618,HELLO
0.0,0.0,0.0,-0.2545411,-0.17040892,-0.11897186,-0.47761223,-0.42845693,-0.1823373,-0.6359225,-0.6616659,-0.23592779,-0.75273436,-0.8716114,-0.28352863,-0.27832538,-0.94646037,-0.07540247,-0.33941334,-1.3167398,-0.1542199,-0.3594981,-1.5431994,-0.22339979,-0.36296293,-1.7379797,-0.27552623,-0.106345005,-0.9908596,-0.08299348,-0.12845832,-1.4083624,-0.14507347,-0.12588847,-1.6618896,-0.20269515,-0.12176192,-1.8726826,-0.24631086,0.0610946,-0.95112586,-0.1111162,0.047093257,-1.3454039,-0.1878578,0.041461002,-1.5888535,-0.23738165,0.03262621,-1.7976819,-0.27271378,0.23003179,-0.8401082,-0.15091078,0.3010236,-1.1079746,-0.22150692,0.3502555,-1.2945775,-0.251766,0.3901359,-1.4684569,-0.2720812,HELLO
0.0,0.0,0.0,-0.30357414,-0.18926112,-0.103023425,-0.53585,-0.47611755,-0.14138985,-0.69242376,-0.7622115,-0.17608312,-0.77075714,-1.0183723,-0.20245981,-0.28500664,-0.9618274,0.0127393985,-0.34154597,-1.3380554,-0.04395619,-0.35085487,-1.5606742,-0.10474121,-0.34424087,-1.761768,-0.15391658,-0.1027037,-0.99469745,0.005369196,-0.12038376,-1.422265,-0.032669254,-0.11320441,-1.673477,-0.08015748,-0.10465854,-1.886687,-0.11875554,0.073446676,-0.9447199,-0.027907819,0.0524845,-1.3467516,-0.08935728,0.04283472,-1.591019,-0.13255773,0.033005524,-1.8049825,-0.16478686,0.25874615,-0.8261378,-0.07363343,0.32363397,-1.1002201,-0.1356135,0.36256894,-1.281046,-0.16416542,0.39300978,-1.4594263,-0.18511182,HELLO
0.0,0.0,0.0,-0.3237401,-0.20168582,-0.10206724,-0.56956625,-0.50314915,-0.121722534,-0.7240712,-0.8152302,-0.14024839,-0.7822208,-1.0935059,-0.14718837,-0.30288395,-0.9550975,0.0979616,-0.3476128,-1.3245746,0.07596399,-0.3501264,-1.5459243,0.030595789,-0.33900887,-1.7389683,-0.0091844695,-0.10848941,-0.98893553,0.10117589,-0.1253381,-1.4058341,0.101247065,-0.11422964,-1.6545881,0.066217974,-0.102886304,-1.8612545,0.036027577,0.07444013,-0.9455695,0.07328736,0.049777303,-1.3354601,0.045048553,0.03935099,-1.573994,0.013773655,0.03138311,-1.7801077,-0.011128212,0.2713252,-0.8372846,0.03028979,0.32423842,-1.1041998,-0.0030281327,0.3553493,-1.2757324,-0.018312985,0.38496402,-1.4441633,-0.030581744,HELLO
0.0,0.0,0.0,-0.34246758,-0.19803585,-0.105090596,-0.5884616,-0.47149283,-0.13622417,-0.7395883,-0.77471393,-0.1642239,-0.8139303,-1.0538814,-0.18418492,-0.3329247,-0.9548466,0.046260353,-0.37959576,-1.3274235,-0.0070116087,-0.38600418,-1.5547309,-0.07247231,-0.3778551,-1.756384,-0.12398207,-0.12357939,-0.99152064,0.040186856,-0.13197348,-1.414557,0.003998301,-0.12480291,-1.6740315,-0.054373432,-0.11680843,-1.8909461,-0.098786406,0.07044084,-0.9499863,0.005942165,0.05531768,-1.3467189,-0.05544799,0.042033724,-1.6072859,-0.1042168,0.02918071,-1.8343377,-0.13763392,0.27159548,-0.835586,-0.040773436,0.3241551,-1.1134268,-0.098823294,0.35265985,-1.2949052,-0.120918594,0.37632418,-1.4704349,-0.13536383,HELLO
0.0,0.0,0.0,-0.32116058,-0.17106934,-0.081804,-0.5609099,-0.43715274,-0.09907581,-0.7117745,-0.7102226,-0.11796476,-0.8054413,-0.941361,-0.1300129,-0.2645145,-0.96050483,0.073682904,-0.31685543,-1.3263541,0.05365646,-0.33282867,-1.5448465,0.009377448,-0.33211315,-1.7360716,-0.03160085,-0.0889371,-0.99419665,0.06052424,-0.107696705,-1.4221382,0.050683506,-0.11112287,-1.6809427,0.0077813477,-0.103505224,-1.8883268,-0.030310119,0.08183378,-0.958202,0.020591203,0.07858404,-1.3704399,-0.018199308,0.06704518,-1.6291991,-0.06817996,0.057648826,-1.8543183,-0.10733434,0.2669811,-0.8601481,-0.03151221,0.34749725,-1.154978,-0.07824763,0.38390377,-1.363721,-0.11143454,0.40835553,-1.5693564,-0.13768065,HELLO
0.0,0.0,0.0,-0.30813622,-0.114181235,-0.10726965,-0.54769415,-0.3602801,-0.1506138,-0.7045935,-0.6063015,-0.18827684,-0.8115362,-0.8185754,-0.21956055,-0.31253302,-0.9304756,-0.016211996,-0.37639457,-1.3027723,-0.072924085,-0.39736664,-1.5370946,-0.13463244,-0.40376237,-1.7452275,-0.18383405,-0.1369665,-0.9902778,-0.024289303,-0.16899262,-1.4210835,-0.06494715,-0.18653409,-1.69256,-0.11753505,-0.20147,-1.9200718,-0.15961689,0.035124347,-0.9675416,-0.05534149,0.008971856,-1.3788092,-0.112250544,-0.02120587,-1.644594,-0.16016692,-0.053477906,-1.8688946,-0.19631673,0.21263362,-0.8760864,-0.09915291,0.26204628,-1.1783876,-0.15435436,0.28073028,-1.389363,-0.18218175,0.288045,-1.5859132,-0.20286293,HELLO
0.0,0.0,0.0,-0.25642648,-0.19239546,-0.13538907,-0.45895526,-0.4976073,-0.19251417,-0.5764065,-0.7873972,-0.23694491,-0.6381318,-1.0387348,-0.2729239,-0.14320908,-1.005221,-0.061804835,-0.15821773,-1.3924024,-0.12898117,-0.15373783,-1.6306992,-0.19496712,-0.1406461,-1.8257165,-0.24319635,0.0334242,-0.99800634,-0.05353722,0.079077,-1.4062922,-0.09220525,0.098722324,-1.6441082,-0.13616936,0.11551589,-1.8273485,-0.16979305,0.18947197,-0.9186427,-0.0682495,0.24936867,-1.2721857,-0.113763325,0.27147725,-1.4914626,-0.14541216,0.28913823,-1.6788585,-0.1709242,0.3289299,-0.76713806,-0.09926974,0.4269768,-0.9990426,-0.14755325,0.4872004,-1.1499128,-0.16389464,0.54068965,-1.2895327,-0.17352755,HELLO
0.0,0.0,0.0,-0.22931059,-0.26477867,-0.1346903,-0.39294124,-0.58002967,-0.20982257,-0.4701757,-0.87061125,-0.2740472,-0.50969064,-1.1468388,-0.33362913,-0.054856118,-1.0127527,-0.10573437,-0.001671988,-1.3962293,-0.20336758,0.05239879,-1.6333456,-0.28674528,0.11244318,-1.8402383,-0.34869272,0.12710796,-0.9850732,-0.11607936,0.2261594,-1.4043394,-0.19392148,0.29854557,-1.6628109,-0.26356572,0.36517197,-1.8823432,-0.31532532,0.27585974,-0.86954004,-0.14762424,0.3834041,-1.2649783,-0.24105081,0.45511308,-1.5160254,-0.30473912,0.51901096,-1.7430464,-0.35003373,0.40750143,-0.6727268,-0.19174394,0.5543991,-0.88217425,-0.28861886,0.6594195,-1.0280181,-0.3341426,0.75472224,-1.1696293,-0.36235684,HELLO
0.0,0.0,0.0,-0.20431039,-0.20930481,-0.13634345,-0.3481697,-0.49972263,-0.22152667,-0.4357861,-0.7542405,-0.29495123,-0.52845293,-0.97153145,-0.36625338,-0.049584612,-0.9857087,-0.12427052,-0.03156915,-1.3575361,-0.22028805,-0.00013946863,-1.5926145,-0.30416155,0.047580633,-1.7949576,-0.36806074,0.12627757,-0.98278105,-0.13489029,0.21619189,-1.3976253,-0.20942578,0.28661045,-1.6575536,-0.27805823,0.3551652,-1.8787395,-0.33224535,0.27330756,-0.8780127,-0.16461642,0.37996906,-1.262671,-0.24819247,0.45581138,-1.4935424,-0.30696592,0.5255811,-1.7018907,-0.3526637,0.40042558,-0.6932874,-0.20780185,0.54561895,-0.913828,-0.28830382,0.6506551,-1.0548589,-0.32405928,0.7460633,-1.1913577,-0.34953558,HELLO
0.0,0.0,0.0,-0.24146219,-0.15019484,-0.14337106,-0.43920946,-0.38345903,-0.23243341,-0.57195777,-0.5944339,-0.3098962,-0.70559186,-0.77439296,-0.3859246,-0.21632934,-0.9370844,-0.13686942,-0.26515868,-1.3020543,-0.2374925,-0.2844129,-1.5436424,-0.32156184,-0.28046003,-1.7638988,-0.38674697,-0.03698034,-0.9884749,-0.14679831,-0.029891457,-1.4246396,-0.22856869,-0.014484948,-1.7023127,-0.3007227,0.011131739,-1.9520342,-0.35771617,0.13294445,-0.9270828,-0.17613594,0.16631913,-1.3404254,-0.2725261,0.19799289,-1.5901694,-0.3377671,0.22932827,-1.819871,-0.38547036,0.30097085,-0.7805177,-0.21858315,0.41909504,-1.0447036,-0.31082043,0.5090112,-1.2178096,-0.35426667,0.5890274,-1.3864951,-0.38397864,HELLO
0.0,0.0,0.0,-0.2577026,-0.11767025,-0.12762152,-0.4942115,-0.2996061,-0.21327351,-0.6705592,-0.4661323,-0.2894112,-0.82994616,-0.6006603,-0.36686897,-0.344775,-0.9046795,-0.12659854,-0.4388067,-1.2595876,-0.22528175,-0.48864076,-1.4839628,-0.30925018,-0.51845616,-1.6922363,-0.37399557,-0.16848826,-0.9751243,-0.14402862,-0.21710998,-1.4044331,-0.22494341,-0.24564359,-1.6718676,-0.2998117,-0.26790962,-1.9129102,-0.35904253,0.006721241,-0.9425138,-0.17939982,-0.011613248,-1.335713,-0.26967096,-0.033960506,-1.5881937,-0.33626422,-0.05874189,-1.8192089,-0.38721317,0.1832869,-0.83296615,-0.22648668,0.24870533,-1.102587,-0.31212088,0.28843248,-1.2854608,-0.35358745,0.3167073,-1.4631295,-0.3837477,HELLO
0.0,0.0,0.0,-0.26798055,-0.09377614,-0.1370971,-0.5165517,-0.26909405,-0.2258229,-0.69950306,-0.4344154,-0.30355498,-0.8689824,-0.57398295,-0.3827514,-0.39205083,-0.88675666,-0.14387585,-0.50463444,-1.2432297,-0.2520262,-0.57065135,-1.4687524,-0.34182915,-0.6175321,-1.680358,-0.41012025,-0.21539256,-0.96316695,-0.16098274,-0.29254085,-1.3931676,-0.25386566,-0.3390781,-1.6739888,-0.3373031,-0.38034177,-1.9274875,-0.4019317,-0.03603776,-0.93783796,-0.19632882,-0.08175416,-1.3355708,-0.3010797,-0.1199184,-1.5869972,-0.3724348,-0.16109629,-1.8212864,-0.42468432,0.14648938,-0.8343418,-0.24327888,0.19479045,-1.1133361,-0.341408,0.22681186,-1.3030715,-0.3858928,0.24848957,-1.490044,-0.416951,HELLO
0.0,0.0,0.0,-0.24463098,-0.12531202,-0.12293194,-0.46629068,-0.32027534,-0.20370439,-0.63755864,-0.49480885,-0.2771885,-0.80002195,-0.6339822,-0.34954572,-0.336209,-0.90876216,-0.110751726,-0.43598968,-1.2645398,-0.21045953,-0.48200318,-1.4918162,-0.29459524,-0.50590366,-1.6941365,-0.35692132,-0.16750932,-0.9775183,-0.12805703,-0.22561215,-1.3971746,-0.20977628,-0.25407794,-1.6672873,-0.28428605,-0.27526847,-1.9009529,-0.34021536,0.00771343,-0.95457387,-0.16387253,-0.0218333,-1.3523097,-0.25514826,-0.04025372,-1.5961947,-0.31805333,-0.06364199,-1.814441,-0.36334673,0.19062664,-0.84957427,-0.21117507,0.25665683,-1.1195283,-0.29560703,0.2964569,-1.3012297,-0.33389956,0.32273963,-1.4726752,-0.35944787,HELLO
0.0,0.0,0.0,-0.24107008,-0.122094415,-0.15149607,-0.43780884,-0.32850847,-0.24097495,-0.5729503,-0.5251401,-0.31576896,-0.71091956,-0.70775944,-0.38742855,-0.2614283,-0.9228029,-0.14494632,-0.32381895,-1.3001059,-0.24495971,-0.34679645,-1.5437372,-0.32832587,-0.3530887,-1.7654924,-0.39081106,-0.08942511,-0.98492694,-0.14806119,-0.104038775,-1.4222777,-0.22738606,-0.096733905,-1.7011578,-0.29793525,-0.08597449,-1.9483277,-0.35336012,0.07753444,-0.9453545,-0.1710126,0.07883752,-1.3495305,-0.26332688,0.085632935,-1.6056024,-0.32686135,0.08799971,-1.8358567,-0.37391448,0.24478367,-0.8254773,-0.20801176,0.33576697,-1.0979998,-0.2951605,0.4043912,-1.2764734,-0.3345947,0.46034366,-1.4427153,-0.3617982,HELLO
0.0,0.0,0.0,-0.21684046,-0.1480257,-0.15775125,-0.39006197,-0.36711976,-0.25071096,-0.4964978,-0.5792417,-0.32701346,-0.5920064,-0.79108745,-0.39858514,-0.1801438,-0.9461544,-0.14742452,-0.20657411,-1.3184603,-0.24648704,-0.20823261,-1.556555,-0.33087498,-0.19386306,-1.7696412,-0.3942581,-0.010271157,-0.9893243,-0.14536847,0.00741765,-1.4119421,-0.22408842,0.038168345,-1.6792015,-0.29317185,0.0725537,-1.911117,-0.34723362,0.14563036,-0.9340592,-0.16387804,0.17843291,-1.3212222,-0.25183365,0.20763269,-1.5713718,-0.31318814,0.23369496,-1.7965773,-0.35994554,0.29591575,-0.80010563,-0.1975407,0.39970413,-1.0443902,-0.28320673,0.4788905,-1.2121122,-0.3245339,0.5497614,-1.3727589,-0.35291582,HELLO
0.0,0.0,0.0,-0.20385002,-0.16013557,-0.17096853,-0.3553904,-0.4069824,-0.26621327,-0.44148037,-0.65178823,-0.3423148,-0.53619796,-0.87346876,-0.41301385,-0.14217508,-0.9576545,-0.15307026,-0.14787284,-1.3295054,-0.25293612,-0.12974775,-1.5681574,-0.33724716,-0.09599401,-1.7785741,-0.40039364,0.026809871,-0.9894241,-0.14255194,0.07965526,-1.4036934,-0.22123782,0.12961175,-1.6622585,-0.29056403,0.17872411,-1.890329,-0.34479624,0.17236942,-0.9213463,-0.15376705,0.23918709,-1.3006943,-0.24215601,0.2889968,-1.5393988,-0.30571052,0.3326425,-1.7593596,-0.35371667,0.30691913,-0.77542216,-0.18110488,0.43062234,-1.0110027,-0.2674151,0.52705795,-1.1593642,-0.31007427,0.6126077,-1.3021308,-0.33951953,HELLO
0.0,0.0,0.0,-0.18695888,-0.20810665,-0.13011512,-0.32700264,-0.48937342,-0.1998832,-0.40660492,-0.722518,-0.2579029,-0.4655427,-0.9500055,-0.311476,-0.06703017,-0.9854719,-0.09721089,-0.047729053,-1.3403397,-0.18405221,-0.01646722,-1.565131,-0.26054877,0.027899163,-1.7581186,-0.31771493,0.09833133,-0.98999196,-0.101226576,0.17465056,-1.3882146,-0.17002328,0.23905727,-1.6394671,-0.23444109,0.2981991,-1.8532064,-0.28374425,0.23655401,-0.9023398,-0.12555364,0.3230699,-1.2666821,-0.2057048,0.3848266,-1.5013868,-0.26329514,0.43504465,-1.7067096,-0.30558348,0.36143097,-0.7358502,-0.16280325,0.49651518,-0.95745945,-0.2391596,0.5905465,-1.102624,-0.27438262,0.6677898,-1.23687,-0.2983598,HELLO
0.0,0.0,0.0,-0.17594628,-0.25216305,-0.14332476,-0.2880199,-0.5795343,-0.21986997,-0.3514608,-0.8505394,-0.28316075,-0.39010945,-1.1062312,-0.34161377,0.023572044,-1.0021166,-0.11144035,0.086885735,-1.3654062,-0.20648697,0.1427283,-1.5906569,-0.2886152,0.20515735,-1.7861121,-0.35003164,0.1916396,-0.97486734,-0.11361342,0.31535664,-1.376204,-0.18906794,0.4069637,-1.6203887,-0.25700462,0.48979497,-1.8322763,-0.3087517,0.32459372,-0.8591603,-0.13720287,0.4569235,-1.2362242,-0.22539464,0.5495282,-1.4608415,-0.28347453,0.6290051,-1.6631498,-0.32545987,0.43320924,-0.6687236,-0.17458023,0.5958011,-0.875995,-0.25791347,0.7141353,-1.0081025,-0.29408488,0.8180661,-1.132242,-0.3182481,HELLO
0.0,0.0,0.0,-0.17845888,-0.26142013,-0.13697757,-0.29937267,-0.5924695,-0.20786537,-0.36713496,-0.8665646,-0.2658696,-0.3958349,-1.1172683,-0.31817564,0.013155017,-1.0122247,-0.09554224,0.08031776,-1.3751544,-0.18231066,0.13925904,-1.5962284,-0.25758955,0.20475164,-1.7820514,-0.31368646,0.1820832,-0.97856504,-0.09620919,0.30848777,-1.3657562,-0.16649032,0.40230778,-1.6012952,-0.23095682,0.48701012,-1.8051034,-0.27943027,0.31377605,-0.86231416,-0.11828254,0.45337456,-1.2182893,-0.20372778,0.55013293,-1.4444257,-0.26290897,0.631326,-1.6450027,-0.3051538,0.42058647,-0.6723555,-0.15321496,0.58697903,-0.8576161,-0.2364532,0.7067621,-0.984366,-0.2744618,0.81194884,-1.1038784,-0.2988174,HELLO
0.0,0.0,0.0,-0.18871066,-0.25979468,-0.10653737,-0.32156506,-0.61482567,-0.15654956,-0.40536013,-0.88704467,-0.20079899,-0.4759998,-1.0950137,-0.243038,-0.02375837,-1.0137888,-0.053928595,0.0098471455,-1.3659304,-0.12753257,0.043760374,-1.5872487,-0.19777888,0.08376439,-1.7825783,-0.2537273,0.13485521,-0.9884861,-0.06862381,0.23135094,-1.3692358,-0.13099702,0.30473575,-1.610935,-0.19398747,0.37224033,-1.822573,-0.24306513,0.26262444,-0.8816008,-0.10366276,0.37195158,-1.2256585,-0.18369688,0.44542608,-1.4567249,-0.24679437,0.5076488,-1.6674575,-0.29333818,0.37224302,-0.7042629,-0.1497265,0.5299647,-0.8903391,-0.2279952,0.64063185,-1.0257746,-0.26925534,0.7383021,-1.1629941,-0.29920045,HELLO
0.0,0.0,0.0,-0.20837939,-0.24372773,-0.11428078,-0.36461,-0.56890017,-0.17067493,-0.46913448,-0.8209496,-0.2193062,-0.5403813,-1.0382664,-0.26560587,-0.08329232,-1.0011511,-0.0724261,-0.0614661,-1.3593572,-0.15103841,-0.037025556,-1.5865564,-0.22203484,-0.006691804,-1.7837187,-0.27731013,0.082209714,-0.993113,-0.08347634,0.16059741,-1.388829,-0.14950682,0.21657744,-1.6411384,-0.21372335,0.2651608,-1.863369,-0.26260826,0.22208703,-0.89914423,-0.11418183,0.30695724,-1.261575,-0.1963598,0.3664593,-1.5008059,-0.2581462,0.41451493,-1.7159508,-0.3029551,0.34619305,-0.73083735,-0.15592238,0.4841273,-0.9318465,-0.23619263,0.5822158,-1.0746099,-0.2760197,0.66860425,-1.2139248,-0.30344674,HELLO
0.0,0.0,0.0,-0.23265173,-0.21787122,-0.11673188,-0.4203841,-0.51364297,-0.17838459,-0.537042,-0.7613019,-0.23040704,-0.6226839,-0.98284847,-0.27972028,-0.13849147,-0.9958104,-0.081095465,-0.14373031,-1.3654858,-0.15732203,-0.13901086,-1.5910516,-0.22611883,-0.12427176,-1.787683,-0.27922678,0.033769276,-0.9951233,-0.0926779,0.08942612,-1.4097943,-0.15481286,0.12504043,-1.6703947,-0.21739279,0.15473238,-1.8950367,-0.26568612,0.17784546,-0.9109425,-0.12369498,0.25218427,-1.2889357,-0.20412087,0.289027,-1.5409627,-0.26933387,0.31424117,-1.7648666,-0.317222,0.3048143,-0.755763,-0.16523579,0.4302285,-0.9725048,-0.24746758,0.5111934,-1.1287307,-0.2905962,0.57985824,-1.2810777,-0.3201669,HELLO
0.0,0.0,0.0,-0.23484316,-0.18216377,-0.12219547,-0.43786073,-0.45693475,-0.18857571,-0.5766493,-0.70083916,-0.245249,-0.67004895,-0.9262179,-0.2987342,-0.1679559,-0.98428005,-0.086737595,-0.18552431,-1.3608336,-0.16674715,-0.18450816,-1.5911622,-0.23823224,-0.17069562,-1.7904521,-0.29371384,0.0013131889,-0.9953278,-0.09654492,0.035607923,-1.4226565,-0.16119905,0.0621537,-1.6902379,-0.22473477,0.08778524,-1.915581,-0.2747556,0.15221328,-0.9207804,-0.12662828,0.21112849,-1.3159494,-0.20664202,0.23739018,-1.563803,-0.26722926,0.25475624,-1.7853769,-0.31330794,0.29407796,-0.77297884,-0.16833673,0.41215974,-0.99977857,-0.24804707,0.48655093,-1.1650947,-0.2894013,0.5497695,-1.3279605,-0.31920156,HELLO
0.0,0.0,0.0,-0.24247126,-0.17322518,-0.1202647,-0.45019087,-0.43803415,-0.18775968,-0.58779866,-0.68041134,-0.24591494,-0.6877761,-0.89831585,-0.30137077,-0.18750548,-0.96969527,-0.09498628,-0.21203828,-1.3500763,-0.1775582,-0.21885495,-1.58718,-0.24997686,-0.21383403,-1.7886224,-0.30542293,-0.018144034,-0.99410427,-0.1068995,0.011725215,-1.4253932,-0.1747991,0.03305537,-1.7027014,-0.23837718,0.05365653,-1.9325085,-0.28690407,0.13637158,-0.93127084,-0.13823408,0.18696278,-1.3285017,-0.22031818,0.20717451,-1.5854518,-0.28424084,0.22030784,-1.8095582,-0.33200294,0.2839194,-0.7912528,-0.1807835,0.40703985,-1.0126996,-0.26282132,0.48050785,-1.180963,-0.30707803,0.5425992,-1.343735,-0.3381127,HELLO
0.0,0.0,0.0,-0.23698011,-0.1700251,-0.12503241,-0.43860048,-0.421976,-0.19939418,-0.5877634,-0.6488634,-0.26433706,-0.7011669,-0.8618754,-0.32656574,-0.20344755,-0.9680209,-0.1055216,-0.2393879,-1.3459886,-0.19218664,-0.2503219,-1.5811179,-0.26618114,-0.24888127,-1.786315,-0.3234088,-0.033712607,-0.9925416,-0.11715248,-0.018463578,-1.4204053,-0.19050679,-0.0019756898,-1.695599,-0.25541294,0.01121611,-1.928794,-0.3054465,0.123959586,-0.9287254,-0.1486226,0.1622125,-1.3266844,-0.2362063,0.17510314,-1.5828483,-0.30202517,0.17707199,-1.8154123,-0.35137638,0.276407,-0.7885041,-0.1914615,0.40127364,-1.0150424,-0.27750373,0.46841854,-1.1902531,-0.3257729,0.51657254,-1.3645861,-0.36060876,HELLO
